#! FIELDS time psi11 phi10 alpha
#! SET min_psi11 -pi
#! SET max_psi11 pi
#! SET min_phi10 -pi
#! SET max_phi10 pi
 0.000000 -0.497002 3.046051 0.003126
 1.000000 -0.323118 2.907793 0.005835
 2.000000 -0.287606 -3.140975 0.007366
 3.000000 -0.368308 -2.958441 0.006792
 4.000000 -0.135350 -2.947065 0.007329
 5.000000 -0.345295 2.613309 0.002792
 6.000000 1.306797 -2.941841 0.003087
 7.000000 -0.438319 2.863073 0.002579
 8.000000 -0.353790 -2.883687 0.002869
 9.000000 1.126524 2.611437 0.003668
 10.000000 1.045396 -2.998568 0.002814
 11.000000 -0.280659 2.963246 0.003640
 12.000000 1.023998 -2.919234 0.002349
 13.000000 -0.295815 2.639149 0.003052
 14.000000 1.536498 -3.053273 0.002991
 15.000000 1.216998 2.886486 0.002729
 16.000000 1.392489 -3.035936 0.003570
 17.000000 -0.257692 -3.129858 0.003974
 18.000000 1.012621 2.775200 0.002967
 19.000000 -0.398410 2.775608 0.003559
 20.000000 -0.445932 2.814753 0.003922
 21.000000 -0.446866 2.837673 0.003246
 22.000000 -0.335472 3.017191 0.002791
 23.000000 -0.257704 3.079629 0.002798
 24.000000 1.052376 2.569753 0.002618
 25.000000 -0.333555 -3.092432 0.003366
 26.000000 1.287934 -2.933286 0.002741
 27.000000 -0.179306 2.612459 0.002542
 28.000000 1.815060 2.455852 0.002913
 29.000000 -0.452256 2.350951 0.002599
 30.000000 -0.267454 3.093343 0.002672
 31.000000 1.003058 2.987496 0.002953
 32.000000 -0.393097 2.838856 0.003011
 33.000000 1.574166 2.896907 0.002853
 34.000000 1.232440 2.991781 0.001806
 35.000000 1.446722 3.059673 0.002609
 36.000000 -0.237881 2.655182 0.002768
 37.000000 1.177829 1.847420 0.003702
 38.000000 -0.403765 2.685666 0.003540
 39.000000 1.079172 3.099823 0.003119
 40.000000 -0.405472 3.005626 0.003615
 41.000000 -0.326062 2.958500 0.002809
 42.000000 -0.345015 2.501026 0.003245
 43.000000 -0.451010 2.981467 0.003016
 44.000000 -0.252541 2.615823 0.003450
 45.000000 -0.183544 2.945867 0.003075
 46.000000 1.481387 -3.094093 0.002909
 47.000000 -0.328232 -3.131259 0.003323
 48.000000 -0.440204 2.851118 0.003224
 49.000000 -0.029505 2.946590 0.003766
 50.000000 1.834284 2.452117 0.003195
 51.000000 1.245647 2.901819 0.002697
 52.000000 -0.367724 -2.982201 0.003895
 53.000000 -0.350029 2.487526 0.002546
 54.000000 -0.089244 2.773430 0.004154
 55.000000 -0.578441 2.656334 0.002892
 56.000000 1.171836 2.765857 0.003505
 57.000000 -0.411254 2.682431 0.003285
 58.000000 -0.265424 -3.008051 0.003075
 59.000000 -0.462853 3.140419 0.002839
 60.000000 -0.411791 2.856305 0.005023
 61.000000 1.390902 3.012201 0.002905
 62.000000 -0.299855 2.875485 0.003329
 63.000000 0.996186 2.796206 0.002957
 64.000000 0.864217 3.104437 0.002668
 65.000000 1.031724 -2.779817 0.003211
 66.000000 -0.306512 3.027440 0.003338
 67.000000 -0.481045 2.931973 0.003475
 68.000000 -0.520309 2.430068 0.003960
 69.000000 -0.650809 2.750856 0.003018
 70.000000 -0.366434 -2.985154 0.003339
 71.000000 -0.507805 -2.838521 0.003546
 72.000000 0.829386 2.748258 0.002995
 73.000000 -0.490292 2.817223 0.003551
 74.000000 -0.245077 2.948664 0.003625
 75.000000 -0.303808 2.695701 0.003236
 76.000000 -0.392808 -2.966902 0.003372
 77.000000 -0.415266 2.824484 0.003049
 78.000000 -0.266229 2.753663 0.003439
 79.000000 1.075611 2.955765 0.002929
 80.000000 -0.518790 2.755677 0.003563
 81.000000 -0.285333 2.795079 0.003140
 82.000000 -0.434114 3.120920 0.003441
 83.000000 1.121823 2.692370 0.002819
 84.000000 -0.421091 -3.076523 0.002739
 85.000000 1.311126 2.640637 0.003433
 86.000000 -0.461009 2.847174 0.003150
 87.000000 -0.377931 2.156019 0.002925
 88.000000 -0.361812 2.839530 0.002596
 89.000000 -0.360875 3.082477 0.002765
 90.000000 -0.253848 -2.939324 0.006082
 91.000000 -0.348552 -2.950679 0.005081
 92.000000 -0.430257 -3.051343 0.002896
 93.000000 -0.493839 2.545797 0.002972
 94.000000 1.124129 -3.036559 0.002789
 95.000000 -0.258289 2.432353 0.002852
 96.000000 -0.459111 -3.087002 0.003581
 97.000000 -0.217534 2.591173 0.003599
 98.000000 -0.277550 -3.091294 0.003603
 99.000000 1.620562 2.813445 0.003620
 100.000000 -0.275021 2.793573 0.003454
 101.000000 -0.062723 2.738013 0.003201
 102.000000 -0.248419 -2.931770 0.002898
 103.000000 -0.402931 2.897007 0.003709
 104.000000 -0.267379 -3.069447 0.002702
 105.000000 -0.273309 2.779583 0.003728
 106.000000 -0.406574 -3.122851 0.003128
 107.000000 1.355564 -3.112035 0.003162
 108.000000 0.885994 2.909886 0.002389
 109.000000 1.398067 2.888684 0.003372
 110.000000 -0.295092 2.956271 0.003579
 111.000000 -0.241750 2.762466 0.003682
 112.000000 -0.366049 2.775586 0.003675
 113.000000 -0.201869 2.755829 0.003612
 114.000000 -0.458100 2.978622 0.006146
 115.000000 1.452198 2.743229 0.002536
 116.000000 -0.430618 2.862619 0.003670
 117.000000 -0.270195 2.641350 0.002562
 118.000000 -0.340118 2.552544 0.003108
 119.000000 -0.425366 2.894769 0.003454
 120.000000 -0.200719 2.677541 0.002686
 121.000000 0.226485 -3.087351 0.003152
 122.000000 0.268478 -3.053856 0.005484
 123.000000 0.445391 -3.090497 0.003647
 124.000000 0.365827 -2.850284 0.002730
 125.000000 -0.883219 2.733114 0.004413
 126.000000 0.160347 -3.055361 0.003984
 127.000000 0.414528 -2.101225 0.004341
 128.000000 0.299671 -1.844625 0.004299
 129.000000 0.303292 -2.308506 0.005378
 130.000000 0.250473 -2.770908 0.001232
 131.000000 0.215944 2.672230 0.001027
 132.000000 0.442335 -2.718429 0.000344
 133.000000 -0.306028 -2.323229 0.000656
 134.000000 1.227931 -2.943603 0.000853
 135.000000 -1.356202 -2.803069 0.000321
 136.000000 -1.247049 2.794562 0.000427
 137.000000 0.393219 3.036853 0.000888
 138.000000 0.233076 2.991163 0.002565
 139.000000 0.071226 2.759131 0.001553
 140.000000 0.347424 -2.683891 0.002548
 141.000000 0.289096 -2.939063 0.001983
 142.000000 0.235206 -3.080186 0.003951
 143.000000 0.353959 3.115645 0.003056
 144.000000 0.330536 -2.977823 0.001550
 145.000000 0.231037 -2.877283 0.001910
 146.000000 -0.058779 2.749942 0.001536
 147.000000 0.426069 -2.745250 0.002745
 148.000000 0.380932 -2.856113 0.000464
 149.000000 0.161959 3.086026 0.000093
 150.000000 -0.986702 2.661556 0.000804
 151.000000 -1.293482 2.910013 0.000524
 152.000000 -0.371483 -2.857795 0.000340
 153.000000 -0.476143 2.929251 0.000152
 154.000000 -1.720557 -2.993032 0.000709
 155.000000 0.435106 2.958734 0.000926
 156.000000 0.324726 -3.028349 0.000477
 157.000000 -1.432020 2.883890 0.000510
 158.000000 0.431963 -2.717837 0.000522
 159.000000 0.511152 -2.517545 0.000295
 160.000000 0.054844 -2.626538 0.001080
 161.000000 1.157436 -2.539905 0.000989
 162.000000 -0.398872 -2.672026 0.000916
 163.000000 -0.566044 -2.690744 0.000811
 164.000000 -2.130910 -2.688665 0.000712
 165.000000 0.331954 3.056677 0.000782
 166.000000 -1.380343 -2.757159 0.000320
 167.000000 -0.688575 -3.104285 0.001166
 168.000000 1.508070 -2.986751 0.005292
 169.000000 -1.400241 2.720698 0.000673
 170.000000 1.527728 -2.156926 0.000724
 171.000000 1.448669 -2.469885 0.000180
 172.000000 0.307898 -2.916541 0.000480
 173.000000 0.798807 -2.633553 0.000165
 174.000000 -0.406441 -2.727993 0.001514
 175.000000 0.506595 3.097205 0.000781
 176.000000 0.155287 2.949168 0.000242
 177.000000 -1.667033 3.078825 0.000497
 178.000000 0.430769 -2.824509 0.000601
 179.000000 0.163615 -2.614125 0.000273
 180.000000 0.187023 2.580257 0.000597
 181.000000 -0.294352 2.710295 0.000575
 182.000000 -1.537001 2.145182 0.000546
 183.000000 -1.129588 -2.877929 0.000396
 184.000000 0.259591 -2.586435 0.000861
 185.000000 0.700079 -2.575519 0.000968
 186.000000 0.172757 2.495348 0.000293
 187.000000 -0.377344 -2.463636 0.001106
 188.000000 0.071848 -2.925645 0.000657
 189.000000 -0.422533 -2.852697 0.000590
 190.000000 0.164004 -2.733619 0.000574
 191.000000 1.224044 -2.829437 0.000704
 192.000000 1.031935 -2.381466 0.000825
 193.000000 0.295242 -2.758241 0.000257
 194.000000 -0.356804 2.780292 0.000746
 195.000000 -0.413337 -3.060267 0.000883
 196.000000 -1.036331 3.044401 0.000437
 197.000000 0.434859 2.766375 0.001814
 198.000000 -0.443763 2.964749 0.001491
 199.000000 -0.312600 2.932494 0.002416
 200.000000 0.383553 2.782896 0.000761
 201.000000 -0.072458 -2.534568 0.000298
 202.000000 0.419118 -2.583074 0.000359
 203.000000 0.435634 -2.708421 0.001290
 204.000000 -0.405673 -2.335242 0.000487
 205.000000 0.344752 -2.737154 0.000219
 206.000000 0.826133 -2.790355 0.000381
 207.000000 0.258783 -2.593042 0.000719
 208.000000 0.491156 3.117612 0.000572
 209.000000 0.265440 2.981461 0.000667
 210.000000 0.448760 -2.923894 0.000928
 211.000000 0.257975 -2.907149 0.000841
 212.000000 0.517497 -2.218731 0.000405
 213.000000 -0.568621 -3.101485 0.001571
 214.000000 -0.064187 2.821844 0.002584
 215.000000 -0.278608 -2.093579 0.000929
 216.000000 0.038498 -2.756448 0.000291
 217.000000 0.301460 3.063997 0.002095
 218.000000 -1.829518 -2.511112 0.000218
 219.000000 1.418930 2.828904 0.000370
 220.000000 -0.194718 -2.665226 0.000172
 221.000000 0.116644 2.917909 0.000393
 222.000000 -1.522369 -2.801697 0.000239
 223.000000 0.146984 2.713960 0.000399
 224.000000 -1.565581 -2.887774 0.000436
 225.000000 0.396172 2.699579 0.000472
 226.000000 0.319418 -2.650022 0.000530
 227.000000 -1.455193 -2.694180 0.000097
 228.000000 0.956623 -2.146892 0.000250
 229.000000 -1.339948 3.068385 0.000251
 230.000000 0.342477 -2.627482 0.000789
 231.000000 0.115277 -2.729402 0.000607
 232.000000 -1.248627 -2.540916 0.000451
 233.000000 -1.530084 -2.992282 0.000406
 234.000000 -0.493450 -2.658646 0.000184
 235.000000 0.522154 -2.262664 0.000270
 236.000000 0.448422 -2.583480 0.001157
 237.000000 0.182448 -2.355064 0.000670
 238.000000 0.097239 2.935245 0.001142
 239.000000 0.504431 -2.932583 0.000951
 240.000000 0.374888 -3.122219 0.000466
 241.000000 -1.162691 2.531859 0.000688
 242.000000 0.604048 -2.778045 0.000133
 243.000000 0.389576 2.793400 0.000443
 244.000000 -0.480703 -2.391277 0.001144
 245.000000 -0.805879 -2.641259 0.001356
 246.000000 0.392152 -2.480342 0.000879
 247.000000 0.267290 -2.882799 0.000969
 248.000000 0.232119 -2.788294 0.000375
 249.000000 -1.423876 3.001680 0.000389
 250.000000 -1.429625 -2.933289 0.000307
 251.000000 -1.611681 -2.930931 0.000294
 252.000000 -1.498587 2.782827 0.000584
 253.000000 -1.584530 -2.736544 0.000258
 254.000000 -0.326803 2.804757 0.000909
 255.000000 0.278114 -2.067887 0.001001
 256.000000 -1.520036 -2.599842 0.000807
 257.000000 -1.213416 3.137266 0.000117
 258.000000 0.164591 -3.001388 0.000410
 259.000000 -1.280477 -2.882841 0.000180
 260.000000 0.400170 2.904047 0.000470
 261.000000 0.234023 -2.235125 0.000889
 262.000000 0.322805 2.764049 0.000874
 263.000000 0.171467 -2.809320 0.000895
 264.000000 0.346854 -2.536747 0.000187
 265.000000 -0.362124 2.646457 0.000277
 266.000000 1.217241 2.641800 0.000264
 267.000000 0.514486 -2.557204 0.000466
 268.000000 -1.532780 -2.611886 0.000134
 269.000000 1.369259 -2.689108 0.000232
 270.000000 1.429172 -2.721670 0.001330
 271.000000 0.312902 2.625003 0.003552
 272.000000 0.162836 -2.855734 0.002804
 273.000000 0.228793 2.489158 0.001583
 274.000000 0.070230 2.766189 0.002883
 275.000000 0.318302 -3.005051 0.002942
 276.000000 -1.022250 3.113185 0.000618
 277.000000 0.047789 2.889906 0.000376
 278.000000 0.329226 -2.921085 0.000283
 279.000000 -1.252097 2.602362 0.000271
 280.000000 0.237655 2.850893 0.000638
 281.000000 -1.318493 -2.636783 0.000133
 282.000000 -0.221152 2.838724 0.000192
 283.000000 -1.515171 -2.729392 0.000522
 284.000000 0.431312 2.327655 0.000528
 285.000000 -0.424600 3.024652 0.000843
 286.000000 0.327326 2.174892 0.000640
 287.000000 -0.004365 2.938933 0.000739
 288.000000 0.388433 2.883264 0.000634
 289.000000 0.208513 3.059178 0.001736
 290.000000 -1.489846 2.879865 0.001536
 291.000000 0.185151 -2.644887 0.002482
 292.000000 1.379859 3.093584 0.000653
 293.000000 0.317799 2.713201 0.000251
 294.000000 1.956166 -2.594406 0.000829
 295.000000 1.211424 -2.894431 0.000435
 296.000000 -1.566746 -3.022821 0.000918
 297.000000 -1.367193 -2.739242 0.000600
 298.000000 -0.270822 -2.546424 0.000341
 299.000000 0.090013 -3.058266 0.001199
 300.000000 0.524395 -2.703558 0.000300
 301.000000 -1.113095 3.139251 0.000311
 302.000000 1.783248 -2.809258 0.000285
 303.000000 0.485131 -2.735061 0.000149
 304.000000 -0.235918 3.107513 0.001222
 305.000000 -0.318688 2.614319 0.000686
 306.000000 1.495103 -2.756750 0.000260
 307.000000 0.408272 -2.832208 0.000199
 308.000000 -1.164830 -3.084628 0.000765
 309.000000 -1.750998 -3.064527 0.001918
 310.000000 0.984029 -2.807853 0.000277
 311.000000 0.801171 -2.216375 0.000515
 312.000000 0.266630 -2.548579 0.000849
 313.000000 -1.141579 -2.198759 0.000968
 314.000000 0.635270 -2.394362 0.000284
 315.000000 0.666816 -2.832004 0.000314
 316.000000 -1.294440 -2.488744 0.000325
 317.000000 -0.384489 -3.133474 0.000200
 318.000000 -0.325349 -3.078402 0.001085
 319.000000 -1.766781 2.746043 0.000110
 320.000000 -1.737473 -2.954951 0.000451
 321.000000 -1.375535 2.900714 0.000382
 322.000000 0.528964 -1.791704 0.000220
 323.000000 -0.455283 -2.685092 0.000581
 324.000000 -0.930317 -2.748336 0.000324
 325.000000 -0.835405 2.945998 0.000565
 326.000000 0.520935 -3.113470 0.000932
 327.000000 -1.194636 3.124383 0.000945
 328.000000 -1.936184 2.955550 0.001106
 329.000000 0.182830 2.829191 0.000900
 330.000000 0.398634 3.130160 0.000825
 331.000000 -1.277565 3.005298 0.001229
 332.000000 0.424510 2.739140 0.001115
 333.000000 -0.755929 -2.762300 0.001172
 334.000000 -1.385669 -2.950141 0.001103
 335.000000 0.464682 2.843875 0.000865
 336.000000 -1.213593 3.064411 0.000969
 337.000000 0.385553 -3.060839 0.000928
 338.000000 0.535380 3.131576 0.000990
 339.000000 0.448005 -3.034076 0.001078
 340.000000 -0.867051 2.906040 0.001141
 341.000000 -0.868576 2.990694 0.000971
 342.000000 -1.175593 2.968414 0.000870
 343.000000 0.454340 -3.084220 0.001096
 344.000000 -1.419295 -2.651299 0.001094
 345.000000 0.107791 -2.945237 0.001231
 346.000000 0.514852 3.065767 0.000646
 347.000000 0.442910 3.065236 0.001063
 348.000000 0.415147 -2.968365 0.000731
 349.000000 -1.056697 -2.694932 0.000953
 350.000000 0.986488 -2.911566 0.000489
 351.000000 0.339237 -2.883988 0.000320
 352.000000 0.219935 2.581854 0.000285
 353.000000 0.225541 -2.708652 0.000771
 354.000000 0.319903 -2.522483 0.001330
 355.000000 0.392123 -2.817993 0.000994
 356.000000 -1.075933 -3.029835 0.001204
 357.000000 0.437589 2.900617 0.001030
 358.000000 -0.262253 2.999240 0.001091
 359.000000 -1.669026 2.761407 0.000714
 360.000000 -1.082458 3.049781 0.000228
 361.000000 -1.416520 -2.794603 0.000700
 362.000000 0.278878 -2.973908 0.001728
 363.000000 0.411701 -2.910111 0.002561
 364.000000 0.217829 2.722138 0.002336
 365.000000 0.208581 2.983938 0.002634
 366.000000 -0.048213 2.673273 0.002491
 367.000000 0.196962 3.063085 0.001733
 368.000000 0.242060 3.138018 0.001687
 369.000000 0.200303 -2.675009 0.001825
 370.000000 0.325089 -3.106533 0.001061
 371.000000 0.146047 -2.709147 0.000709
 372.000000 0.425600 -2.672389 0.001757
 373.000000 0.275673 -2.910625 0.002194
 374.000000 0.061639 -2.582387 0.001715
 375.000000 0.332339 -2.769792 0.002059
 376.000000 0.182593 -3.008213 0.001950
 377.000000 0.381075 -2.250756 0.000744
 378.000000 0.300699 3.019037 0.000475
 379.000000 0.264612 3.107661 0.000927
 380.000000 -1.465371 -2.594915 0.001577
 381.000000 -0.706823 -3.099647 0.000254
 382.000000 0.276982 2.635779 0.000755
 383.000000 0.152511 -2.571734 0.000235
 384.000000 -1.562971 2.878191 0.000623
 385.000000 0.225800 -2.311610 0.000734
 386.000000 1.486723 -3.128553 0.000832
 387.000000 0.383678 -2.971145 0.001063
 388.000000 0.393457 -2.671056 0.000833
 389.000000 0.355831 -2.035224 0.001380
 390.000000 0.474460 -2.745343 0.000754
 391.000000 0.367783 -2.889840 0.000978
 392.000000 0.265249 -3.061870 0.000357
 393.000000 1.575095 -2.568651 0.000428
 394.000000 -0.434973 -2.446633 0.000307
 395.000000 -0.255772 3.017016 0.000918
 396.000000 -0.088738 -2.896451 0.000146
 397.000000 0.448257 -3.001175 0.000387
 398.000000 -1.491553 -2.798037 0.000161
 399.000000 1.291693 -2.637519 0.000310
 400.000000 0.678517 -2.780356 0.000690
 401.000000 0.973919 -2.090394 0.000276
 402.000000 0.918491 2.893090 0.000270
 403.000000 0.192254 3.041329 0.000546
 404.000000 -1.666669 -2.848274 0.000772
 405.000000 1.521840 2.848676 0.000950
 406.000000 0.122193 2.721690 0.000301
 407.000000 1.082841 2.713936 0.000611
 408.000000 1.192721 -2.776430 0.000240
 409.000000 -1.675127 -2.203192 0.000297
 410.000000 0.470744 2.886760 0.000449
 411.000000 0.482326 -2.311402 0.000705
 412.000000 0.436846 -3.065660 0.000211
 413.000000 -1.392035 -3.027295 0.000325
 414.000000 0.445350 -2.617457 0.000631
 415.000000 0.414667 -1.619128 0.000224
 416.000000 0.266708 -1.841972 0.001547
 417.000000 0.437673 -1.835958 0.001757
 418.000000 0.142684 -2.376980 0.002069
 419.000000 0.345663 -2.033705 0.002825
 420.000000 0.352890 -2.093896 0.002659
 421.000000 0.244623 -2.317281 0.000577
 422.000000 0.350826 -2.847809 0.001834
 423.000000 0.174304 -2.696764 0.003320
 424.000000 0.354521 -2.435893 0.001635
 425.000000 0.260117 -2.555194 0.002477
 426.000000 0.438410 -1.539160 0.001292
 427.000000 0.220739 -2.636692 0.001281
 428.000000 0.136300 -1.916862 0.002259
 429.000000 0.160108 -2.192246 0.002585
 430.000000 0.179173 -2.629868 0.000874
 431.000000 0.433785 -2.235850 0.001085
 432.000000 0.304062 -1.433809 0.001167
 433.000000 0.254665 -2.532445 0.002592
 434.000000 0.152389 -2.136292 0.002050
 435.000000 0.377420 -2.226161 0.002874
 436.000000 0.435380 -2.496630 0.003699
 437.000000 0.331868 -2.478899 0.002769
 438.000000 0.399129 -1.781858 0.002475
 439.000000 0.269136 -1.774628 0.000957
 440.000000 0.489044 -2.381602 0.001740
 441.000000 0.481731 -2.617329 0.001021
 442.000000 0.225237 -2.079986 0.001045
 443.000000 0.132648 -2.336596 0.002663
 444.000000 0.221747 -2.583232 0.003319
 445.000000 0.248724 -2.544694 0.002336
 446.000000 0.303264 -1.780147 0.002873
 447.000000 0.355149 -2.252228 0.000791
 448.000000 0.097803 -2.426998 0.002958
 449.000000 0.287501 -2.043428 0.002155
 450.000000 0.229152 -2.587544 0.002424
 451.000000 0.052960 -2.540810 0.001909
 452.000000 0.319239 -2.442553 0.001969
 453.000000 0.418291 -1.721584 0.002444
 454.000000 0.244346 -2.235627 0.000796
 455.000000 0.143416 -2.720403 0.000956
 456.000000 0.405971 -2.315153 0.002902
 457.000000 0.297060 -2.456155 0.002246
 458.000000 0.401465 -2.126042 0.003089
 459.000000 0.508245 -2.258779 0.002977
 460.000000 0.196506 -1.785319 0.002391
 461.000000 0.275922 -2.099066 0.002038
 462.000000 0.382594 -2.469852 0.001781
 463.000000 0.412810 -2.352676 0.002616
 464.000000 0.334225 -2.337787 0.003037
 465.000000 0.259941 -2.509192 0.001928
 466.000000 -1.555505 -2.718186 0.002418
 467.000000 0.313521 -2.200935 0.001927
 468.000000 0.273105 -2.486773 0.001821
 469.000000 0.418390 -2.125710 0.001691
 470.000000 0.321141 -2.206875 0.002126
 471.000000 0.383801 -1.867040 0.001560
 472.000000 0.214783 -2.293144 0.002798
 473.000000 0.364687 -2.304083 0.002322
 474.000000 0.300091 -2.068616 0.002697
 475.000000 0.277554 -2.067067 0.002662
 476.000000 0.174328 -1.470547 0.003961
 477.000000 0.268573 -2.295217 0.002942
 478.000000 0.308615 -2.280406 0.003711
 479.000000 0.261098 -2.032579 0.004623
 480.000000 0.375971 -2.358419 0.002181
 481.000000 0.339858 -1.722896 0.002291
 482.000000 0.191542 -2.171807 0.003145
 483.000000 0.329122 -2.188751 0.002542
 484.000000 0.342262 -2.806105 0.002871
 485.000000 0.169390 -2.855017 0.002255
 486.000000 0.207793 -1.966317 0.002577
 487.000000 0.144197 -2.032807 0.002630
 488.000000 0.242233 -2.683555 0.003139
 489.000000 0.062160 -2.166510 0.002825
 490.000000 -1.498501 -2.517325 0.000685
 491.000000 -1.343574 -2.932833 0.000255
 492.000000 0.364968 -2.629942 0.000362
 493.000000 0.404614 -2.789687 0.000420
 494.000000 0.447361 2.777576 0.000689
 495.000000 -0.216513 -2.188983 0.001322
 496.000000 0.892994 -2.759093 0.000258
 497.000000 -0.515206 -2.645041 0.001463
 498.000000 -0.430176 -2.773786 0.000583
 499.000000 0.178965 -3.061696 0.000518
 500.000000 0.463957 -2.285298 0.000278
 501.000000 -1.143908 -2.512021 0.000822
 502.000000 0.503715 -1.760802 0.004400
 503.000000 0.093977 -2.780342 0.000972
 504.000000 -0.839345 -2.432334 0.000230
 505.000000 0.593049 -2.706886 0.000263
 506.000000 1.481954 -2.280057 0.000710
 507.000000 0.208604 -2.215034 0.001118
 508.000000 0.181197 -2.128087 0.001227
 509.000000 1.010515 -2.342009 0.000659
 510.000000 0.827627 -2.578003 0.000725
 511.000000 1.182219 -2.408192 0.000810
 512.000000 0.434085 -2.028355 0.000971
 513.000000 -0.016742 -2.011456 0.000595
 514.000000 0.417455 -1.704728 0.001037
 515.000000 0.451368 -2.004642 0.000878
 516.000000 0.477155 -1.871570 0.000865
 517.000000 1.651684 2.879333 0.000772
 518.000000 -0.337311 3.001890 0.000971
 519.000000 -0.199193 -3.059685 0.000934
 520.000000 -0.314384 -2.927730 0.000571
 521.000000 -0.432903 3.069506 0.000715
 522.000000 -0.419359 -2.706582 0.000457
 523.000000 0.033213 -2.412621 0.000259
 524.000000 0.334830 -2.454704 0.000194
 525.000000 0.432107 2.658363 0.002420
 526.000000 0.225214 -2.945729 0.002622
 527.000000 0.355163 2.942207 0.001131
 528.000000 0.304900 3.076243 0.000823
 529.000000 0.185838 2.978727 0.002093
 530.000000 0.431598 -2.954130 0.003419
 531.000000 0.272098 -3.098074 0.002276
 532.000000 0.328447 -2.583331 0.001639
 533.000000 0.387744 -2.536375 0.003109
 534.000000 0.257325 -2.955312 0.002350
 535.000000 0.247428 -3.109397 0.003263
 536.000000 0.210122 -3.057305 0.001946
 537.000000 0.287667 -2.838104 0.002839
 538.000000 0.359373 -2.171559 0.001610
 539.000000 0.014342 -2.851543 0.001940
 540.000000 -0.066261 2.578954 0.001860
 541.000000 0.191388 -2.636971 0.000169
 542.000000 1.403030 -2.229736 0.000819
 543.000000 -0.069925 -2.524317 0.001407
 544.000000 1.371275 -2.299190 0.001517
 545.000000 -0.445499 -2.510891 0.000260
 546.000000 0.216470 -2.828108 0.000207
 547.000000 0.042464 2.619602 0.000617
 548.000000 0.353465 -2.676262 0.000136
 549.000000 0.431106 -2.787038 0.001277
 550.000000 -0.006329 -2.045900 0.000747
 551.000000 0.335395 -2.466458 0.001928
 552.000000 0.334560 -2.333323 0.002653
 553.000000 0.109519 -2.052793 0.001938
 554.000000 0.341148 -1.625696 0.000807
 555.000000 0.288678 -2.383639 0.003286
 556.000000 0.391955 -2.251918 0.002182
 557.000000 0.281303 -1.973569 0.001869
 558.000000 0.069185 -2.167126 0.002801
 559.000000 0.440993 -2.122543 0.004131
 560.000000 0.341455 -2.678089 0.003805
 561.000000 0.209596 -2.180020 0.003471
 562.000000 0.399170 -1.981557 0.002401
 563.000000 0.352329 -2.771324 0.001723
 564.000000 0.350926 -2.508223 0.001212
 565.000000 0.361488 -1.893212 0.000831
 566.000000 0.367161 -2.421258 0.001005
 567.000000 0.313505 -1.855019 0.001408
 568.000000 0.358639 -2.033354 0.001273
 569.000000 0.367785 -2.402670 0.002136
 570.000000 0.164542 -2.313546 0.001744
 571.000000 0.344994 -2.733699 0.001748
 572.000000 0.366912 -2.498946 0.003019
 573.000000 0.310171 -2.016823 0.002122
 574.000000 0.358676 -2.216284 0.001828
 575.000000 0.281608 -1.986562 0.002474
 576.000000 0.339561 -1.754849 0.003430
 577.000000 0.345857 -2.564676 0.002552
 578.000000 0.208847 -2.346342 0.002203
 579.000000 0.166067 -2.527216 0.002328
 580.000000 0.188990 -2.193089 0.002846
 581.000000 0.354725 -1.943130 0.001936
 582.000000 0.236543 -2.135240 0.001694
 583.000000 0.208954 -1.932399 0.001516
 584.000000 0.429837 -2.393289 0.001672
 585.000000 0.314606 -2.572007 0.001333
 586.000000 0.279036 -2.451083 0.000974
 587.000000 0.242131 -2.288262 0.002418
 588.000000 0.467052 -2.320650 0.002404
 589.000000 0.448604 -2.269641 0.002227
 590.000000 0.229734 -1.949012 0.002111
 591.000000 0.168792 -2.176857 0.002236
 592.000000 0.344545 -2.950949 0.001394
 593.000000 0.276672 -2.326565 0.001839
 594.000000 0.263004 -2.596712 0.002129
 595.000000 0.221034 -2.192836 0.001888
 596.000000 0.324009 -2.544797 0.001983
 597.000000 0.363120 -2.502325 0.001978
 598.000000 0.195887 -2.006164 0.003344
 599.000000 0.338180 -2.334774 0.003306
 600.000000 0.062628 -2.158618 0.001909
 601.000000 0.288276 -2.603634 0.001734
 602.000000 0.300916 -2.275108 0.002801
 603.000000 0.196477 -2.160950 0.001957
 604.000000 0.346612 -2.311408 0.002955
 605.000000 0.051354 -2.532667 0.002578
 606.000000 0.292023 -2.903259 0.002202
 607.000000 0.281420 -2.384874 0.003360
 608.000000 0.403308 -2.160252 0.000332
 609.000000 0.274471 -1.929462 0.001548
 610.000000 0.285402 -2.468974 0.001857
 611.000000 0.415707 -1.774457 0.001440
 612.000000 0.324732 -2.184919 0.002019
 613.000000 0.246957 -2.312894 0.001940
 614.000000 0.250505 -2.139426 0.003258
 615.000000 0.350331 -1.475455 0.001122
 616.000000 0.380662 -3.134384 0.000866
 617.000000 0.300284 3.014031 0.000634
 618.000000 0.349414 -2.739945 0.000211
 619.000000 1.508970 2.556157 0.000389
 620.000000 -0.376551 -2.404075 0.000903
 621.000000 -0.489684 -2.779159 0.000143
 622.000000 -0.084613 -3.049952 0.000181
 623.000000 0.359247 -2.818429 0.001026
 624.000000 -1.281196 2.931418 0.000810
 625.000000 0.796794 2.736029 0.000770
 626.000000 0.269327 2.787213 0.000977
 627.000000 -0.201151 -2.676792 0.001422
 628.000000 1.012072 -2.688597 0.000463
 629.000000 -1.350858 -1.620938 0.000546
 630.000000 0.161238 -2.763866 0.001332
 631.000000 0.447670 -2.304828 0.000627
 632.000000 -1.155215 -2.116618 0.000469
 633.000000 -1.753890 -2.983166 0.000461
 634.000000 -0.032363 2.970275 0.000482
 635.000000 -1.767054 3.027247 0.000369
 636.000000 -0.830767 -2.483537 0.000174
 637.000000 1.102555 -2.795096 0.000701
 638.000000 -1.494838 -2.508232 0.000135
 639.000000 -1.328073 3.040835 0.000207
 640.000000 -0.060355 2.707383 0.001336
 641.000000 -1.134897 -2.957415 0.002498
 642.000000 0.298569 2.824896 0.001219
 643.000000 -1.499860 -3.038643 0.001149
 644.000000 0.422422 3.043102 0.002348
 645.000000 0.481225 2.976209 0.001128
 646.000000 0.308547 -3.038019 0.001278
 647.000000 0.286701 1.720739 0.002986
 648.000000 0.454936 -3.045757 0.001788
 649.000000 0.493311 2.902218 0.001130
 650.000000 0.443848 2.792621 0.001616
 651.000000 0.436028 3.021885 0.000922
 652.000000 0.369290 2.867388 0.000984
 653.000000 0.282673 -2.777044 0.001195
 654.000000 0.342479 -2.902445 0.001370
 655.000000 0.206196 -3.107869 0.000885
 656.000000 0.318207 -3.132319 0.001020
 657.000000 0.465910 2.703110 0.001113
 658.000000 0.339206 -3.135668 0.000630
 659.000000 0.259755 -2.805206 0.000187
 660.000000 -1.054563 -2.767102 0.000669
 661.000000 0.398909 -2.080553 0.000657
 662.000000 0.382819 -2.545617 0.000113
 663.000000 0.188138 -2.613183 0.000217
 664.000000 0.393764 -2.879053 0.000257
 665.000000 -1.892959 -1.786087 0.000149
 666.000000 0.392302 -2.359045 0.000097
 667.000000 -1.036163 -2.858232 0.000159
 668.000000 1.541344 -3.116974 0.000793
 669.000000 0.449920 -2.517376 0.001251
 670.000000 0.415963 -1.725019 0.000234
 671.000000 -0.310437 2.736181 0.000206
 672.000000 0.061759 2.659425 0.000492
 673.000000 0.494664 -3.114316 0.000255
 674.000000 0.309309 -2.842342 0.000172
 675.000000 0.469105 -2.702953 0.000461
 676.000000 -1.337744 -2.548582 0.000581
 677.000000 -1.211424 -2.522400 0.000607
 678.000000 0.131369 -2.574714 0.001058
 679.000000 0.437203 -2.976360 0.000946
 680.000000 0.964982 -2.878870 0.001335
 681.000000 0.825787 -2.774155 0.001047
 682.000000 0.216642 2.874564 0.000740
 683.000000 0.760016 -2.867344 0.000228
 684.000000 0.538135 2.825598 0.000394
 685.000000 -0.376104 2.830504 0.000723
 686.000000 -1.328251 -2.353432 0.001190
 687.000000 0.394820 -2.791378 0.000175
 688.000000 0.349374 -2.735115 0.000180
 689.000000 -0.381461 2.785333 0.001084
 690.000000 -1.530018 2.731040 0.000589
 691.000000 0.290312 -2.670160 0.000522
 692.000000 0.159149 -3.076477 0.000517
 693.000000 -0.325469 2.795164 0.000760
 694.000000 1.053055 -2.672602 0.002022
 695.000000 0.449900 -1.945688 0.000097
 696.000000 -1.277748 2.754724 0.000457
 697.000000 0.182310 -2.399767 0.000534
 698.000000 0.444724 3.066373 0.000706
 699.000000 -0.663234 -2.195065 0.001026
 700.000000 0.493034 2.906073 0.001559
 701.000000 0.347562 3.079423 0.001498
 702.000000 -0.252322 2.500802 0.000119
 703.000000 0.360715 2.896059 0.000680
 704.000000 -1.113671 -3.012114 0.000180
 705.000000 0.189127 2.876090 0.000135
 706.000000 -0.278225 2.731023 0.000953
 707.000000 1.070864 -2.646927 0.000946
 708.000000 0.672120 -2.853283 0.000145
 709.000000 0.504740 -2.112283 0.000605
 710.000000 -1.234547 -2.538815 0.000406
 711.000000 0.448384 -2.789182 0.000654
 712.000000 0.397948 2.930144 0.000834
 713.000000 -0.351617 2.501181 0.000615
 714.000000 -1.104274 3.000326 0.000250
 715.000000 -0.029788 -2.434560 0.001306
 716.000000 0.293175 -2.685192 0.001004
 717.000000 0.069650 -2.275961 0.000176
 718.000000 0.282371 -2.739881 0.000331
 719.000000 -1.057316 2.292689 0.002956
 720.000000 0.427518 3.074038 0.001726
 721.000000 0.358353 2.606874 0.001639
 722.000000 1.597456 2.575840 0.000457
 723.000000 1.227248 2.832270 0.000160
 724.000000 -0.101511 -1.711821 0.001047
 725.000000 0.397478 -2.574338 0.000418
 726.000000 -1.132237 2.771265 0.000970
 727.000000 -0.442462 -2.713646 0.000367
 728.000000 0.293834 2.601470 0.000118
 729.000000 0.419425 2.373061 0.000560
 730.000000 0.110555 -2.664271 0.001872
 731.000000 0.306118 -2.994382 0.000295
 732.000000 0.354422 3.098955 0.001347
 733.000000 0.958405 -2.217949 0.000562
 734.000000 -0.557514 -2.781565 0.000530
 735.000000 0.493861 -2.646324 0.000216
 736.000000 1.360431 -2.746237 0.000778
 737.000000 0.359900 2.251502 0.000709
 738.000000 1.136313 -2.112446 0.000576
 739.000000 0.314072 -2.409523 0.000127
 740.000000 0.497871 -2.459699 0.000295
 741.000000 0.292136 -2.557656 0.001508
 742.000000 0.384556 -2.898456 0.001701
 743.000000 0.242418 -2.106287 0.000768
 744.000000 0.144035 -2.188510 0.000153
 745.000000 0.110017 -2.709939 0.000870
 746.000000 0.115567 -2.510469 0.000420
 747.000000 -1.825708 -2.854531 0.000644
 748.000000 -1.302231 -2.706842 0.000679
 749.000000 -0.253564 -2.960100 0.000726
 750.000000 0.374399 -2.854276 0.000558
 751.000000 1.036285 -2.826083 0.000731
 752.000000 -0.373031 -2.531111 0.000636
 753.000000 0.579109 -2.201864 0.001060
 754.000000 0.505166 -2.484759 0.001329
 755.000000 1.452104 -2.694006 0.000697
 756.000000 1.004563 -2.525568 0.000700
 757.000000 -0.450727 2.825843 0.001530
 758.000000 0.149462 -2.617823 0.000784
 759.000000 -0.648034 -2.759520 0.000633
 760.000000 0.443094 -2.656188 0.000813
 761.000000 0.472689 2.934105 0.000096
 762.000000 0.393745 2.834050 0.000291
 763.000000 0.122297 -2.651718 0.000382
 764.000000 -0.146654 2.988750 0.000485
 765.000000 1.380046 2.809601 0.000787
 766.000000 0.407749 -2.484243 0.000766
 767.000000 0.211878 -2.597422 0.001261
 768.000000 0.429267 -2.724594 0.000192
 769.000000 0.440529 -2.950323 0.000651
 770.000000 0.345046 -2.673452 0.000406
 771.000000 0.468420 -2.476762 0.000426
 772.000000 0.302930 -2.391386 0.000701
 773.000000 0.367815 -2.299380 0.000679
 774.000000 0.375483 -2.381828 0.000605
 775.000000 -0.284067 2.931482 0.001510
 776.000000 1.517598 -2.641694 0.000416
 777.000000 0.430248 -2.639605 0.000537
 778.000000 -0.152885 -2.809751 0.000662
 779.000000 -0.278502 -2.703884 0.001298
 780.000000 1.070488 -2.807132 0.001160
 781.000000 0.332831 -2.542734 0.001216
 782.000000 0.349317 -2.319233 0.000959
 783.000000 -0.445794 -2.612728 0.000589
 784.000000 1.468731 -3.134085 0.001267
 785.000000 0.515219 2.965551 0.001147
 786.000000 0.417917 -2.919324 0.000409
 787.000000 0.096492 -2.156518 0.000274
 788.000000 0.139364 -2.861305 0.000802
 789.000000 -0.227186 -2.867018 0.001218
 790.000000 -0.428497 -2.879172 0.000348
 791.000000 -0.238187 2.523692 0.000589
 792.000000 -0.355572 -2.953971 0.000916
 793.000000 -0.340498 2.522868 0.000683
 794.000000 2.025032 -2.815973 0.000239
 795.000000 0.229355 -2.738614 0.000241
 796.000000 0.369192 -3.062409 0.000422
 797.000000 -0.490966 -2.604035 0.000443
 798.000000 -0.219318 2.827446 0.000592
 799.000000 1.197046 2.690574 0.000573
 800.000000 1.061383 -2.276905 0.000595
 801.000000 0.352114 -2.283526 0.001054
 802.000000 -0.049639 -2.004334 0.000504
 803.000000 1.386510 -2.207674 0.000582
 804.000000 0.440242 -2.308636 0.000267
 805.000000 -0.392207 -2.893737 0.000623
 806.000000 -1.129053 2.818390 0.001006
 807.000000 -1.759092 -2.486536 0.000147
 808.000000 0.453920 -2.650458 0.000324
 809.000000 2.034104 -2.761694 0.000576
 810.000000 0.276130 -2.266332 0.001881
 811.000000 0.324813 -2.991814 0.001346
 812.000000 0.160559 2.470338 0.000443
 813.000000 -0.383205 -2.791754 0.000884
 814.000000 -0.248697 -2.544054 0.000787
 815.000000 0.276157 2.693745 0.000564
 816.000000 0.126309 -2.997652 0.000355
 817.000000 -1.686792 -3.027425 0.000322
 818.000000 0.400507 -2.221649 0.000228
 819.000000 0.515957 2.758543 0.000563
 820.000000 0.244729 -2.486610 0.000301
 821.000000 0.021150 -2.609830 0.000862
 822.000000 0.343177 -2.722139 0.000913
 823.000000 1.431473 -2.831348 0.000557
 824.000000 1.503058 2.608344 0.000116
 825.000000 -1.517053 -2.855937 0.000910
 826.000000 1.228254 -2.606262 0.000695
 827.000000 -0.105447 -2.749079 0.000540
 828.000000 0.652981 -2.127228 0.000583
 829.000000 1.072894 -2.683105 0.000921
 830.000000 -1.178212 2.920091 0.001207
 831.000000 -0.512460 2.910670 0.001398
 832.000000 0.070490 -2.926335 0.001019
 833.000000 -0.101241 -3.004200 0.000742
 834.000000 0.293648 2.760000 0.000156
 835.000000 -0.342964 -2.677454 0.000294
 836.000000 0.076071 -2.755265 0.000742
 837.000000 0.274706 -1.494732 0.001605
 838.000000 0.185284 -2.119686 0.001089
 839.000000 0.444389 -1.813141 0.003717
 840.000000 0.288749 -2.402007 0.002585
 841.000000 0.315007 -2.557677 0.001914
 842.000000 0.328030 -2.571254 0.001836
 843.000000 0.324541 -2.267750 0.001509
 844.000000 0.381192 -2.520433 0.001575
 845.000000 0.231478 -2.693452 0.000866
 846.000000 0.136189 -2.329900 0.001929
 847.000000 0.314098 -2.132994 0.001323
 848.000000 0.026743 -2.298799 0.002070
 849.000000 0.193396 -2.260675 0.000544
 850.000000 0.224419 -2.784399 0.002540
 851.000000 0.379263 -2.198942 0.001380
 852.000000 0.104667 -2.073408 0.001236
 853.000000 0.216964 -2.167223 0.000992
 854.000000 0.230756 -2.345687 0.000734
 855.000000 0.420046 -2.787541 0.000376
 856.000000 0.239046 3.003805 0.001062
 857.000000 0.487539 -2.081820 0.000233
 858.000000 -0.478542 -2.733351 0.001180
 859.000000 -0.501640 -3.092475 0.000734
 860.000000 0.735004 -2.930371 0.000645
 861.000000 0.534987 -2.852229 0.001367
 862.000000 0.993856 2.616224 0.001062
 863.000000 -0.814974 3.094211 0.001237
 864.000000 -1.277631 2.919958 0.002230
 865.000000 0.298854 -2.854631 0.001997
 866.000000 0.241898 -2.359659 0.000617
 867.000000 -0.421005 -2.373550 0.001358
 868.000000 1.396268 -2.865940 0.001443
 869.000000 0.377916 -2.988035 0.000263
 870.000000 1.329495 -2.517188 0.000488
 871.000000 0.190178 -2.829081 0.000506
 872.000000 0.474331 -2.775160 0.000759
 873.000000 0.271329 2.682007 0.001256
 874.000000 -1.299066 -2.861913 0.000467
 875.000000 -0.280933 -2.868531 0.000386
 876.000000 0.286954 -2.765156 0.001238
 877.000000 -0.517496 -2.965759 0.000399
 878.000000 -1.547420 -2.654382 0.000952
 879.000000 1.610622 -2.695120 0.000555
 880.000000 1.292862 -2.661359 0.000276
 881.000000 -0.432308 -2.967924 0.000489
 882.000000 0.444143 -2.735591 0.000911
 883.000000 0.394900 -2.803207 0.001230
 884.000000 0.315841 -2.798819 0.000213
 885.000000 0.578837 -2.772996 0.000188
 886.000000 -1.076217 3.025694 0.000390
 887.000000 0.363436 2.670024 0.000602
 888.000000 1.189235 -2.452530 0.000214
 889.000000 0.272279 -2.583590 0.000146
 890.000000 0.350510 -3.003350 0.000283
 891.000000 0.513197 -2.805904 0.000562
 892.000000 -1.261752 2.401526 0.001288
 893.000000 0.315664 -2.338820 0.000295
 894.000000 0.395666 3.124324 0.001672
 895.000000 -0.015703 -2.547553 0.000496
 896.000000 -0.324791 2.633460 0.000411
 897.000000 -1.065772 -2.910358 0.000541
 898.000000 -1.804917 -2.607810 0.000152
 899.000000 0.122145 3.030561 0.000182
 900.000000 0.709889 -2.239680 0.000319
 901.000000 -0.408660 -2.486373 0.000270
 902.000000 -0.452685 -2.697390 0.001170
 903.000000 -0.522178 -2.630146 0.000661
 904.000000 0.242567 -1.741045 0.001468
 905.000000 0.258233 -1.896366 0.001800
 906.000000 0.358279 -2.565184 0.001280
 907.000000 0.356016 -2.356416 0.001053
 908.000000 0.220820 -2.360898 0.001181
 909.000000 0.287579 -2.357226 0.001236
 910.000000 0.314597 -1.829916 0.000959
 911.000000 0.443554 -2.461213 0.001045
 912.000000 0.227711 -2.742280 0.001219
 913.000000 0.206141 -2.320754 0.001441
 914.000000 0.519743 -2.945498 0.001357
 915.000000 0.449600 -2.218716 0.001390
 916.000000 0.283342 -2.297956 0.001213
 917.000000 0.345097 -2.373776 0.001246
 918.000000 -1.020628 -2.599437 0.001266
 919.000000 0.374517 -2.469596 0.001061
 920.000000 0.446722 -2.365782 0.001167
 921.000000 0.470717 -2.931681 0.001228
 922.000000 0.455834 -2.743790 0.000965
 923.000000 0.389419 -2.285899 0.001105
 924.000000 1.316461 -2.530729 0.000150
 925.000000 0.547513 -2.415381 0.001021
 926.000000 -1.128573 -2.367335 0.001182
 927.000000 0.423743 -2.885655 0.000540
 928.000000 0.300338 2.905701 0.000739
 929.000000 -1.014358 -3.102493 0.000661
 930.000000 0.117640 -2.135325 0.000755
 931.000000 -0.232337 2.737934 0.000943
 932.000000 0.161604 -3.068270 0.000320
 933.000000 0.328135 2.987353 0.000295
 934.000000 0.016663 3.051449 0.000769
 935.000000 0.291666 2.448093 0.000834
 936.000000 0.380677 2.862752 0.001168
 937.000000 -0.203724 3.125181 0.001706
 938.000000 -1.555954 2.456570 0.001210
 939.000000 -0.944123 -2.806403 0.000390
 940.000000 0.600226 -2.043585 0.000143
 941.000000 0.397446 -2.674845 0.000770
 942.000000 0.329761 -2.049030 0.001229
 943.000000 1.031135 -2.750487 0.000861
 944.000000 0.946848 -2.351606 0.001053
 945.000000 0.435120 -2.331159 0.001413
 946.000000 0.743089 -2.078032 0.000973
 947.000000 0.868691 -2.354640 0.000433
 948.000000 -1.166767 3.029171 0.000972
 949.000000 0.476057 2.738661 0.000892
 950.000000 -0.048920 -2.220284 0.000440
 951.000000 -0.296899 -2.603336 0.000257
 952.000000 0.331278 2.779989 0.000268
 953.000000 -0.384179 -2.732271 0.000318
 954.000000 0.414137 -2.286777 0.001486
 955.000000 -0.109520 -2.345656 0.002348
 956.000000 0.438646 -2.232924 0.000698
 957.000000 0.478003 -2.774564 0.000673
 958.000000 1.350266 -2.398275 0.001002
 959.000000 0.166204 2.913977 0.000681
 960.000000 1.618186 -2.894315 0.001094
 961.000000 1.792387 -1.736620 0.000212
 962.000000 0.303039 2.925639 0.001576
 963.000000 0.328786 -3.008255 0.002510
 964.000000 0.308848 -3.041127 0.003356
 965.000000 0.173631 2.850740 0.002105
 966.000000 0.196691 -3.022761 0.001583
 967.000000 0.166927 2.441951 0.003681
 968.000000 0.352999 3.072298 0.002097
 969.000000 0.258776 2.975107 0.001907
 970.000000 0.342849 -3.060997 0.004138
 971.000000 0.438528 -2.966384 0.002419
 972.000000 0.389556 2.647220 0.002636
 973.000000 0.336978 -2.863132 0.003287
 974.000000 0.127943 2.768014 0.003620
 975.000000 0.278161 -2.991511 0.002215
 976.000000 0.339209 2.950161 0.002189
 977.000000 0.291982 3.008604 0.002150
 978.000000 0.252308 2.913016 0.003609
 979.000000 0.413187 -3.082492 0.004030
 980.000000 0.268286 -2.777544 0.002834
 981.000000 0.037483 -2.657782 0.002364
 982.000000 0.379710 2.693601 0.002330
 983.000000 0.404761 -3.140956 0.003523
 984.000000 0.176468 3.056337 0.001336
 985.000000 0.395302 -2.306287 0.001438
 986.000000 -0.327013 -2.811851 0.000207
 987.000000 0.124596 -3.072305 0.000636
 988.000000 1.257846 -2.676516 0.000325
 989.000000 -1.556703 2.820583 0.000081
 990.000000 1.694206 -2.173044 0.000421
 991.000000 0.296073 2.498382 0.000863
 992.000000 -0.365847 -2.896054 0.000971
 993.000000 0.324599 -2.776636 0.000188
 994.000000 0.429386 -2.717102 0.000082
 995.000000 0.181145 2.811271 0.000221
 996.000000 -1.354712 -2.687066 0.000817
 997.000000 -0.228523 2.833908 0.001193
 998.000000 0.456405 2.654224 0.000160
 999.000000 0.188404 -1.955350 0.000488
 1000.000000 1.117195 -3.008993 0.003026
 1001.000000 1.312424 2.416321 0.002875
 1002.000000 1.317287 2.605790 0.003457
 1003.000000 1.511245 3.115018 0.002771
 1004.000000 1.375787 -3.026307 0.003352
 1005.000000 -0.365558 2.868090 0.002952
 1006.000000 1.103089 2.613292 0.003010
 1007.000000 -0.331546 2.866932 0.003164
 1008.000000 1.293796 2.514229 0.003649
 1009.000000 1.215040 3.091701 0.002498
 1010.000000 -0.251648 2.571632 0.002696
 1011.000000 1.571314 3.132810 0.002379
 1012.000000 1.213569 3.043753 0.003565
 1013.000000 1.134948 2.541228 0.003463
 1014.000000 -0.586534 2.758727 0.002900
 1015.000000 -0.330252 -3.022024 0.003032
 1016.000000 -0.489668 2.982082 0.003646
 1017.000000 1.880197 2.423256 0.004344
 1018.000000 0.959496 3.068727 0.003397
 1019.000000 -0.410205 3.127652 0.003263
 1020.000000 -0.456464 2.750802 0.002892
 1021.000000 -0.321775 2.636893 0.003106
 1022.000000 -0.312053 2.829228 0.003201
 1023.000000 -0.424050 3.089879 0.003102
 1024.000000 0.916918 -2.913713 0.002985
 1025.000000 -0.453741 3.127011 0.003004
 1026.000000 -0.486335 2.948706 0.003104
 1027.000000 0.880494 -3.140071 0.003344
 1028.000000 -0.184648 2.842997 0.002709
 1029.000000 -0.300889 2.799633 0.003077
 1030.000000 -0.347709 -2.901758 0.006055
 1031.000000 -0.272780 2.861776 0.003398
 1032.000000 -0.366314 2.676227 0.002455
 1033.000000 -0.510058 2.720750 0.002925
 1034.000000 -0.094701 2.842383 0.003222
 1035.000000 1.488648 2.751527 0.003139
 1036.000000 0.972874 2.619364 0.002792
 1037.000000 1.152228 2.602499 0.002210
 1038.000000 -0.520888 2.470608 0.002973
 1039.000000 1.171466 -3.094141 0.002831
 1040.000000 -0.304665 -3.109995 0.003705
 1041.000000 -0.274008 2.702683 0.003467
 1042.000000 -0.313664 2.809855 0.003286
 1043.000000 -0.360463 2.843436 0.003834
 1044.000000 -0.414738 2.677056 0.002845
 1045.000000 -0.394923 2.870089 0.002859
 1046.000000 -0.442614 2.750129 0.003135
 1047.000000 1.765069 2.690402 0.003615
 1048.000000 1.185532 -3.021414 0.002864
 1049.000000 -0.341868 2.910974 0.003407
 1050.000000 -0.384649 2.457285 0.003180
 1051.000000 -0.406859 2.863388 0.002942
 1052.000000 0.095922 2.632539 0.002510
 1053.000000 0.820012 -3.089653 0.002348
 1054.000000 1.420897 2.693142 0.002573
 1055.000000 -0.274167 2.510147 0.002953
 1056.000000 -0.434661 2.723530 0.002524
 1057.000000 1.154322 2.580854 0.003046
 1058.000000 -0.401836 2.981779 0.003266
 1059.000000 1.372124 2.600733 0.002534
 1060.000000 0.976610 2.383535 0.003811
 1061.000000 1.366132 2.875302 0.002963
 1062.000000 1.060901 -3.024346 0.003553
 1063.000000 1.506837 2.923513 0.003065
 1064.000000 1.569762 2.744693 0.002770
 1065.000000 -0.384426 2.979936 0.003292
 1066.000000 -0.382056 2.759028 0.002880
 1067.000000 1.210962 2.745975 0.002786
 1068.000000 -0.516801 2.716466 0.002852
 1069.000000 1.462052 3.065163 0.002372
 1070.000000 1.184445 2.743885 0.002674
 1071.000000 0.995320 2.764872 0.003943
 1072.000000 1.148521 -3.081321 0.002844
 1073.000000 0.988301 2.671450 0.001994
 1074.000000 1.029335 2.605939 0.002319
 1075.000000 -0.309265 -3.028114 0.002658
 1076.000000 -0.376185 -3.067556 0.003837
 1077.000000 1.110568 3.084379 0.003098
 1078.000000 -0.390248 2.998891 0.003353
 1079.000000 -0.403970 2.874363 0.002781
 1080.000000 -0.404255 2.882068 0.004158
 1081.000000 1.530176 2.749443 0.002637
 1082.000000 1.679892 2.523587 0.002643
 1083.000000 -0.353226 2.611328 0.006023
 1084.000000 1.292380 2.318372 0.002763
 1085.000000 1.119327 2.655379 0.002581
 1086.000000 1.489504 2.875439 0.003110
 1087.000000 -0.455410 2.803359 0.003555
 1088.000000 -0.357931 3.018748 0.002888
 1089.000000 1.357246 -2.824289 0.003680
 1090.000000 1.827224 3.088266 0.003179
 1091.000000 -0.522685 -2.866418 0.002923
 1092.000000 1.036362 3.096649 0.002865
 1093.000000 1.353075 2.796052 0.003466
 1094.000000 0.911333 2.259630 0.003381
 1095.000000 0.797082 2.639557 0.003367
 1096.000000 1.298364 2.957592 0.003250
 1097.000000 0.998102 2.979130 0.002889
 1098.000000 -0.386520 3.031125 0.003266
 1099.000000 1.210200 -3.068913 0.003531
 1100.000000 -0.373795 3.049139 0.003416
 1101.000000 -0.380322 2.935885 0.003279
 1102.000000 1.785351 3.103894 0.002866
 1103.000000 -0.384961 2.934239 0.003217
 1104.000000 -0.468317 2.659626 0.003182
 1105.000000 -0.258106 -2.951006 0.003738
 1106.000000 -0.336008 3.025478 0.002393
 1107.000000 1.333513 2.915634 0.003653
 1108.000000 -0.260225 2.754053 0.003185
 1109.000000 -0.471017 -2.516043 0.001576
 1110.000000 -0.172210 3.012609 0.003256
 1111.000000 1.325595 3.062346 0.002644
 1112.000000 0.830867 2.940434 0.003200
 1113.000000 -0.428837 2.975189 0.003462
 1114.000000 -0.358936 2.799364 0.003361
 1115.000000 -0.153736 2.711075 0.003075
 1116.000000 1.193585 2.512687 0.003098
 1117.000000 -0.355829 -3.024320 0.002535
 1118.000000 -0.317089 2.637823 0.003430
 1119.000000 -0.323290 2.822010 0.003253
 1120.000000 -0.319609 2.835493 0.005169
 1121.000000 -0.334832 2.650269 0.005181
 1122.000000 0.927037 -3.040389 0.002878
 1123.000000 -0.387402 3.047884 0.002803
 1124.000000 -0.248626 2.796725 0.003438
 1125.000000 1.496057 2.629198 0.002889
 1126.000000 0.979088 2.685540 0.001707
 1127.000000 1.083359 2.855683 0.003160
 1128.000000 1.151883 1.779198 0.002334
 1129.000000 -0.277412 2.939279 0.003193
 1130.000000 -0.315907 2.660285 0.003613
 1131.000000 -0.479047 2.456805 0.004049
 1132.000000 -0.330694 3.033640 0.003113
 1133.000000 1.699167 2.717706 0.002604
 1134.000000 1.185490 2.977856 0.002398
 1135.000000 -0.242659 2.843154 0.003270
 1136.000000 -0.480202 -2.867711 0.002819
 1137.000000 -0.379066 2.870560 0.003288
 1138.000000 -0.447465 2.955936 0.002777
 1139.000000 0.923878 2.952167 0.002766
 1140.000000 1.259458 2.966221 0.002802
 1141.000000 -0.395301 2.695901 0.005486
 1142.000000 -0.435473 2.386951 0.002451
 1143.000000 -0.241340 2.948856 0.003343
 1144.000000 1.531039 2.824743 0.003741
 1145.000000 -0.190744 2.798609 0.003151
 1146.000000 -0.232026 2.895147 0.003125
 1147.000000 -0.422876 3.124527 0.002721
 1148.000000 -0.445023 2.771358 0.003585
 1149.000000 -0.273388 2.724051 0.004204
 1150.000000 1.325043 -3.059917 0.002812
 1151.000000 -0.329724 2.686021 0.002320
 1152.000000 -0.416661 2.489497 0.002396
 1153.000000 -0.385094 2.619634 0.003281
 1154.000000 -0.495200 -3.018164 0.002419
 1155.000000 1.342645 -3.045273 0.002944
 1156.000000 1.536598 2.572497 0.002577
 1157.000000 -0.331247 3.010605 0.003618
 1158.000000 -0.421319 -2.840655 0.003128
 1159.000000 -0.410785 2.732999 0.003583
 1160.000000 -0.172817 2.892420 0.003104
 1161.000000 1.023070 3.048520 0.002802
 1162.000000 -0.377057 2.758190 0.003187
 1163.000000 -0.386656 2.814838 0.002868
 1164.000000 -0.240373 2.833597 0.003571
 1165.000000 1.290134 2.875512 0.003129
 1166.000000 -0.205025 -2.833161 0.004416
 1167.000000 -0.421109 2.850287 0.002906
 1168.000000 1.289658 2.541583 0.003307
 1169.000000 1.519589 -3.068346 0.002362
 1170.000000 -0.458414 3.028837 0.003814
 1171.000000 -0.305463 2.868684 0.002763
 1172.000000 -0.446742 2.993793 0.002813
 1173.000000 -0.301707 -3.009651 0.007146
 1174.000000 -0.349817 2.818433 0.003475
 1175.000000 1.400034 2.720740 0.002639
 1176.000000 -0.373094 2.772001 0.003151
 1177.000000 -0.509885 -2.879927 0.003161
 1178.000000 -0.199959 2.325936 0.002906
 1179.000000 -0.169710 2.606776 0.002977
 1180.000000 1.285588 2.719736 0.002546
 1181.000000 1.398287 -2.809509 0.003595
 1182.000000 -0.375092 -2.969346 0.004831
 1183.000000 -0.352316 2.727193 0.003252
 1184.000000 1.208068 -3.010122 0.003032
 1185.000000 -0.449215 -2.870572 0.002607
 1186.000000 -0.333885 2.881185 0.003017
 1187.000000 1.695890 2.847417 0.002870
 1188.000000 -0.251616 -2.935963 0.005525
 1189.000000 -0.388060 3.100813 0.006540
 1190.000000 -0.258047 -3.076482 0.003758
 1191.000000 1.542254 3.003306 0.003468
 1192.000000 -0.201123 2.753986 0.003227
 1193.000000 1.057076 3.020585 0.002891
 1194.000000 -0.356155 3.040402 0.003443
 1195.000000 -0.437785 -2.760128 0.002354
 1196.000000 -0.252918 2.848056 0.003665
 1197.000000 -0.115315 2.761253 0.003295
 1198.000000 -0.343427 2.914084 0.003617
 1199.000000 -0.255582 2.702954 0.003186
 1200.000000 -0.477625 2.914103 0.003537
 1201.000000 1.027436 2.301609 0.003034
 1202.000000 0.649866 2.566913 0.002248
 1203.000000 1.300428 2.669655 0.003738
 1204.000000 1.276159 2.628940 0.003893
 1205.000000 -0.424559 2.975424 0.003256
 1206.000000 1.569743 2.746754 0.002882
 1207.000000 -0.039939 2.971771 0.002930
 1208.000000 -0.102945 -3.045246 0.003159
 1209.000000 1.426701 2.540944 0.002628
 1210.000000 1.181826 2.839536 0.002688
 1211.000000 -0.384971 3.104551 0.002831
 1212.000000 1.285990 2.628167 0.002759
 1213.000000 -0.335114 2.827088 0.003217
 1214.000000 1.543053 2.942083 0.003502
 1215.000000 1.037234 2.579305 0.003217
 1216.000000 1.157199 2.853483 0.002694
 1217.000000 -0.353341 -3.086270 0.002482
 1218.000000 -0.237156 -2.625558 0.002836
 1219.000000 -0.368895 2.682095 0.003250
 1220.000000 -0.482926 2.997888 0.003636
 1221.000000 -0.358786 3.007552 0.002804
 1222.000000 -0.386951 3.067232 0.003122
 1223.000000 -0.464841 2.890981 0.003394
 1224.000000 -0.449310 3.027924 0.003167
 1225.000000 -0.341667 3.091671 0.003704
 1226.000000 -0.178670 2.696959 0.005642
 1227.000000 -0.482882 2.509161 0.002164
 1228.000000 -0.381233 2.973991 0.003432
 1229.000000 -0.502268 2.827164 0.003618
 1230.000000 -0.394167 2.702720 0.003514
 1231.000000 -0.379057 2.495815 0.004738
 1232.000000 1.494313 -2.929561 0.002670
 1233.000000 -0.474722 2.865033 0.003445
 1234.000000 -0.477352 2.996967 0.004846
 1235.000000 1.240804 2.961327 0.003096
 1236.000000 -0.490469 2.893708 0.002446
 1237.000000 1.569266 2.602442 0.002757
 1238.000000 -0.486901 -2.851305 0.003228
 1239.000000 0.910399 3.004882 0.003090
 1240.000000 1.445407 2.802256 0.003377
 1241.000000 -0.378992 2.679590 0.003449
 1242.000000 -0.463753 -2.964897 0.002568
 1243.000000 -0.213480 2.796046 0.002983
 1244.000000 -0.381748 2.755939 0.003068
 1245.000000 -0.366612 2.656688 0.002667
 1246.000000 -0.304032 2.773818 0.002624
 1247.000000 -0.435680 2.463273 0.002256
 1248.000000 -0.303308 3.091185 0.003177
 1249.000000 -0.356472 2.570917 0.003400
 1250.000000 -0.181131 2.902971 0.003552
 1251.000000 -0.227896 2.698251 0.002986
 1252.000000 -0.434147 3.094546 0.003434
 1253.000000 -0.425593 2.969590 0.002913
 1254.000000 -0.315396 2.831708 0.003455
 1255.000000 1.977397 2.776294 0.002876
 1256.000000 -0.041187 -3.095381 0.006503
 1257.000000 -0.438635 2.770740 0.002864
 1258.000000 1.030519 2.833789 0.002998
 1259.000000 1.361024 -2.979813 0.002675
 1260.000000 1.439089 2.973388 0.003663
 1261.000000 -0.321472 2.888250 0.003544
 1262.000000 -0.431694 2.724231 0.003103
 1263.000000 -0.389822 -3.015645 0.003318
 1264.000000 1.486381 2.964357 0.003726
 1265.000000 1.176887 2.642862 0.003932
 1266.000000 -0.475465 2.749115 0.002735
 1267.000000 -0.369888 2.720312 0.003586
 1268.000000 0.904112 2.527077 0.002550
 1269.000000 -0.449338 3.040071 0.003712
 1270.000000 0.966757 3.021903 0.003051
 1271.000000 0.786149 2.848412 0.003463
 1272.000000 1.636307 -2.952204 0.002604
 1273.000000 1.531292 -3.112862 0.003110
 1274.000000 -0.281481 2.640871 0.003724
 1275.000000 1.266840 2.490121 0.002340
 1276.000000 1.116448 2.512659 0.003210
 1277.000000 -0.215713 2.883373 0.003328
 1278.000000 -0.380665 2.812597 0.003201
 1279.000000 -0.405363 2.666048 0.002879
 1280.000000 -0.207373 2.951096 0.005073
 1281.000000 -0.431406 2.978036 0.003188
 1282.000000 -0.368343 3.141090 0.006573
 1283.000000 -0.413324 -2.996221 0.007621
 1284.000000 1.271861 3.015015 0.003602
 1285.000000 -0.470446 2.901668 0.003375
 1286.000000 -0.428969 2.931773 0.003081
 1287.000000 -0.365729 -3.008776 0.002371
 1288.000000 1.404437 2.975124 0.002760
 1289.000000 1.208775 -2.931848 0.002496
 1290.000000 0.909283 2.630129 0.003283
 1291.000000 -0.102312 -2.584456 0.006204
 1292.000000 1.538182 3.098789 0.002792
 1293.000000 1.054506 2.778205 0.002989
 1294.000000 -0.314249 2.537057 0.003254
 1295.000000 -0.383122 -3.035342 0.003183
 1296.000000 1.432519 -2.997778 0.003584
 1297.000000 1.566834 2.643642 0.002756
 1298.000000 -0.159940 2.399065 0.003992
 1299.000000 -0.013734 2.882027 0.002676
 1300.000000 0.955158 2.656607 0.003338
 1301.000000 -0.474164 2.880579 0.003642
 1302.000000 -0.377312 2.722484 0.002867
 1303.000000 -0.483803 2.762864 0.002853
 1304.000000 0.081711 3.134658 0.004311
 1305.000000 0.035834 -2.965630 0.005259
 1306.000000 0.222442 -2.993305 0.004391
 1307.000000 0.406568 -3.029398 0.005849
 1308.000000 0.483896 -2.680735 0.001588
 1309.000000 -1.584959 -2.490110 0.000915
 1310.000000 -0.074772 2.466172 0.001538
 1311.000000 1.482543 -2.066719 0.002770
 1312.000000 -0.392879 -2.391411 0.002933
 1313.000000 -0.507176 -2.405109 0.004592
 1314.000000 -0.307413 -2.271877 0.003968
 1315.000000 0.342801 -2.673879 0.002265
 1316.000000 0.255559 -1.646872 0.000129
 1317.000000 0.350179 -2.833552 0.000761
 1318.000000 0.098405 -2.171027 0.000296
 1319.000000 0.457260 -2.602452 0.000306
 1320.000000 -0.501348 -2.673088 0.000575
 1321.000000 -0.340383 -1.838858 0.000329
 1322.000000 -1.567828 -2.640449 0.000236
 1323.000000 1.254589 -2.685840 0.000289
 1324.000000 0.440658 -3.060732 0.001285
 1325.000000 0.312205 -3.107440 0.001567
 1326.000000 -0.438180 -2.514706 0.000257
 1327.000000 0.439844 2.755128 0.001422
 1328.000000 0.426005 -2.593041 0.000249
 1329.000000 -1.870287 -2.443880 0.000919
 1330.000000 -1.477758 3.006193 0.001081
 1331.000000 0.241397 -2.562846 0.001079
 1332.000000 0.296359 -2.615950 0.001090
 1333.000000 -1.138408 -1.695110 0.000938
 1334.000000 0.604499 -3.007788 0.000850
 1335.000000 -0.373087 -3.024983 0.001382
 1336.000000 -1.194544 2.954147 0.000625
 1337.000000 -1.068036 -2.947345 0.000739
 1338.000000 -1.210596 3.097182 0.000766
 1339.000000 -1.189951 3.068904 0.000785
 1340.000000 -0.288706 -3.079222 0.001277
 1341.000000 0.515560 2.650855 0.000746
 1342.000000 0.215294 2.731807 0.002284
 1343.000000 0.392379 3.135834 0.001737
 1344.000000 -1.418322 2.695277 0.001679
 1345.000000 -0.582124 3.069342 0.000858
 1346.000000 -0.495758 -2.961853 0.000655
 1347.000000 0.340954 -3.076986 0.000617
 1348.000000 0.383999 2.880482 0.000770
 1349.000000 0.117002 -2.640495 0.000733
 1350.000000 -0.845129 -2.584848 0.000617
 1351.000000 0.419007 2.893831 0.000107
 1352.000000 -1.220918 -2.825699 0.000611
 1353.000000 -1.119609 -2.869623 0.000739
 1354.000000 -2.093884 -2.810495 0.000524
 1355.000000 -0.540482 -2.890529 0.000690
 1356.000000 0.207491 -2.716409 0.000230
 1357.000000 0.579174 -2.506875 0.000551
 1358.000000 0.479827 -2.209069 0.001239
 1359.000000 0.379274 -2.062056 0.001236
 1360.000000 0.174636 -2.466115 0.001873
 1361.000000 0.224671 -1.951830 0.001507
 1362.000000 0.350594 -1.980954 0.001269
 1363.000000 -0.487371 -2.633039 0.001820
 1364.000000 2.098101 -2.929850 0.001626
 1365.000000 0.162914 -2.931324 0.001362
 1366.000000 0.084277 3.136515 0.000230
 1367.000000 0.339955 -3.002212 0.001054
 1368.000000 0.316673 -2.655796 0.001321
 1369.000000 0.721335 2.380103 0.001183
 1370.000000 0.246888 -3.113436 0.001220
 1371.000000 0.275835 -2.091095 0.001508
 1372.000000 -1.137326 -2.768503 0.001216
 1373.000000 0.373022 -2.928932 0.001132
 1374.000000 -1.710476 2.697073 0.001293
 1375.000000 0.120913 -3.099839 0.001580
 1376.000000 0.389324 -2.867114 0.000508
 1377.000000 0.011545 -2.653614 0.000932
 1378.000000 0.479612 -2.772112 0.000424
 1379.000000 0.985480 -2.196074 0.001150
 1380.000000 1.076802 -2.455670 0.000534
 1381.000000 0.217901 3.021728 0.000573
 1382.000000 0.409564 -2.861913 0.001203
 1383.000000 0.202080 -2.823564 0.001040
 1384.000000 -0.400880 2.505540 0.001738
 1385.000000 0.337739 -2.695966 0.001397
 1386.000000 0.133425 -3.089583 0.002506
 1387.000000 0.338150 -2.841219 0.003870
 1388.000000 0.428450 2.803025 0.004562
 1389.000000 0.400851 -2.740480 0.001234
 1390.000000 -1.122642 2.907334 0.001509
 1391.000000 -0.308180 -2.927458 0.000348
 1392.000000 0.277459 2.808905 0.000337
 1393.000000 1.330583 2.655431 0.000311
 1394.000000 0.387048 -2.443476 0.000493
 1395.000000 0.335623 -2.308915 0.000933
 1396.000000 -1.246875 -2.641042 0.001140
 1397.000000 1.009041 -2.588358 0.000297
 1398.000000 -0.242230 2.788607 0.000442
 1399.000000 0.365502 -3.057424 0.000292
 1400.000000 -0.236361 2.583141 0.002092
 1401.000000 -0.578369 -2.885719 0.001068
 1402.000000 1.088378 -2.861006 0.002028
 1403.000000 1.749715 2.375135 0.000209
 1404.000000 -1.374357 -2.929058 0.000416
 1405.000000 0.492396 3.132068 0.001489
 1406.000000 -0.271435 2.791311 0.000743
 1407.000000 -1.233265 -3.073974 0.000442
 1408.000000 -0.499598 -2.799978 0.000707
 1409.000000 -0.484899 -2.559107 0.000539
 1410.000000 -0.445046 -2.668453 0.000658
 1411.000000 1.057888 -2.823010 0.000680
 1412.000000 -0.346688 -2.840968 0.001030
 1413.000000 -0.933593 -3.022500 0.000624
 1414.000000 -0.877559 -3.122059 0.002301
 1415.000000 0.155860 2.648482 0.001424
 1416.000000 0.991522 -2.220398 0.001063
 1417.000000 0.357066 -1.959691 0.001575
 1418.000000 0.345637 -2.083667 0.000821
 1419.000000 0.699994 -1.923234 0.000378
 1420.000000 -0.519894 -2.960630 0.000188
 1421.000000 0.337845 2.755624 0.000282
 1422.000000 0.404768 -2.839997 0.000132
 1423.000000 0.478892 3.071458 0.000840
 1424.000000 1.047213 -2.561899 0.000355
 1425.000000 0.400609 -2.051168 0.001455
 1426.000000 -0.493431 -2.695189 0.000305
 1427.000000 1.166060 2.790012 0.000121
 1428.000000 0.302087 -2.236816 0.000808
 1429.000000 0.698233 -2.726325 0.000267
 1430.000000 0.179761 -2.512352 0.000522
 1431.000000 1.245343 -2.747088 0.000190
 1432.000000 -1.624518 2.940895 0.000508
 1433.000000 0.430165 -2.648307 0.000798
 1434.000000 -0.306828 -2.804030 0.001079
 1435.000000 -0.231079 -2.750008 0.000790
 1436.000000 1.742708 -2.248301 0.000890
 1437.000000 0.401020 -2.589273 0.000673
 1438.000000 -1.225202 -2.819210 0.000257
 1439.000000 -0.424659 2.929176 0.000689
 1440.000000 -1.311825 -1.901749 0.000921
 1441.000000 0.280387 -2.305655 0.000616
 1442.000000 0.248110 -2.841925 0.000865
 1443.000000 0.137546 -2.452893 0.000795
 1444.000000 0.034765 -1.778922 0.001305
 1445.000000 0.089212 -2.749320 0.001065
 1446.000000 -0.220727 -2.126272 0.000775
 1447.000000 0.278824 -2.714853 0.000172
 1448.000000 1.052904 2.779353 0.001743
 1449.000000 -0.309080 -2.665055 0.000373
 1450.000000 -0.649119 2.738475 0.001510
 1451.000000 1.562201 2.872907 0.000749
 1452.000000 -0.049631 -3.060980 0.000402
 1453.000000 -1.603863 2.831139 0.000523
 1454.000000 1.233952 -2.581630 0.000679
 1455.000000 0.398153 -2.721075 0.000269
 1456.000000 -1.048826 2.743716 0.000599
 1457.000000 -1.414879 -2.796797 0.000269
 1458.000000 -1.524730 2.837888 0.000534
 1459.000000 1.480346 -2.871447 0.000355
 1460.000000 0.922852 -3.011704 0.001796
 1461.000000 0.252364 -2.644630 0.003017
 1462.000000 -1.282345 -2.141789 0.001031
 1463.000000 0.465336 -2.685888 0.000744
 1464.000000 0.256094 -2.591860 0.000944
 1465.000000 0.154314 -2.244723 0.004696
 1466.000000 0.137150 -2.160705 0.004750
 1467.000000 0.216483 -2.010578 0.004215
 1468.000000 0.396190 -2.350021 0.004576
 1469.000000 0.174452 -2.910200 0.002816
 1470.000000 0.407845 -2.777198 0.003525
 1471.000000 0.400329 -2.591836 0.001830
 1472.000000 0.416131 -2.025906 0.002101
 1473.000000 0.335181 -2.761311 0.002974
 1474.000000 0.277712 -2.594993 0.001986
 1475.000000 0.156381 -1.789913 0.001746
 1476.000000 0.271679 -2.175301 0.003300
 1477.000000 0.521905 -2.241066 0.001075
 1478.000000 0.480238 -2.269521 0.001806
 1479.000000 0.498452 -2.635097 0.000137
 1480.000000 0.129629 -2.390679 0.000394
 1481.000000 0.311114 -2.987378 0.000617
 1482.000000 0.241330 -2.428476 0.000510
 1483.000000 0.383590 -2.453366 0.000579
 1484.000000 1.332999 -2.820270 0.000698
 1485.000000 -0.310116 -2.269235 0.000529
 1486.000000 0.190593 -2.962386 0.000673
 1487.000000 -0.310495 -2.966517 0.000659
 1488.000000 0.099327 -2.990131 0.000807
 1489.000000 -0.362362 -1.764632 0.001226
 1490.000000 -0.052294 -2.898161 0.000668
 1491.000000 1.380469 -2.740438 0.000531
 1492.000000 0.281366 3.108298 0.000380
 1493.000000 0.318231 -2.033753 0.000164
 1494.000000 0.912767 -2.857551 0.000266
 1495.000000 -0.301552 -2.575431 0.000707
 1496.000000 0.441914 -3.003370 0.000947
 1497.000000 0.287489 -2.296117 0.000776
 1498.000000 -1.592876 -2.447521 0.001580
 1499.000000 1.095511 -2.165158 0.001315
 1500.000000 0.166517 -1.875394 0.000821
 1501.000000 0.315805 -2.565595 0.000513
 1502.000000 0.026100 2.723917 0.000372
 1503.000000 1.630014 -2.725021 0.000146
 1504.000000 0.437603 -2.126262 0.000775
 1505.000000 -1.670949 -2.547867 0.000958
 1506.000000 0.129192 -2.814296 0.000803
 1507.000000 0.318670 2.709362 0.000382
 1508.000000 0.055795 -2.677217 0.000118
 1509.000000 0.344076 -2.381326 0.000560
 1510.000000 0.387937 -3.048014 0.000487
 1511.000000 0.006218 2.684430 0.000269
 1512.000000 1.012158 -2.894606 0.000287
 1513.000000 0.947235 2.294215 0.000202
 1514.000000 0.838639 -2.208815 0.000695
 1515.000000 1.300889 -1.988991 0.001971
 1516.000000 0.410032 -2.027677 0.000615
 1517.000000 0.210230 -2.417498 0.001399
 1518.000000 0.132257 -2.538259 0.001940
 1519.000000 0.323049 -2.653237 0.000757
 1520.000000 0.389238 -2.569964 0.004116
 1521.000000 0.328794 -2.368247 0.001975
 1522.000000 0.344049 -1.960695 0.002074
 1523.000000 0.426817 -2.293962 0.001532
 1524.000000 0.225281 -2.838876 0.003884
 1525.000000 0.282187 -2.418871 0.002447
 1526.000000 0.144595 -2.202115 0.002121
 1527.000000 0.245056 -2.409881 0.002666
 1528.000000 0.098745 -2.107176 0.002646
 1529.000000 0.119291 -2.515354 0.001740
 1530.000000 0.367572 -2.334883 0.002238
 1531.000000 0.148255 -2.359481 0.003700
 1532.000000 0.308322 -2.306789 0.003569
 1533.000000 0.217512 -2.061304 0.003078
 1534.000000 0.418670 -2.346901 0.003641
 1535.000000 0.291910 -1.774077 0.002582
 1536.000000 0.290752 -2.001778 0.003856
 1537.000000 0.063729 -2.311170 0.002898
 1538.000000 0.212066 -2.089747 0.002687
 1539.000000 0.275128 -2.434251 0.002249
 1540.000000 0.202871 -2.225955 0.002127
 1541.000000 0.160248 -2.338323 0.002387
 1542.000000 0.265193 -1.910820 0.002412
 1543.000000 0.290718 -2.322554 0.001575
 1544.000000 0.301390 -2.562927 0.001121
 1545.000000 0.387605 -2.542738 0.001016
 1546.000000 0.204441 -1.798362 0.000983
 1547.000000 0.359346 -2.178450 0.002949
 1548.000000 0.449946 -2.151864 0.003293
 1549.000000 0.345690 -2.274983 0.002990
 1550.000000 0.225105 -2.196874 0.003159
 1551.000000 0.138664 -2.108971 0.001483
 1552.000000 0.114661 -2.354116 0.002225
 1553.000000 0.362044 -2.360461 0.002563
 1554.000000 0.188812 -2.835895 0.000696
 1555.000000 0.299382 -2.393268 0.002269
 1556.000000 0.095469 -2.047198 0.001207
 1557.000000 0.406817 -2.621485 0.000941
 1558.000000 0.310403 -3.060888 0.001455
 1559.000000 0.323844 2.534658 0.000894
 1560.000000 0.129423 -2.622224 0.001664
 1561.000000 -1.413456 3.004007 0.001237
 1562.000000 -0.378058 -2.903018 0.000308
 1563.000000 -0.385630 -2.088964 0.002217
 1564.000000 -1.158270 2.924900 0.000399
 1565.000000 0.315145 -3.106884 0.000221
 1566.000000 -1.187812 -2.691906 0.000183
 1567.000000 1.452107 -2.214975 0.000566
 1568.000000 0.510047 3.050302 0.000769
 1569.000000 1.243791 3.128766 0.000676
 1570.000000 0.417956 2.629127 0.001408
 1571.000000 0.348503 -2.500706 0.001373
 1572.000000 0.356002 -2.689841 0.000217
 1573.000000 0.396167 -1.864195 0.001588
 1574.000000 0.435202 2.958441 0.001024
 1575.000000 0.187684 2.567257 0.000273
 1576.000000 0.426748 -2.722354 0.000164
 1577.000000 0.184999 -2.202690 0.000174
 1578.000000 0.275900 -2.507204 0.000391
 1579.000000 1.090101 -2.641130 0.000368
 1580.000000 0.036968 -2.792040 0.000352
 1581.000000 0.483067 3.043181 0.000224
 1582.000000 -1.534598 -2.482665 0.002223
 1583.000000 -0.537120 -2.216777 0.001073
 1584.000000 1.308384 -2.644452 0.000505
 1585.000000 0.179943 -2.535226 0.000145
 1586.000000 1.413463 -2.607482 0.000785
 1587.000000 -1.700276 -2.594271 0.000918
 1588.000000 1.786219 -2.008422 0.001000
 1589.000000 -0.413651 -2.895256 0.001692
 1590.000000 -1.378407 -2.359592 0.001361
 1591.000000 1.108789 -2.778098 0.001129
 1592.000000 -0.035262 2.682605 0.001497
 1593.000000 0.192969 -2.972043 0.001281
 1594.000000 0.358218 2.963055 0.001520
 1595.000000 -0.108395 -2.916729 0.001142
 1596.000000 0.337245 3.070268 0.000327
 1597.000000 0.406084 -2.707169 0.000147
 1598.000000 0.401917 -2.500723 0.000274
 1599.000000 -0.148106 -2.666180 0.000318
 1600.000000 0.836061 -2.296473 0.001768
 1601.000000 -1.334042 -2.861453 0.000262
 1602.000000 -1.445336 2.610378 0.000324
 1603.000000 0.670421 3.061495 0.000180
 1604.000000 0.630190 -2.775970 0.000521
 1605.000000 -1.194234 2.670436 0.000849
 1606.000000 0.234567 2.893786 0.000631
 1607.000000 -1.597216 2.504650 0.000445
 1608.000000 0.291382 -3.028696 0.000713
 1609.000000 -0.371676 -2.916347 0.000254
 1610.000000 -0.521481 -2.799182 0.000755
 1611.000000 -0.080310 -2.643979 0.000450
 1612.000000 0.105491 -2.872030 0.000595
 1613.000000 -0.377691 -2.579225 0.000278
 1614.000000 0.331675 -2.557870 0.001281
 1615.000000 0.111968 2.677596 0.000565
 1616.000000 0.029625 -3.087357 0.000558
 1617.000000 -1.128630 3.066650 0.001086
 1618.000000 0.312496 -2.583571 0.001413
 1619.000000 0.492649 2.601375 0.001761
 1620.000000 1.036905 2.739760 0.003190
 1621.000000 -0.336123 -2.670297 0.002226
 1622.000000 1.406583 -2.762497 0.000568
 1623.000000 -0.312343 -2.898514 0.001028
 1624.000000 -0.269893 -2.461388 0.000965
 1625.000000 0.023176 -2.771634 0.000182
 1626.000000 0.466875 -2.506806 0.001401
 1627.000000 -1.424834 -2.918006 0.000979
 1628.000000 0.330172 2.782278 0.000609
 1629.000000 -1.524191 -2.586985 0.000313
 1630.000000 -1.033441 -2.879508 0.000532
 1631.000000 0.315556 2.922840 0.000697
 1632.000000 0.293861 3.012777 0.000466
 1633.000000 -0.179116 3.020204 0.000528
 1634.000000 1.167227 -2.670163 0.000156
 1635.000000 0.001443 -1.917309 0.000476
 1636.000000 0.458220 -2.685660 0.000208
 1637.000000 0.091995 -2.342120 0.000087
 1638.000000 0.457067 -2.564886 0.000245
 1639.000000 0.063038 -2.831439 0.000549
 1640.000000 -0.413863 2.681278 0.000525
 1641.000000 -0.331261 -2.689943 0.000270
 1642.000000 0.403348 -2.650216 0.000632
 1643.000000 -0.000533 -2.339952 0.001160
 1644.000000 1.553057 -2.645599 0.000544
 1645.000000 0.376306 2.718224 0.000659
 1646.000000 -1.239093 2.934810 0.001261
 1647.000000 0.493670 2.952900 0.000933
 1648.000000 -1.394518 2.810679 0.000935
 1649.000000 -1.549539 -2.693438 0.000331
 1650.000000 -1.406877 -3.057790 0.000615
 1651.000000 0.369003 -2.411035 0.000343
 1652.000000 0.403036 2.877669 0.000582
 1653.000000 -1.463279 -2.672060 0.000560
 1654.000000 1.000949 -2.950947 0.000892
 1655.000000 -1.768907 -3.064314 0.000651
 1656.000000 -1.371291 -2.767912 0.000197
 1657.000000 0.389792 -2.617354 0.000664
 1658.000000 0.177839 -2.938610 0.000585
 1659.000000 -0.013802 -2.117916 0.001002
 1660.000000 0.180270 -2.573142 0.000234
 1661.000000 0.331134 -2.900451 0.000095
 1662.000000 1.160294 -2.915198 0.000305
 1663.000000 1.405942 -2.742437 0.000269
 1664.000000 1.333650 -1.674724 0.000423
 1665.000000 1.020155 -2.236217 0.000832
 1666.000000 0.876510 -2.247278 0.000384
 1667.000000 0.216815 -2.461029 0.000790
 1668.000000 -0.051072 -2.738229 0.000512
 1669.000000 0.426239 -2.667524 0.000162
 1670.000000 -1.096024 -2.917447 0.000663
 1671.000000 0.426525 3.124474 0.000706
 1672.000000 -0.448089 3.090481 0.000505
 1673.000000 1.186648 2.583053 0.000255
 1674.000000 -1.326735 2.749954 0.000501
 1675.000000 -1.460321 2.598941 0.000490
 1676.000000 -0.143416 -2.965402 0.000388
 1677.000000 0.252074 -2.652457 0.001075
 1678.000000 0.415901 2.887124 0.000722
 1679.000000 -0.304175 -3.090047 0.000220
 1680.000000 0.037601 -2.179751 0.000649
 1681.000000 0.305003 -2.928806 0.000587
 1682.000000 -0.193890 3.120354 0.001127
 1683.000000 -0.156385 -2.793326 0.002358
 1684.000000 -0.194059 3.054443 0.001518
 1685.000000 -1.641414 -2.702466 0.000502
 1686.000000 -1.455892 -2.769500 0.000445
 1687.000000 -1.298883 2.902616 0.000556
 1688.000000 -1.548743 -3.014413 0.000612
 1689.000000 0.375425 -2.985807 0.000735
 1690.000000 -0.309933 -2.903907 0.000615
 1691.000000 -0.429308 -2.919473 0.001051
 1692.000000 0.174914 2.710790 0.000796
 1693.000000 0.393487 -2.754350 0.000315
 1694.000000 0.437813 -3.135534 0.000178
 1695.000000 1.441522 -2.878986 0.000201
 1696.000000 -1.535931 -2.589574 0.000707
 1697.000000 0.960313 -2.776925 0.000860
 1698.000000 1.180886 3.109998 0.000693
 1699.000000 0.352297 -2.654309 0.000238
 1700.000000 0.218222 3.063385 0.000183
 1701.000000 0.180119 -3.011604 0.000846
 1702.000000 -0.338329 -2.754481 0.000387
 1703.000000 -0.340705 -2.747339 0.000576
 1704.000000 0.249461 -2.657014 0.000212
 1705.000000 1.157591 -2.946958 0.000196
 1706.000000 -1.055442 -2.602107 0.000312
 1707.000000 0.238658 -2.800911 0.000109
 1708.000000 0.030687 -3.054608 0.000268
 1709.000000 -1.382189 -2.842537 0.000596
 1710.000000 0.477478 -2.648768 0.001277
 1711.000000 -1.672864 2.745192 0.000122
 1712.000000 -0.039536 -2.578076 0.000470
 1713.000000 0.317794 -2.557224 0.000273
 1714.000000 0.184774 -2.209656 0.001436
 1715.000000 1.234233 -2.314095 0.000770
 1716.000000 -1.176173 -2.724946 0.000331
 1717.000000 -0.441846 -3.127850 0.000710
 1718.000000 0.189480 -2.849278 0.000456
 1719.000000 -1.335218 -2.443780 0.000179
 1720.000000 0.462467 -2.420741 0.000319
 1721.000000 0.196369 -2.398112 0.000325
 1722.000000 0.349805 -2.662755 0.000653
 1723.000000 0.251682 -2.094446 0.000886
 1724.000000 0.179711 -2.299903 0.000801
 1725.000000 0.474460 -1.942461 0.000692
 1726.000000 0.197813 -2.738487 0.000735
 1727.000000 0.314804 -2.483800 0.001358
 1728.000000 0.292555 -3.112734 0.000939
 1729.000000 0.412338 3.033655 0.001722
 1730.000000 0.157634 -2.041937 0.001172
 1731.000000 -0.490741 -2.432683 0.000850
 1732.000000 0.892280 -1.979900 0.001185
 1733.000000 0.436391 -2.432770 0.001255
 1734.000000 0.299484 -2.661133 0.000304
 1735.000000 -0.221424 -2.191005 0.000239
 1736.000000 0.420805 -2.628315 0.000837
 1737.000000 0.267158 -2.909028 0.000687
 1738.000000 1.078317 -2.681531 0.000548
 1739.000000 0.164427 -2.360928 0.001047
 1740.000000 0.350052 -2.088217 0.000248
 1741.000000 0.167459 -2.379373 0.000908
 1742.000000 0.534609 -2.289497 0.000387
 1743.000000 1.099671 -2.686831 0.001754
 1744.000000 0.501895 -2.370858 0.000641
 1745.000000 0.266095 -2.814116 0.001424
 1746.000000 0.076385 -2.786935 0.000934
 1747.000000 -0.469334 -3.064716 0.000682
 1748.000000 -0.435609 -2.539341 0.000164
 1749.000000 0.323286 2.214534 0.000286
 1750.000000 -1.197550 -2.901749 0.000246
 1751.000000 0.436172 -2.692467 0.000740
 1752.000000 -0.264189 -2.832739 0.000876
 1753.000000 0.818652 -2.968824 0.000582
 1754.000000 -0.420985 -2.740214 0.000769
 1755.000000 -1.341345 -2.624044 0.000655
 1756.000000 0.474237 -2.742195 0.000360
 1757.000000 0.045603 -2.801833 0.000537
 1758.000000 0.305888 -2.410727 0.000925
 1759.000000 0.140672 -2.709158 0.000843
 1760.000000 0.160951 -2.327385 0.000588
 1761.000000 0.196715 3.019042 0.000859
 1762.000000 0.162076 -2.717213 0.000588
 1763.000000 -1.101652 -2.845957 0.000652
 1764.000000 0.428533 2.707943 0.000483
 1765.000000 0.129035 2.921148 0.000372
 1766.000000 0.104284 -2.922826 0.000626
 1767.000000 -0.068823 3.099908 0.000605
 1768.000000 0.022648 -2.888721 0.000640
 1769.000000 0.329670 -2.849395 0.000506
 1770.000000 0.263993 -3.056926 0.000772
 1771.000000 0.448094 -2.881002 0.000549
 1772.000000 0.337210 -3.057996 0.000583
 1773.000000 0.171585 2.856300 0.000706
 1774.000000 1.040800 -2.732768 0.000476
 1775.000000 1.430086 -2.767322 0.000535
 1776.000000 0.244055 -2.957474 0.000138
 1777.000000 -0.058337 -2.520785 0.000512
 1778.000000 -0.283605 2.910511 0.000318
 1779.000000 0.280327 2.180851 0.000089
 1780.000000 0.459724 -2.778746 0.000414
 1781.000000 0.298528 2.725082 0.000250
 1782.000000 0.132759 -1.726441 0.000319
 1783.000000 0.083696 -2.335170 0.000559
 1784.000000 0.414350 -3.050218 0.000469
 1785.000000 0.274216 2.604337 0.001300
 1786.000000 -0.030888 -3.103445 0.000172
 1787.000000 -0.506706 -2.557970 0.000277
 1788.000000 0.351861 -2.671770 0.000329
 1789.000000 -1.229886 -2.330527 0.000191
 1790.000000 0.354473 -1.531073 0.000979
 1791.000000 0.294476 -2.366815 0.000834
 1792.000000 0.003487 -2.187206 0.000679
 1793.000000 1.630387 -2.594718 0.000277
 1794.000000 0.349623 2.505470 0.000747
 1795.000000 0.164871 2.808760 0.000511
 1796.000000 -0.282756 -2.430350 0.000362
 1797.000000 1.223142 -2.897344 0.000284
 1798.000000 0.475942 2.691169 0.000341
 1799.000000 0.265014 -2.037623 0.000253
 1800.000000 0.421690 -2.796865 0.000402
 1801.000000 1.701179 -2.336944 0.000332
 1802.000000 0.382105 -2.110268 0.000190
 1803.000000 -0.582939 -2.637916 0.000308
 1804.000000 0.496854 -2.621570 0.000761
 1805.000000 0.473221 2.751112 0.001031
 1806.000000 0.592785 -2.130872 0.000343
 1807.000000 0.423807 -1.959646 0.000660
 1808.000000 0.955153 -2.747301 0.001006
 1809.000000 0.508333 -2.714876 0.000617
 1810.000000 0.305740 -2.014385 0.000990
 1811.000000 0.940280 -2.372062 0.000335
 1812.000000 0.699694 -2.747799 0.000444
 1813.000000 -0.971339 -2.873356 0.000635
 1814.000000 -0.220749 -2.726240 0.000217
 1815.000000 -0.328444 -3.077710 0.000624
 1816.000000 0.714203 -2.206111 0.000275
 1817.000000 0.319069 -2.916136 0.000306
 1818.000000 0.220613 -3.054756 0.001845
 1819.000000 0.203248 3.002890 0.001827
 1820.000000 1.861803 2.840386 0.000195
 1821.000000 0.094662 -1.784025 0.001197
 1822.000000 1.494847 -1.845737 0.000175
 1823.000000 0.564007 -2.944794 0.000832
 1824.000000 0.685329 -2.380969 0.000460
 1825.000000 -0.289775 2.685069 0.000203
 1826.000000 -0.013109 2.766661 0.000591
 1827.000000 0.498295 -2.636238 0.000561
 1828.000000 -0.309406 -2.680700 0.000500
 1829.000000 -0.244244 2.989584 0.000151
 1830.000000 0.050220 -2.159533 0.001346
 1831.000000 1.159052 -2.794018 0.000479
 1832.000000 -1.467740 -1.984365 0.000206
 1833.000000 -0.199990 -2.431966 0.000124
 1834.000000 0.365842 -2.875255 0.000265
 1835.000000 0.354856 2.968521 0.000803
 1836.000000 0.815827 -2.951795 0.000322
 1837.000000 0.354717 -2.233859 0.000154
 1838.000000 -0.638905 -2.715152 0.000567
 1839.000000 1.106008 -2.689591 0.000346
 1840.000000 -0.662707 -2.579589 0.000429
 1841.000000 0.361163 2.761640 0.000293
 1842.000000 -0.355510 -2.641040 0.000152
 1843.000000 -0.046059 -2.793034 0.000083
 1844.000000 0.452361 -2.963695 0.000129
 1845.000000 1.162103 2.895262 0.000526
 1846.000000 0.165672 -2.936657 0.000741
 1847.000000 -0.477164 2.979088 0.000816
 1848.000000 0.162451 -2.824656 0.001037
 1849.000000 0.491626 -2.552076 0.000217
 1850.000000 -0.199626 2.992236 0.000531
 1851.000000 -0.504025 2.746318 0.000375
 1852.000000 0.173717 2.786657 0.001943
 1853.000000 0.483433 2.719969 0.001388
 1854.000000 0.440183 2.883309 0.001004
 1855.000000 0.201916 -3.077223 0.001545
 1856.000000 0.157641 2.591352 0.000991
 1857.000000 0.310012 3.059069 0.001431
 1858.000000 0.350633 2.827587 0.001635
 1859.000000 0.135644 3.034944 0.000653
 1860.000000 0.270506 2.773550 0.000386
 1861.000000 0.259073 2.570264 0.000876
 1862.000000 -0.316851 -2.743104 0.000743
 1863.000000 1.716224 -2.609099 0.000413
 1864.000000 0.081701 -3.068282 0.000169
 1865.000000 0.455653 -2.793225 0.000967
 1866.000000 -0.159883 2.956964 0.000223
 1867.000000 0.199073 3.039321 0.000808
 1868.000000 -0.458520 2.683461 0.000608
 1869.000000 -0.075013 2.968843 0.000240
 1870.000000 -0.323181 2.702881 0.000391
 1871.000000 -0.460865 3.057276 0.001013
 1872.000000 -1.350834 -3.017538 0.000730
 1873.000000 -0.332362 -2.799978 0.000226
 1874.000000 1.161000 -2.672244 0.000584
 1875.000000 0.380720 -2.666758 0.001070
 1876.000000 0.363542 -2.736205 0.000422
 1877.000000 -0.428075 -2.784302 0.000141
 1878.000000 -1.819350 -3.031826 0.000213
 1879.000000 -0.358124 -2.694557 0.000169
 1880.000000 1.389559 -2.616261 0.000185
 1881.000000 -1.484055 -2.813536 0.000276
 1882.000000 1.427395 -2.240370 0.000132
 1883.000000 -1.409667 2.892844 0.000615
 1884.000000 -1.488752 2.461362 0.000649
 1885.000000 -1.051555 2.677788 0.000483
 1886.000000 -1.432547 -2.775302 0.000607
 1887.000000 0.244936 -2.701262 0.000283
 1888.000000 0.624239 -2.745681 0.000224
 1889.000000 0.352018 -2.571256 0.000280
 1890.000000 -0.596341 -2.794231 0.000195
 1891.000000 0.500567 -2.581145 0.000461
 1892.000000 -1.550259 -2.914519 0.000152
 1893.000000 0.554780 -2.622556 0.000086
 1894.000000 0.432813 -2.567744 0.000215
 1895.000000 0.168272 2.843658 0.000396
 1896.000000 0.065463 3.137020 0.000786
 1897.000000 1.696712 2.572373 0.000399
 1898.000000 -0.887065 -2.903622 0.000749
 1899.000000 0.165500 -2.692924 0.001242
 1900.000000 0.335667 -2.421437 0.001663
 1901.000000 0.064952 -2.468215 0.000848
 1902.000000 0.412521 3.016138 0.001065
 1903.000000 0.216195 -3.100509 0.001780
 1904.000000 0.304389 2.765048 0.000804
 1905.000000 0.066909 -3.137660 0.001514
 1906.000000 -1.482633 2.867945 0.001694
 1907.000000 0.082207 -2.573577 0.000703
 1908.000000 0.016069 -2.802680 0.000094
 1909.000000 0.244402 -2.622192 0.000301
 1910.000000 -1.583649 -2.955115 0.001532
 1911.000000 0.318057 2.580939 0.000673
 1912.000000 -0.408639 -2.428755 0.000674
 1913.000000 1.575556 -2.621937 0.000199
 1914.000000 -0.104936 -3.064881 0.000433
 1915.000000 1.173758 -3.086251 0.001066
 1916.000000 0.439265 -3.055993 0.000505
 1917.000000 0.476697 3.095037 0.000983
 1918.000000 0.418927 -2.985088 0.000899
 1919.000000 0.269506 2.982858 0.000542
 1920.000000 0.377654 -2.798920 0.000235
 1921.000000 1.761113 -3.135081 0.000992
 1922.000000 -0.364054 3.055654 0.000905
 1923.000000 -0.361214 2.701221 0.000510
 1924.000000 -0.448070 2.824512 0.001691
 1925.000000 1.201096 3.095502 0.000250
 1926.000000 -0.464215 -2.699563 0.000412
 1927.000000 -0.414770 2.769463 0.001552
 1928.000000 -0.465261 2.944879 0.001586
 1929.000000 1.139833 -3.111870 0.001478
 1930.000000 -0.453498 3.087730 0.001405
 1931.000000 1.465075 2.956696 0.001461
 1932.000000 1.290543 2.259483 0.001461
 1933.000000 1.456530 2.870406 0.001225
 1934.000000 2.121572 2.538872 0.001723
 1935.000000 -0.291114 2.588894 0.001848
 1936.000000 1.320713 -2.632251 0.001334
 1937.000000 0.466594 -1.965424 0.000294
 1938.000000 1.471043 -2.651771 0.000772
 1939.000000 -0.004301 -2.569481 0.000490
 1940.000000 0.317481 -3.056377 0.000448
 1941.000000 0.337181 -2.350136 0.000316
 1942.000000 1.104928 2.672504 0.000292
 1943.000000 -0.550300 -2.178179 0.000410
 1944.000000 -1.294004 2.806601 0.000448
 1945.000000 -0.252799 2.624146 0.001262
 1946.000000 -0.270945 -1.878097 0.000402
 1947.000000 0.161978 2.895281 0.000758
 1948.000000 -1.108041 -2.117933 0.000543
 1949.000000 0.370678 -2.378616 0.001925
 1950.000000 -1.272819 -2.867319 0.001909
 1951.000000 0.417629 -2.970566 0.001545
 1952.000000 0.426664 2.930145 0.000602
 1953.000000 1.617929 3.063307 0.001265
 1954.000000 1.298207 3.104636 0.000519
 1955.000000 -0.259798 2.903638 0.000480
 1956.000000 0.176670 -2.864383 0.000571
 1957.000000 -1.373358 2.675933 0.002054
 1958.000000 0.294100 2.727671 0.003866
 1959.000000 0.276135 -2.956001 0.001449
 1960.000000 0.246197 -3.119894 0.002111
 1961.000000 -0.354336 -2.766931 0.000601
 1962.000000 0.495860 3.131550 0.000792
 1963.000000 0.372525 -2.759214 0.001420
 1964.000000 0.291230 -2.144465 0.000401
 1965.000000 -0.382967 -2.546335 0.000415
 1966.000000 0.203342 -2.315041 0.000989
 1967.000000 -1.539997 -2.984670 0.000288
 1968.000000 0.280931 -2.598658 0.000099
 1969.000000 1.229889 -2.702723 0.000100
 1970.000000 0.357417 -2.681680 0.001391
 1971.000000 0.367317 -2.652202 0.000154
 1972.000000 -0.299551 -1.935903 0.001830
 1973.000000 1.461954 -2.876529 0.001602
 1974.000000 0.260676 -2.828399 0.000572
 1975.000000 -0.432477 -2.727078 0.000324
 1976.000000 1.262506 -2.959662 0.000203
 1977.000000 1.477786 -2.938937 0.000220
 1978.000000 0.706864 -2.455944 0.000309
 1979.000000 0.431082 -2.743381 0.000300
 1980.000000 0.483249 -2.657234 0.000228
 1981.000000 0.365523 -2.700012 0.000714
 1982.000000 0.456219 -2.766861 0.000785
 1983.000000 -0.336311 -2.555891 0.002427
 1984.000000 -0.377126 -2.755755 0.001190
 1985.000000 1.246119 -2.733689 0.000242
 1986.000000 1.208421 -2.616965 0.000450
 1987.000000 0.362521 -2.819987 0.000285
 1988.000000 -0.450723 2.837207 0.000447
 1989.000000 -0.010964 2.964894 0.000464
 1990.000000 0.449511 2.834166 0.000989
 1991.000000 0.391071 -2.699140 0.001053
 1992.000000 0.261918 -2.786288 0.001403
 1993.000000 0.523693 -2.714691 0.000561
 1994.000000 0.340029 -3.032532 0.001371
 1995.000000 0.205392 -2.848543 0.000695
 1996.000000 0.080437 -1.944150 0.001291
 1997.000000 0.295950 -1.911733 0.000962
 1998.000000 -0.047408 -2.519213 0.000846
 1999.000000 0.250273 -2.516744 0.000478
 2000.000000 0.363396 -2.178103 0.000551
 2001.000000 0.409193 -2.659122 0.000753
 2002.000000 0.231188 -1.801622 0.000219
 2003.000000 -0.483164 -2.756501 0.003307
 2004.000000 -0.032064 -2.212401 0.001679
 2005.000000 0.180152 -2.591898 0.002006
 2006.000000 -1.435543 2.849812 0.000404
 2007.000000 0.021957 2.693614 0.000843
 2008.000000 -1.156220 -1.956541 0.000656
 2009.000000 0.941535 -2.777394 0.000469
 2010.000000 0.441497 -2.536799 0.000251
 2011.000000 0.372655 -2.289684 0.000550
 2012.000000 -1.213795 -2.275420 0.001522
 2013.000000 -1.274337 -2.667318 0.000556
 2014.000000 0.160517 2.793860 0.000380
 2015.000000 0.391266 2.415371 0.000754
 2016.000000 0.129334 2.787903 0.002861
 2017.000000 0.354647 2.742198 0.001063
 2018.000000 1.131756 -2.535895 0.001025
 2019.000000 -0.428518 2.972556 0.000717
 2020.000000 0.325317 -2.471931 0.000867
 2021.000000 -0.654812 -2.113893 0.001876
 2022.000000 -0.170134 -2.381575 0.001874
 2023.000000 -0.017459 -2.692584 0.002176
 2024.000000 -0.147295 -2.837429 0.001091
 2025.000000 -1.596297 -1.967213 0.000821
 2026.000000 0.389021 -2.504637 0.005585
 2027.000000 0.510921 -2.408128 0.004375
 2028.000000 0.310204 -2.494212 0.001147
 2029.000000 0.125359 -1.980064 0.002890
 2030.000000 0.403199 -1.986050 0.000653
 2031.000000 0.478456 -3.021089 0.001592
 2032.000000 0.426401 3.090658 0.001391
 2033.000000 -1.165173 2.835319 0.000317
 2034.000000 0.147419 -2.782247 0.000203
 2035.000000 -1.443842 -2.110484 0.000205
 2036.000000 -1.365077 -2.382613 0.000540
 2037.000000 0.359441 -2.493314 0.000277
 2038.000000 -0.299304 -2.499139 0.000179
 2039.000000 1.023433 -2.488650 0.001227
 2040.000000 0.365347 -1.950285 0.000380
 2041.000000 1.313184 -2.698598 0.000403
 2042.000000 -1.179400 -2.757691 0.000294
 2043.000000 1.472505 -2.483210 0.000463
 2044.000000 0.480839 -2.852724 0.000289
 2045.000000 0.174345 -2.446475 0.000950
 2046.000000 0.265160 -3.109549 0.000512
 2047.000000 0.264846 -2.887571 0.001268
 2048.000000 0.232208 -2.811952 0.001638
 2049.000000 0.181620 -2.284159 0.002421
 2050.000000 0.160216 -2.420187 0.002685
 2051.000000 0.335712 -2.949092 0.001029
 2052.000000 0.438027 -2.236105 0.001994
 2053.000000 0.123999 2.935443 0.002363
 2054.000000 0.361477 2.608292 0.001869
 2055.000000 0.296148 -3.023436 0.002160
 2056.000000 0.360010 -2.958932 0.002126
 2057.000000 0.233725 -3.031861 0.002279
 2058.000000 0.098404 -3.131328 0.001332
 2059.000000 -0.242198 -2.666235 0.001939
 2060.000000 0.203963 -2.883374 0.000381
 2061.000000 -0.351960 -3.000311 0.000442
 2062.000000 -0.442250 -2.737984 0.000883
 2063.000000 -1.658136 -3.004922 0.000970
 2064.000000 0.372823 -2.491537 0.000540
 2065.000000 0.249415 2.936974 0.000696
 2066.000000 0.258290 -3.106309 0.000859
 2067.000000 0.097579 -2.662555 0.000303
 2068.000000 0.065992 -2.697954 0.000427
 2069.000000 0.446035 -2.914752 0.000330
 2070.000000 0.304410 -2.727548 0.000255
 2071.000000 -0.381369 -2.704828 0.000428
 2072.000000 -0.324524 -2.435315 0.000325
 2073.000000 1.157247 -2.719291 0.000190
 2074.000000 0.448181 -2.604437 0.000659
 2075.000000 1.436038 2.829556 0.001476
 2076.000000 0.264702 2.836780 0.001101
 2077.000000 0.967266 -2.459999 0.000161
 2078.000000 1.236950 -2.556041 0.000775
 2079.000000 -0.297544 -3.013887 0.000938
 2080.000000 -0.204240 -2.632793 0.001254
 2081.000000 -1.413211 -2.755703 0.000593
 2082.000000 0.163942 -2.245847 0.001070
 2083.000000 0.438784 -1.856746 0.000308
 2084.000000 0.095365 -2.312266 0.001170
 2085.000000 1.682470 -2.703524 0.000157
 2086.000000 -1.405607 -2.814830 0.000445
 2087.000000 0.140227 3.123209 0.001459
 2088.000000 0.268101 -2.884870 0.001158
 2089.000000 0.030507 -3.036721 0.000211
 2090.000000 0.814109 2.810695 0.000853
 2091.000000 0.536455 -2.908486 0.000968
 2092.000000 0.402315 2.941333 0.000346
 2093.000000 0.293148 3.008454 0.000354
 2094.000000 -0.401595 -2.662050 0.000666
 2095.000000 -0.279945 -2.299380 0.000577
 2096.000000 -1.070966 -2.905702 0.000570
 2097.000000 -1.338964 -2.623218 0.000923
 2098.000000 0.277522 2.647214 0.000515
 2099.000000 -1.345256 2.977852 0.000156
 2100.000000 -0.228873 2.716545 0.000789
 2101.000000 0.345805 -2.807689 0.000245
 2102.000000 -0.063470 -2.843910 0.000672
 2103.000000 0.076235 -2.941456 0.000461
 2104.000000 0.147683 -2.861044 0.000179
 2105.000000 0.136530 -1.803735 0.001490
 2106.000000 0.429610 -2.002630 0.002783
 2107.000000 0.323686 -2.196082 0.001203
 2108.000000 0.257919 -2.570890 0.002386
 2109.000000 0.274670 -2.813562 0.001979
 2110.000000 0.345601 -2.516246 0.002280
 2111.000000 0.119079 -2.613612 0.002119
 2112.000000 0.336288 -1.890741 0.001771
 2113.000000 0.188695 -2.512110 0.001784
 2114.000000 0.184216 -2.269908 0.003896
 2115.000000 0.118393 -2.581931 0.003020
 2116.000000 0.286743 -2.049208 0.004192
 2117.000000 0.228459 -2.862445 0.004154
 2118.000000 -0.003755 -2.010693 0.004395
 2119.000000 0.389009 -1.945559 0.001384
 2120.000000 0.191573 -2.499503 0.001916
 2121.000000 0.278040 -1.822596 0.000850
 2122.000000 0.288614 -2.383575 0.005905
 2123.000000 0.377170 -2.226120 0.001796
 2124.000000 0.176312 2.850521 0.000486
 2125.000000 -1.300725 2.599603 0.000591
 2126.000000 0.328023 -3.114174 0.000358
 2127.000000 -0.301936 -2.785577 0.000589
 2128.000000 1.528051 -2.365825 0.001385
 2129.000000 0.091285 -2.805854 0.000340
 2130.000000 -1.270445 -2.684390 0.000356
 2131.000000 0.258974 2.860704 0.000163
 2132.000000 0.364120 -2.927927 0.000891
 2133.000000 -1.569159 -2.691845 0.001037
 2134.000000 -0.255587 -2.607884 0.000995
 2135.000000 -1.499977 -2.717543 0.001007
 2136.000000 0.420927 -3.107555 0.000942
 2137.000000 1.297047 3.135594 0.000970
 2138.000000 1.109160 -3.029824 0.000544
 2139.000000 -1.492858 -2.821786 0.000863
 2140.000000 -0.278641 3.006351 0.001144
 2141.000000 0.344624 -2.246108 0.001393
 2142.000000 -0.278716 -1.763390 0.001132
 2143.000000 0.891176 -2.417838 0.001541
 2144.000000 0.556988 -2.455540 0.000686
 2145.000000 0.259056 -2.937203 0.001036
 2146.000000 -0.020409 -2.851535 0.000073
 2147.000000 1.095440 -2.629763 0.001015
 2148.000000 0.474610 -2.984511 0.000485
 2149.000000 0.290045 -2.141784 0.000127
 2150.000000 0.302436 -2.398530 0.000280
 2151.000000 -0.407420 -2.819623 0.000627
 2152.000000 0.426427 -2.155338 0.003011
 2153.000000 0.035076 -1.555712 0.000739
 2154.000000 0.149459 -2.672026 0.000377
 2155.000000 1.382754 -2.832454 0.000320
 2156.000000 0.130607 2.850245 0.000180
 2157.000000 -0.189528 -3.037087 0.000568
 2158.000000 0.040936 -2.844903 0.000977
 2159.000000 0.306125 2.952639 0.002860
 2160.000000 0.238743 -2.785216 0.003665
 2161.000000 0.331715 -2.981402 0.001087
 2162.000000 0.391061 -3.012503 0.001564
 2163.000000 0.357114 -3.121219 0.000969
 2164.000000 0.487146 -3.000503 0.001682
 2165.000000 0.433381 2.681630 0.001224
 2166.000000 0.344491 2.768523 0.001078
 2167.000000 0.427052 2.746981 0.001899
 2168.000000 0.442802 3.018669 0.001186
 2169.000000 0.379794 -3.129973 0.001208
 2170.000000 0.071108 -2.683318 0.000933
 2171.000000 0.468766 3.075027 0.001070
 2172.000000 0.408912 3.068832 0.000974
 2173.000000 0.411012 2.926413 0.001726
 2174.000000 0.416673 2.905717 0.001778
 2175.000000 0.359321 2.800832 0.001645
 2176.000000 0.309068 -3.074969 0.001212
 2177.000000 0.353114 2.826665 0.000883
 2178.000000 0.405911 3.108311 0.000817
 2179.000000 0.380804 2.734598 0.001139
 2180.000000 0.229328 2.657800 0.000925
 2181.000000 0.329400 2.849317 0.001212
 2182.000000 0.468956 3.074391 0.001934
 2183.000000 0.172637 2.959451 0.001054
 2184.000000 0.421384 -2.700137 0.001399
 2185.000000 0.438309 2.644555 0.001824
 2186.000000 0.493141 -3.083824 0.000914
 2187.000000 0.285462 -3.004859 0.001289
 2188.000000 0.350886 2.772126 0.001261
 2189.000000 0.476026 3.056521 0.000973
 2190.000000 0.065592 3.079521 0.001195
 2191.000000 0.380415 2.903842 0.001241
 2192.000000 0.188738 2.771787 0.001200
 2193.000000 0.341033 2.856992 0.001176
 2194.000000 0.497324 2.502572 0.001117
 2195.000000 0.251944 -3.138780 0.001626
 2196.000000 0.379524 3.139858 0.000951
 2197.000000 -0.856013 2.400987 0.000855
 2198.000000 0.314879 2.877527 0.001457
 2199.000000 0.353941 -3.130367 0.001625
 2200.000000 0.296081 2.843515 0.001491
 2201.000000 0.291428 2.859683 0.001136
 2202.000000 0.234067 -3.101879 0.001155
 2203.000000 0.406106 3.114372 0.001017
 2204.000000 0.431670 2.895442 0.001303
 2205.000000 0.355691 2.488246 0.001196
 2206.000000 0.456605 2.750699 0.001149
 2207.000000 0.501229 -3.094934 0.001893
 2208.000000 0.392798 2.935244 0.001482
 2209.000000 0.396922 2.795503 0.001176
 2210.000000 0.438618 3.113653 0.001085
 2211.000000 0.454594 3.104316 0.001845
 2212.000000 0.352050 2.769977 0.001005
 2213.000000 0.490592 2.944398 0.001043
 2214.000000 0.335728 2.694473 0.001202
 2215.000000 0.188515 -3.094191 0.000160
 2216.000000 0.237549 2.978104 0.000611
 2217.000000 0.064958 -2.365463 0.001555
 2218.000000 -0.505639 -2.841764 0.001113
 2219.000000 -0.270244 -2.664221 0.001421
 2220.000000 1.375119 -2.630930 0.001261
 2221.000000 1.066290 2.792098 0.001823
 2222.000000 -0.206667 -2.531316 0.002125
 2223.000000 0.345545 2.963591 0.001005
 2224.000000 0.272459 -3.023196 0.001019
 2225.000000 0.376996 -2.755948 0.001775
 2226.000000 0.481877 -1.903463 0.004124
 2227.000000 -1.317279 -2.251465 0.000279
 2228.000000 -1.676759 -2.127220 0.000215
 2229.000000 0.270789 -2.829479 0.000654
 2230.000000 -1.074048 3.002904 0.000249
 2231.000000 0.319931 -3.087043 0.000533
 2232.000000 -1.156788 -2.746794 0.000375
 2233.000000 0.093738 -2.876517 0.000755
 2234.000000 0.414984 3.134401 0.000804
 2235.000000 0.252040 2.687959 0.001831
 2236.000000 -0.332134 -2.664402 0.000858
 2237.000000 -1.253095 2.882384 0.000870
 2238.000000 -0.430500 -3.008795 0.000608
 2239.000000 0.479871 -2.625594 0.000104
 2240.000000 0.223820 -2.638661 0.000257
 2241.000000 1.316904 2.715625 0.000292
 2242.000000 0.662581 -2.494802 0.000189
 2243.000000 0.331935 -2.134448 0.000144
 2244.000000 -0.401573 2.779704 0.000394
 2245.000000 0.165367 -2.056979 0.000520
 2246.000000 0.375311 -2.603705 0.000188
 2247.000000 0.365981 -2.440593 0.000182
 2248.000000 -0.214317 -2.850908 0.000545
 2249.000000 -0.388693 -2.822736 0.000847
 2250.000000 -0.463278 -2.767082 0.000748
 2251.000000 0.578638 -2.258346 0.000129
 2252.000000 -0.010508 2.766430 0.000664
 2253.000000 0.392482 -3.122512 0.000527
 2254.000000 0.405892 2.532084 0.000403
 2255.000000 1.264753 -2.917000 0.000380
 2256.000000 -1.037953 -2.593661 0.000259
 2257.000000 -1.108986 3.045302 0.000291
 2258.000000 -0.561961 2.652500 0.000343
 2259.000000 0.245579 2.679038 0.000849
 2260.000000 0.496654 3.063051 0.000200
 2261.000000 -0.792982 3.100327 0.000472
 2262.000000 0.413603 -2.374505 0.000897
 2263.000000 0.379273 -2.707537 0.000167
 2264.000000 -0.082616 -1.620897 0.000234
 2265.000000 0.864578 2.660835 0.000102
 2266.000000 0.076752 -2.227535 0.000468
 2267.000000 0.377353 -2.678924 0.000390
 2268.000000 0.791952 -2.218874 0.000700
 2269.000000 0.687659 -2.960117 0.001050
 2270.000000 1.526312 -2.714136 0.001373
 2271.000000 -1.283223 -2.512071 0.000588
 2272.000000 0.434684 -2.801756 0.000631
 2273.000000 0.203355 3.054967 0.000506
 2274.000000 0.328533 -2.635531 0.000210
 2275.000000 0.475792 -2.468823 0.000309
 2276.000000 0.387837 2.643216 0.000878
 2277.000000 -0.261954 -3.054317 0.000497
 2278.000000 -1.825037 -3.060969 0.000402
 2279.000000 1.764040 -2.802061 0.000250
 2280.000000 -0.494900 2.778913 0.001361
 2281.000000 0.385806 -1.917345 0.000621
 2282.000000 0.035947 -2.796938 0.001285
 2283.000000 1.303954 2.997298 0.002071
 2284.000000 -0.371884 2.806572 0.001181
 2285.000000 -0.435750 2.873018 0.000290
 2286.000000 0.396272 2.891592 0.000150
 2287.000000 0.455124 2.679408 0.000281
 2288.000000 0.271300 -2.932862 0.000242
 2289.000000 0.164028 2.873613 0.000358
 2290.000000 0.267761 -2.964666 0.001170
 2291.000000 0.263473 2.887514 0.001192
 2292.000000 0.416317 -2.638971 0.001918
 2293.000000 0.354128 -2.819380 0.000159
 2294.000000 0.342574 -1.787247 0.000415
 2295.000000 0.553303 -2.587557 0.000402
 2296.000000 -1.223095 -2.911253 0.000157
 2297.000000 -1.027416 -2.441125 0.000437
 2298.000000 0.285265 -2.520235 0.000263
 2299.000000 0.306115 -2.786415 0.000698
 2300.000000 0.455533 -1.969381 0.000447
 2301.000000 1.405361 -2.630915 0.000189
 2302.000000 0.374973 2.754262 0.001951
 2303.000000 -0.436886 -2.929714 0.000427
 2304.000000 -0.436709 2.776964 0.000762
 2305.000000 0.455854 -2.621299 0.001021
 2306.000000 0.202312 -2.554120 0.001481
 2307.000000 -1.188007 -2.850193 0.000794
 2308.000000 0.357624 -2.546327 0.000947
 2309.000000 0.249518 3.054077 0.000491
 2310.000000 -1.666427 -2.698234 0.001890
 2311.000000 -0.420766 -2.711658 0.000502
 2312.000000 -0.403694 -2.733719 0.000683
 2313.000000 -0.530494 -2.666854 0.000099
 2314.000000 -1.663052 -2.749534 0.000858
 2315.000000 0.346478 2.706517 0.000255
 2316.000000 -1.253104 -2.939638 0.000686
 2317.000000 0.384857 2.693307 0.000953
 2318.000000 0.353817 -3.120270 0.000673
 2319.000000 1.223399 2.706163 0.000690
 2320.000000 0.437531 -2.635548 0.000454
 2321.000000 -0.240560 2.586851 0.000958
 2322.000000 0.263154 2.670050 0.000688
 2323.000000 1.135102 -2.452291 0.000619
 2324.000000 0.433279 -2.581953 0.000680
 2325.000000 0.098190 -2.558963 0.000797
 2326.000000 0.748246 -2.466849 0.000225
 2327.000000 0.199080 -2.657208 0.000664
 2328.000000 0.446684 -3.100050 0.000259
 2329.000000 -1.148490 -3.001355 0.000546
 2330.000000 -0.275410 2.815802 0.000256
 2331.000000 -0.434428 2.869639 0.000492
 2332.000000 0.288846 3.056338 0.000337
 2333.000000 1.064768 -2.777673 0.000359
 2334.000000 0.122751 -2.696661 0.000619
 2335.000000 -1.071517 -2.728806 0.000466
 2336.000000 -1.505112 2.947731 0.000787
 2337.000000 0.330082 3.101550 0.000646
 2338.000000 -0.194405 -2.634208 0.001136
 2339.000000 0.163692 -2.097540 0.001237
 2340.000000 -1.508950 -3.061408 0.000633
 2341.000000 0.070273 -3.109688 0.000769
 2342.000000 0.319080 -2.978060 0.002293
 2343.000000 0.049166 -2.983150 0.001942
 2344.000000 0.192264 3.018226 0.001486
 2345.000000 -1.376679 2.709612 0.000758
 2346.000000 0.378753 3.118781 0.000951
 2347.000000 -1.308748 -2.780428 0.000883
 2348.000000 -0.146044 -2.905978 0.000663
 2349.000000 0.043156 3.042860 0.000665
 2350.000000 -1.484946 2.929377 0.001137
 2351.000000 -0.982039 -2.662727 0.000889
 2352.000000 0.389463 -2.097186 0.000303
 2353.000000 -0.342732 2.870224 0.001823
 2354.000000 0.433078 -2.681431 0.000134
 2355.000000 0.264047 -2.737777 0.000286
 2356.000000 -0.413150 -2.915585 0.000719
 2357.000000 1.229308 -2.534495 0.000326
 2358.000000 -1.630481 -2.588032 0.000378
 2359.000000 0.063051 -2.268413 0.000337
 2360.000000 0.431497 -2.572258 0.000690
 2361.000000 -0.390114 -2.485138 0.001151
 2362.000000 -0.335588 -2.848053 0.000279
 2363.000000 0.294004 -2.793773 0.000547
 2364.000000 0.515328 -2.709333 0.000140
 2365.000000 -1.681672 -2.456355 0.000178
 2366.000000 0.464176 -2.684003 0.000682
 2367.000000 1.162008 2.609862 0.000173
 2368.000000 0.334989 2.598819 0.000316
 2369.000000 -1.297004 -3.130879 0.000883
 2370.000000 -0.302410 2.705579 0.000934
 2371.000000 1.301312 2.533919 0.000808
 2372.000000 0.983669 -3.066508 0.000185
 2373.000000 -0.270897 -2.905762 0.000343
 2374.000000 0.077404 -2.960639 0.000670
 2375.000000 -1.550036 2.741921 0.000380
 2376.000000 0.516373 -3.072265 0.000711
 2377.000000 0.327566 2.391294 0.000877
 2378.000000 -1.274241 2.877523 0.000844
 2379.000000 0.354704 -2.708262 0.000869
 2380.000000 0.175966 2.891425 0.000385
 2381.000000 -0.468465 2.781756 0.000941
 2382.000000 0.112628 -2.626230 0.000159
 2383.000000 -0.339212 -2.540491 0.000643
 2384.000000 0.038602 -2.807822 0.000504
 2385.000000 0.434081 3.130861 0.000148
 2386.000000 0.430391 -2.812905 0.000176
 2387.000000 0.193199 -2.644760 0.000291
 2388.000000 -0.384681 -2.815198 0.000615
 2389.000000 0.365820 -2.603207 0.001109
 2390.000000 0.203362 -2.824155 0.000531
 2391.000000 -1.185567 -3.075152 0.000258
 2392.000000 -1.404473 -2.696714 0.000640
 2393.000000 -0.426279 -2.672780 0.000659
 2394.000000 0.419101 -2.971833 0.000368
 2395.000000 -0.333026 2.743190 0.000414
 2396.000000 1.727226 -3.041305 0.000680
 2397.000000 1.134353 2.218678 0.001220
 2398.000000 0.038321 -2.839125 0.000405
 2399.000000 0.365996 -2.877158 0.002115
 2400.000000 1.410418 -3.095536 0.000331
 2401.000000 0.454686 2.875660 0.001673
 2402.000000 0.247894 -2.835625 0.001053
 2403.000000 -0.308424 3.032439 0.001250
 2404.000000 0.486407 -2.962818 0.000195
 2405.000000 0.171273 3.090683 0.000625
 2406.000000 1.348763 3.018824 0.000518
 2407.000000 0.192741 -2.607796 0.000921
 2408.000000 -1.343888 -3.064451 0.000145
 2409.000000 -0.397828 -2.379191 0.000998
 2410.000000 -0.637094 -2.341139 0.001639
 2411.000000 0.115375 -2.973486 0.000535
 2412.000000 1.386255 -2.614323 0.000478
 2413.000000 0.426744 3.027804 0.000347
 2414.000000 -0.170998 -1.830666 0.000216
 2415.000000 0.393474 -2.934777 0.000813
 2416.000000 0.108545 2.921079 0.000764
 2417.000000 0.378449 2.390701 0.000279
 2418.000000 -0.300081 -2.728423 0.000371
 2419.000000 -1.291245 -2.908937 0.000584
 2420.000000 0.172412 -2.750373 0.000146
 2421.000000 0.940291 -2.330954 0.000360
 2422.000000 0.313370 3.002454 0.000198
 2423.000000 0.261778 -2.726101 0.002104
 2424.000000 0.300376 -2.849850 0.002372
 2425.000000 -1.703140 2.611219 0.000271
 2426.000000 -0.187657 3.075981 0.000513
 2427.000000 -0.315681 3.140953 0.000305
 2428.000000 0.347376 2.983347 0.000230
 2429.000000 -0.313774 2.921773 0.000171
 2430.000000 0.432415 -2.711359 0.000178
 2431.000000 0.014329 -2.923144 0.000346
 2432.000000 -0.462620 -2.869226 0.000197
 2433.000000 -0.269159 -2.670224 0.000585
 2434.000000 0.235134 2.847947 0.001891
 2435.000000 -0.138564 3.096472 0.000291
 2436.000000 1.138726 -2.743286 0.001180
 2437.000000 0.418561 3.015341 0.000795
 2438.000000 -0.362801 -2.962226 0.001201
 2439.000000 -0.387468 -2.934198 0.001328
 2440.000000 0.428448 -2.991639 0.001307
 2441.000000 0.379461 2.522115 0.000465
 2442.000000 -1.504351 2.526804 0.000738
 2443.000000 1.220263 -2.259419 0.000350
 2444.000000 0.108138 3.101038 0.000305
 2445.000000 -1.146520 2.836647 0.000837
 2446.000000 -0.420871 2.923015 0.000666
 2447.000000 -1.481604 -3.075099 0.001058
 2448.000000 0.301696 -2.947833 0.000224
 2449.000000 -0.462996 -2.647310 0.000378
 2450.000000 0.322408 -2.497651 0.000661
 2451.000000 0.413309 -2.724219 0.001068
 2452.000000 -0.560944 -2.396163 0.001312
 2453.000000 -1.561057 2.887496 0.000510
 2454.000000 -1.512235 -2.780848 0.001542
 2455.000000 1.243700 -2.822197 0.000292
 2456.000000 0.510993 -2.840854 0.000192
 2457.000000 0.292013 -2.420516 0.001518
 2458.000000 0.332473 -2.398857 0.001097
 2459.000000 1.039240 -2.680599 0.000729
 2460.000000 0.473588 -2.515875 0.000981
 2461.000000 0.882048 2.531722 0.001496
 2462.000000 -0.203237 -2.712597 0.000409
 2463.000000 -0.576176 2.952136 0.000979
 2464.000000 -0.506200 2.909912 0.000720
 2465.000000 -0.131040 2.704132 0.000828
 2466.000000 -1.365173 2.418445 0.000672
 2467.000000 -0.262369 -3.001144 0.000600
 2468.000000 1.201026 -2.773374 0.001164
 2469.000000 0.505408 -2.860421 0.000489
 2470.000000 0.478071 2.767451 0.001979
 2471.000000 0.458106 -2.626195 0.000721
 2472.000000 0.483377 -2.857159 0.001519
 2473.000000 -0.969306 -2.964772 0.000172
 2474.000000 0.347778 -3.106125 0.001205
 2475.000000 -1.394835 -2.789723 0.000356
 2476.000000 0.418719 -2.725159 0.000420
 2477.000000 0.265522 2.937785 0.000630
 2478.000000 0.457067 -2.987924 0.000307
 2479.000000 -1.581907 -2.807869 0.000394
 2480.000000 -0.051803 -2.270140 0.001351
 2481.000000 -0.427844 -3.079029 0.001016
 2482.000000 0.248880 2.680666 0.000900
 2483.000000 -1.400448 -2.987116 0.000770
 2484.000000 0.283298 2.502029 0.000386
 2485.000000 -0.277921 -2.759562 0.001182
 2486.000000 -0.526388 -2.939958 0.001031
 2487.000000 0.539391 -2.982437 0.001628
 2488.000000 1.134126 2.906023 0.000642
 2489.000000 -0.300327 2.425856 0.000966
 2490.000000 -1.262650 -3.069240 0.000593
 2491.000000 -0.234038 2.712521 0.000465
 2492.000000 -1.695755 -2.576621 0.000171
 2493.000000 -0.556891 -2.681621 0.000188
 2494.000000 -0.400299 -3.007344 0.000406
 2495.000000 0.304899 -2.689978 0.001240
 2496.000000 0.384659 -3.081671 0.000461
 2497.000000 0.039193 -2.584252 0.000292
 2498.000000 0.508236 2.782358 0.000448
 2499.000000 -0.456975 -2.934746 0.000842
 2500.000000 -0.974830 3.076194 0.002279
 2501.000000 -0.583952 -2.330311 0.000726
 2502.000000 -1.657484 2.852332 0.001233
 2503.000000 -0.673600 -3.003606 0.000207
 2504.000000 -1.545848 2.858217 0.000628
 2505.000000 0.781122 -2.598984 0.000193
 2506.000000 -0.449109 -2.655872 0.000702
 2507.000000 -0.385703 -2.371915 0.001073
 2508.000000 -0.390781 -2.775500 0.000734
 2509.000000 0.486667 -2.264042 0.001437
 2510.000000 -0.374134 -2.143161 0.000564
 2511.000000 0.538929 3.109411 0.000460
 2512.000000 -1.663549 -2.056348 0.000593
 2513.000000 0.192538 -2.815751 0.000250
 2514.000000 0.159835 -2.631007 0.000838
 2515.000000 0.456469 -3.051086 0.000618
 2516.000000 0.474044 -2.756461 0.000328
 2517.000000 0.525260 2.753884 0.001053
 2518.000000 -1.801424 2.625203 0.000555
 2519.000000 -1.029813 3.109278 0.000642
 2520.000000 -0.123083 -2.838983 0.000161
 2521.000000 0.277810 -2.787653 0.000178
 2522.000000 -0.209011 -2.588394 0.000787
 2523.000000 -1.684237 2.773861 0.000298
 2524.000000 -0.332313 -2.177715 0.000473
 2525.000000 0.374410 -2.524998 0.001755
 2526.000000 0.544328 2.912611 0.000171
 2527.000000 0.288963 -2.727506 0.000631
 2528.000000 1.816992 2.793422 0.000300
 2529.000000 0.451131 -2.669415 0.000190
 2530.000000 0.453174 -2.946973 0.000194
 2531.000000 0.173754 -2.834530 0.000146
 2532.000000 -0.421784 -2.802809 0.000266
 2533.000000 1.674802 -2.597853 0.000240
 2534.000000 0.313027 2.687486 0.000136
 2535.000000 0.407237 -2.864751 0.000621
 2536.000000 0.185311 -2.722831 0.000337
 2537.000000 1.367634 -2.415456 0.000375
 2538.000000 0.417606 -2.893404 0.000773
 2539.000000 0.399870 -2.684317 0.000408
 2540.000000 -0.065110 -2.932293 0.000334
 2541.000000 -1.705654 2.860604 0.000476
 2542.000000 0.585099 -2.722243 0.000102
 2543.000000 0.117875 -2.541731 0.000212
 2544.000000 -0.481031 -3.059955 0.001054
 2545.000000 -0.161777 2.872638 0.000439
 2546.000000 -0.096445 -2.221533 0.000873
 2547.000000 0.264423 -3.085377 0.000915
 2548.000000 0.441247 -2.397584 0.001125
 2549.000000 0.242504 -0.785384 0.000841
 2550.000000 -0.492789 -2.626228 0.000230
 2551.000000 0.040250 2.924237 0.001275
 2552.000000 1.507553 -2.619929 0.000911
 2553.000000 0.295649 -3.018852 0.000629
 2554.000000 -0.492242 -3.072872 0.000515
 2555.000000 0.727094 -3.082293 0.000437
 2556.000000 0.802301 -3.005601 0.000552
 2557.000000 0.335158 3.120708 0.000462
 2558.000000 -1.631755 2.768873 0.001645
 2559.000000 0.368772 -3.050393 0.000420
 2560.000000 0.497150 -2.897146 0.001205
 2561.000000 1.168828 2.860714 0.000207
 2562.000000 -0.863180 -3.004161 0.000480
 2563.000000 0.131529 2.794193 0.000527
 2564.000000 -1.627738 -3.020906 0.000481
 2565.000000 0.030323 -3.017826 0.000370
 2566.000000 0.512629 -2.846932 0.000351
 2567.000000 -0.326819 -2.239503 0.000190
 2568.000000 0.210150 2.683562 0.000130
 2569.000000 -0.539075 -2.408424 0.000422
 2570.000000 1.391891 -2.130493 0.000501
 2571.000000 0.310331 -2.212811 0.000601
 2572.000000 -1.607436 -2.829168 0.000544
 2573.000000 0.336405 -2.310687 0.000692
 2574.000000 -0.030109 -1.965981 0.003567
 2575.000000 0.219681 -2.518934 0.002866
 2576.000000 0.162476 -2.487743 0.002536
 2577.000000 0.232254 -2.237505 0.003198
 2578.000000 0.169025 -2.409879 0.004071
 2579.000000 0.137341 -2.285487 0.004105
 2580.000000 0.369712 -2.146422 0.003953
 2581.000000 0.322351 -3.039199 0.003439
 2582.000000 0.319193 -2.643359 0.003935
 2583.000000 0.305411 -2.244306 0.003569
 2584.000000 0.226230 -2.533328 0.002744
 2585.000000 0.288141 -2.671947 0.003865
 2586.000000 0.400920 -2.023306 0.003490
 2587.000000 0.173050 -2.677854 0.001999
 2588.000000 0.349091 -2.098588 0.002588
 2589.000000 -1.584146 -2.489133 0.002179
 2590.000000 0.262427 -1.928865 0.001832
 2591.000000 0.221610 -2.578306 0.002626
 2592.000000 0.196560 -2.434932 0.001645
 2593.000000 0.261127 -2.735456 0.002290
 2594.000000 0.321146 -2.219374 0.002153
 2595.000000 0.296518 -2.344525 0.004396
 2596.000000 0.332245 -2.077489 0.004965
 2597.000000 0.304771 -2.213681 0.002533
 2598.000000 0.417326 -2.375385 0.004382
 2599.000000 0.329091 -2.814246 0.003796
 2600.000000 0.448964 -2.331292 0.003859
 2601.000000 0.357290 -2.557623 0.003455
 2602.000000 0.373051 -2.192264 0.003525
 2603.000000 0.364750 -2.012145 0.003220
 2604.000000 0.365998 -2.252625 0.002921
 2605.000000 0.207536 -2.881110 0.002916
 2606.000000 0.104583 -2.102360 0.000833
 2607.000000 -0.218785 -2.273222 0.000909
 2608.000000 -0.394534 -2.228895 0.001564
 2609.000000 -0.086271 -2.968431 0.002281
 2610.000000 -0.241525 -2.574951 0.003289
 2611.000000 -0.161387 -2.042331 0.003032
 2612.000000 -0.344420 -1.881472 0.001512
 2613.000000 -0.303005 -2.480209 0.001193
 2614.000000 -0.462021 -2.119990 0.003002
 2615.000000 -0.200106 -2.601566 0.000906
 2616.000000 -0.223734 -2.187489 0.000785
 2617.000000 -0.313742 -2.478006 0.000756
 2618.000000 -0.238968 -2.561523 0.002214
 2619.000000 -0.334542 -2.634455 0.002181
 2620.000000 -0.482794 -2.091735 0.002185
 2621.000000 -0.658669 -2.278362 0.001977
 2622.000000 1.349619 -3.024246 0.002174
 2623.000000 1.388351 -3.137755 0.001994
 2624.000000 0.296907 -2.454973 0.002147
 2625.000000 0.367830 -2.443530 0.000698
 2626.000000 0.282559 -2.851323 0.001254
 2627.000000 0.271288 -2.635397 0.003856
 2628.000000 0.302412 -2.326865 0.002149
 2629.000000 0.433810 -2.721861 0.002022
 2630.000000 0.120989 -2.354440 0.002132
 2631.000000 0.312700 -2.443376 0.001396
 2632.000000 0.296468 -2.034263 0.001127
 2633.000000 0.197909 -2.493595 0.002878
 2634.000000 0.282344 -2.907466 0.004125
 2635.000000 0.346377 -1.917995 0.003656
 2636.000000 0.347825 -2.529437 0.003376
 2637.000000 0.219809 -2.436732 0.002998
 2638.000000 0.369723 -2.601011 0.002088
 2639.000000 0.210508 -1.986312 0.001621
 2640.000000 0.101510 -2.023002 0.001714
 2641.000000 0.232422 -2.542572 0.004772
 2642.000000 0.283507 -2.301075 0.004253
 2643.000000 0.221280 -2.152872 0.002658
 2644.000000 0.402720 -2.746299 0.002451
 2645.000000 0.391823 -2.157968 0.001571
 2646.000000 -1.881884 -2.640209 0.001318
 2647.000000 1.187842 -1.953704 0.001045
 2648.000000 0.393029 -2.606784 0.001730
 2649.000000 0.172523 3.034345 0.000947
 2650.000000 -0.380952 -3.108226 0.001881
 2651.000000 0.491253 2.862394 0.001302
 2652.000000 0.185550 2.948974 0.001539
 2653.000000 0.129610 3.054670 0.001471
 2654.000000 -1.325618 -2.308621 0.001507
 2655.000000 -0.635222 -1.989024 0.001302
 2656.000000 0.415316 -2.348135 0.001339
 2657.000000 -0.444314 -1.809494 0.001509
 2658.000000 0.431282 -3.073870 0.001026
 2659.000000 1.421653 -2.758184 0.000700
 2660.000000 0.415717 2.778465 0.000285
 2661.000000 0.472951 2.642304 0.000406
 2662.000000 0.384621 2.776607 0.000408
 2663.000000 -1.843914 2.689667 0.000162
 2664.000000 0.254052 -2.378112 0.000207
 2665.000000 -1.318711 -2.818060 0.000080
 2666.000000 1.386127 -2.702636 0.000553
 2667.000000 0.063705 -2.895123 0.000755
 2668.000000 1.316675 2.856110 0.001206
 2669.000000 0.483361 -2.304637 0.000464
 2670.000000 0.702801 3.090931 0.000731
 2671.000000 0.136770 2.526689 0.001868
 2672.000000 -1.106634 2.604276 0.002949
 2673.000000 0.435646 -2.768966 0.000168
 2674.000000 -1.062956 -3.077533 0.001376
 2675.000000 0.060552 -3.035051 0.001461
 2676.000000 0.439899 -2.989484 0.001030
 2677.000000 0.285845 2.771346 0.001801
 2678.000000 0.276304 -3.011745 0.001457
 2679.000000 -1.392435 3.107739 0.000920
 2680.000000 -0.475616 -2.350780 0.000180
 2681.000000 -0.518551 -2.946777 0.000576
 2682.000000 -0.430160 -2.453025 0.000927
 2683.000000 -1.589201 -2.111812 0.001457
 2684.000000 0.193532 -1.748141 0.001692
 2685.000000 0.402678 -2.880582 0.000163
 2686.000000 0.262667 2.862432 0.000329
 2687.000000 0.249557 -2.951696 0.000613
 2688.000000 -0.473741 -2.736024 0.000154
 2689.000000 0.406723 2.872249 0.000321
 2690.000000 0.467949 2.276841 0.000192
 2691.000000 0.065249 -2.847107 0.000483
 2692.000000 0.309160 -2.357118 0.000231
 2693.000000 0.277787 -2.602908 0.000207
 2694.000000 0.223591 -1.971204 0.000936
 2695.000000 -1.501507 -2.633421 0.000810
 2696.000000 -0.296842 2.593770 0.000397
 2697.000000 -0.334967 2.453186 0.000356
 2698.000000 0.551523 3.055538 0.000234
 2699.000000 0.112074 -2.476846 0.002348
 2700.000000 0.336439 -1.820242 0.002373
 2701.000000 0.425929 -2.204690 0.003370
 2702.000000 0.217675 -2.522315 0.003500
 2703.000000 0.373641 -2.734160 0.004029
 2704.000000 0.178007 -2.877476 0.004213
 2705.000000 0.202172 -2.502139 0.003758
 2706.000000 0.294900 -2.780186 0.004242
 2707.000000 0.222583 -2.356247 0.004188
 2708.000000 0.226658 -2.722187 0.003068
 2709.000000 0.270891 -2.501058 0.003640
 2710.000000 0.281868 -2.210666 0.000282
 2711.000000 0.387091 -2.803519 0.000569
 2712.000000 0.074415 -2.819022 0.001068
 2713.000000 0.421992 -2.955015 0.001390
 2714.000000 0.099111 -2.454808 0.001922
 2715.000000 0.224424 -1.867673 0.003439
 2716.000000 0.205479 -2.251661 0.001785
 2717.000000 0.187413 -2.748114 0.002326
 2718.000000 0.354692 -2.178065 0.002038
 2719.000000 -0.128858 -2.529700 0.000940
 2720.000000 -0.157523 -2.000900 0.001523
 2721.000000 -0.528457 -2.699523 0.000156
 2722.000000 0.298317 -2.926938 0.000384
 2723.000000 -0.351328 3.108066 0.000933
 2724.000000 1.446028 -2.841832 0.001437
 2725.000000 -0.350444 3.117284 0.001517
 2726.000000 1.281169 -2.675915 0.001176
 2727.000000 0.508101 2.788644 0.000856
 2728.000000 -0.740730 -2.599748 0.000407
 2729.000000 -1.333885 -2.908621 0.000670
 2730.000000 0.353139 -2.403102 0.001644
 2731.000000 0.151938 -2.833548 0.001412
 2732.000000 -0.474868 -2.874288 0.000705
 2733.000000 0.314268 -2.999605 0.000880
 2734.000000 0.380783 3.036250 0.001082
 2735.000000 1.571129 -2.545046 0.001489
 2736.000000 1.249161 3.133483 0.002012
 2737.000000 -0.377415 -3.054980 0.001803
 2738.000000 1.609148 -2.696695 0.003437
 2739.000000 1.713204 2.605203 0.002087
 2740.000000 -0.506170 2.149430 0.003465
 2741.000000 1.204437 -3.110832 0.003336
 2742.000000 0.471677 -2.999775 0.000844
 2743.000000 -1.317608 -2.993350 0.000938
 2744.000000 0.390407 -2.990079 0.001785
 2745.000000 0.428552 -3.098491 0.001318
 2746.000000 0.328269 -3.044317 0.000409
 2747.000000 0.194767 -2.534293 0.001163
 2748.000000 -0.173966 -2.978717 0.001245
 2749.000000 1.517436 -2.982628 0.000795
 2750.000000 -1.040145 -1.782119 0.000258
 2751.000000 -1.293817 2.720229 0.000231
 2752.000000 -1.306459 -3.079169 0.000696
 2753.000000 0.336010 -2.563799 0.000106
 2754.000000 0.468173 2.654374 0.000879
 2755.000000 -1.001216 2.968913 0.001232
 2756.000000 -0.858170 2.987681 0.000971
 2757.000000 0.157392 2.830240 0.000760
 2758.000000 -0.366118 2.393979 0.000432
 2759.000000 -1.838096 -2.831027 0.000216
 2760.000000 -0.254718 -2.641957 0.000452
 2761.000000 -1.309630 2.973800 0.000327
 2762.000000 0.393884 2.576619 0.000494
 2763.000000 -1.370959 2.674981 0.000431
 2764.000000 -1.478698 2.935629 0.000743
 2765.000000 -1.266323 2.690806 0.000971
 2766.000000 -0.241768 3.099486 0.000618
 2767.000000 0.042863 -2.618331 0.000316
 2768.000000 -0.723630 -2.976082 0.001413
 2769.000000 -0.480839 2.897333 0.000706
 2770.000000 -0.619165 -2.600792 0.000385
 2771.000000 -0.459510 -2.721611 0.000183
 2772.000000 0.401600 2.908634 0.000577
 2773.000000 0.219183 -2.903842 0.000499
 2774.000000 0.477169 2.435497 0.000727
 2775.000000 0.426095 3.121827 0.000859
 2776.000000 0.629865 2.890082 0.000201
 2777.000000 0.196853 -3.134292 0.000929
 2778.000000 0.410090 -2.835595 0.000804
 2779.000000 0.151752 -2.519829 0.000147
 2780.000000 -1.795774 -2.663809 0.000600
 2781.000000 0.483863 -2.676722 0.000569
 2782.000000 0.354114 2.749850 0.000331
 2783.000000 0.069519 2.646988 0.000669
 2784.000000 0.121494 -3.097021 0.000516
 2785.000000 0.372766 -2.260658 0.000789
 2786.000000 1.359158 -2.223981 0.000382
 2787.000000 0.371110 -2.279343 0.000343
 2788.000000 -0.877122 -2.239426 0.000593
 2789.000000 -0.426367 2.537589 0.000257
 2790.000000 0.440099 2.764571 0.000473
 2791.000000 0.303152 -2.930446 0.000346
 2792.000000 0.458167 -2.742946 0.001065
 2793.000000 1.447549 -2.730300 0.000271
 2794.000000 1.239662 -2.781554 0.000295
 2795.000000 0.314149 -2.859410 0.000150
 2796.000000 -0.908930 -3.121909 0.000690
 2797.000000 -0.622977 2.902381 0.000878
 2798.000000 -0.469779 2.684815 0.000996
 2799.000000 0.320940 2.992767 0.000973
 2800.000000 0.347593 -2.956033 0.000846
 2801.000000 0.167336 -2.641886 0.000246
 2802.000000 -0.599355 2.687532 0.001393
 2803.000000 -1.545102 3.036079 0.000356
 2804.000000 -1.455046 3.081048 0.000625
 2805.000000 -1.394419 -3.115102 0.001075
 2806.000000 1.036083 -2.686588 0.002127
 2807.000000 1.085910 -3.026499 0.000671
 2808.000000 0.164978 -2.195175 0.000627
 2809.000000 0.210518 -2.563177 0.000549
 2810.000000 0.234857 -2.744224 0.000956
 2811.000000 0.475441 -2.773687 0.000846
 2812.000000 0.161834 2.611924 0.000891
 2813.000000 0.266051 -2.184910 0.000547
 2814.000000 1.343870 -2.711656 0.000538
 2815.000000 -1.680613 -3.117718 0.001646
 2816.000000 0.431025 2.885303 0.000608
 2817.000000 -0.503630 -2.688862 0.000328
 2818.000000 0.200086 -1.596913 0.000296
 2819.000000 -2.060383 -2.685520 0.000174
 2820.000000 0.230953 -2.821312 0.000140
 2821.000000 0.045089 -2.996186 0.000377
 2822.000000 0.489150 -3.032343 0.000771
 2823.000000 0.272687 -1.598310 0.001650
 2824.000000 0.489210 -2.381852 0.001559
 2825.000000 0.303269 -2.684148 0.000184
 2826.000000 -1.084112 -2.989425 0.000613
 2827.000000 1.138800 -2.789528 0.000116
 2828.000000 -0.428916 -2.729064 0.000493
 2829.000000 1.540953 -2.955987 0.000704
 2830.000000 0.475945 -2.933672 0.000573
 2831.000000 -0.360617 -2.721177 0.000572
 2832.000000 -0.474066 -2.924473 0.000647
 2833.000000 -0.648942 -2.279123 0.000492
 2834.000000 0.227704 -2.661017 0.000493
 2835.000000 0.050901 -2.810153 0.000372
 2836.000000 1.396305 -2.550619 0.000419
 2837.000000 -0.322072 -2.715715 0.000483
 2838.000000 0.912738 -2.750675 0.000907
 2839.000000 0.511018 -2.661481 0.000512
 2840.000000 0.313335 -2.913189 0.000672
 2841.000000 -0.044731 -2.663620 0.000402
 2842.000000 -0.438189 3.012825 0.000135
 2843.000000 -0.205800 2.952003 0.000366
 2844.000000 0.181957 -2.603130 0.000188
 2845.000000 -0.321040 -2.111238 0.001010
 2846.000000 0.121663 2.748515 0.000740
 2847.000000 -1.663597 2.850209 0.000584
 2848.000000 0.340150 2.723698 0.000460
 2849.000000 0.109266 -2.759176 0.000937
 2850.000000 0.301307 -2.532893 0.000650
 2851.000000 0.350757 -1.946793 0.000950
 2852.000000 0.302406 2.908932 0.000288
 2853.000000 -1.437236 2.730569 0.000388
 2854.000000 -0.448682 -2.964602 0.000136
 2855.000000 1.144343 2.831852 0.000373
 2856.000000 -0.426019 2.344403 0.001837
 2857.000000 -0.331907 -2.701304 0.001819
 2858.000000 -0.250970 2.585998 0.001849
 2859.000000 -0.321258 -2.685185 0.001911
 2860.000000 1.490341 -2.964349 0.001494
 2861.000000 -0.346950 -2.558964 0.001321
 2862.000000 1.290769 2.864539 0.001032
 2863.000000 0.391718 -3.128513 0.000366
 2864.000000 0.193898 -2.951889 0.000403
 2865.000000 1.082422 -2.775905 0.000203
 2866.000000 -0.483269 -2.074685 0.000159
 2867.000000 0.234205 -2.018116 0.000231
 2868.000000 0.106097 -2.747125 0.000387
 2869.000000 -0.154874 -2.862520 0.000515
 2870.000000 0.357421 -2.768768 0.000660
 2871.000000 -0.513985 -2.345593 0.000247
 2872.000000 1.083430 -2.736241 0.000807
 2873.000000 0.211380 -2.886188 0.000273
 2874.000000 -0.482464 -2.302475 0.000476
 2875.000000 0.442996 2.756409 0.000369
 2876.000000 1.476795 2.899172 0.000640
 2877.000000 -0.342411 -3.014356 0.000286
 2878.000000 0.089657 2.850794 0.001098
 2879.000000 0.449713 2.511665 0.000444
 2880.000000 1.737346 2.704596 0.000734
 2881.000000 -0.505447 2.675750 0.000190
 2882.000000 0.247569 -2.677594 0.000240
 2883.000000 1.340743 -2.636589 0.001318
 2884.000000 1.122315 -2.657491 0.001021
 2885.000000 1.455093 -2.812333 0.000722
 2886.000000 0.015946 -2.279240 0.000340
 2887.000000 -1.446293 -2.871512 0.000293
 2888.000000 0.046505 -2.775803 0.001007
 2889.000000 -0.746355 -2.708551 0.000691
 2890.000000 -0.520548 -3.121269 0.000634
 2891.000000 1.062506 -2.716041 0.000397
 2892.000000 -1.265629 -2.985953 0.000461
 2893.000000 -0.262367 2.668028 0.000552
 2894.000000 0.030137 -3.011461 0.000562
 2895.000000 -1.050633 -1.880937 0.000624
 2896.000000 0.305427 3.031427 0.001123
 2897.000000 -1.588341 -2.821218 0.000487
 2898.000000 -0.121196 2.906885 0.000531
 2899.000000 0.155172 2.879983 0.001041
 2900.000000 0.431453 2.793799 0.001154
 2901.000000 -1.017229 -2.769992 0.000621
 2902.000000 0.409167 2.726942 0.000981
 2903.000000 -1.120208 -3.015869 0.000655
 2904.000000 0.284155 -3.110127 0.000455
 2905.000000 0.201548 -2.948164 0.001291
 2906.000000 0.157865 -2.891348 0.001135
 2907.000000 0.417603 -2.590807 0.001249
 2908.000000 0.206787 2.970813 0.001248
 2909.000000 -1.305854 -2.999659 0.000261
 2910.000000 0.150696 -2.847791 0.001168
 2911.000000 0.390463 -2.557002 0.000666
 2912.000000 0.123244 -2.812915 0.000825
 2913.000000 0.239238 -2.686895 0.001073
 2914.000000 0.275161 -2.643516 0.001741
 2915.000000 0.283217 -2.180054 0.001145
 2916.000000 -0.014235 -2.730862 0.000661
 2917.000000 0.197328 -2.504023 0.000584
 2918.000000 0.335015 -2.230276 0.000901
 2919.000000 0.069487 -2.702668 0.000641
 2920.000000 0.333355 -2.781245 0.000117
 2921.000000 -0.534846 -2.079342 0.001348
 2922.000000 1.119211 -2.726645 0.000306
 2923.000000 0.370566 -2.430568 0.000361
 2924.000000 0.394477 -3.053081 0.000154
 2925.000000 0.301644 -2.463205 0.000560
 2926.000000 -1.139923 -2.709183 0.000394
 2927.000000 0.362444 -2.702418 0.000287
 2928.000000 -0.441137 -2.695961 0.000102
 2929.000000 -0.169237 -2.979988 0.001051
 2930.000000 0.243896 -3.003919 0.000640
 2931.000000 -0.458109 -2.655974 0.000254
 2932.000000 -1.497248 2.893632 0.000797
 2933.000000 0.363102 3.136043 0.000868
 2934.000000 0.390266 2.904430 0.000270
 2935.000000 -0.411663 2.536081 0.000513
 2936.000000 -0.581241 -2.194041 0.000772
 2937.000000 -1.352294 -2.462474 0.000895
 2938.000000 -1.357437 -2.284489 0.001189
 2939.000000 0.036541 -3.107342 0.000634
 2940.000000 1.024589 2.822613 0.000444
 2941.000000 0.153753 2.712188 0.000498
 2942.000000 0.474111 -2.529323 0.000788
 2943.000000 0.498828 -2.407528 0.001330
 2944.000000 0.357340 -2.218176 0.000413
 2945.000000 -0.975836 -2.676783 0.000543
 2946.000000 -1.230356 -2.448154 0.000645
 2947.000000 0.561139 -2.799207 0.000545
 2948.000000 -0.195136 -2.943056 0.000542
 2949.000000 -1.359861 -2.707430 0.000472
 2950.000000 -0.150964 -2.715100 0.000862
 2951.000000 -0.484621 -2.808496 0.000556
 2952.000000 1.156093 -2.703559 0.000460
 2953.000000 0.353708 -3.008261 0.000550
 2954.000000 1.565219 -2.647658 0.000740
 2955.000000 0.889178 -2.562481 0.000698
 2956.000000 -0.385270 -2.793415 0.001260
 2957.000000 0.269442 -2.406577 0.001483
 2958.000000 -0.350994 3.120156 0.000738
 2959.000000 0.399202 -2.738414 0.001079
 2960.000000 0.067841 -2.613270 0.001080
 2961.000000 0.353061 -2.705279 0.001458
 2962.000000 0.186763 -2.632529 0.001870
 2963.000000 -1.702643 2.743095 0.001152
 2964.000000 -0.330997 -3.070898 0.001752
 2965.000000 -0.365860 2.921971 0.000761
 2966.000000 0.852539 -2.692992 0.001507
 2967.000000 -1.217767 3.093949 0.000574
 2968.000000 -0.126012 2.640597 0.000911
 2969.000000 -0.339142 -2.626766 0.000271
 2970.000000 0.403697 -3.043988 0.000206
 2971.000000 0.392918 -2.498831 0.000742
 2972.000000 -1.140627 2.264925 0.000488
 2973.000000 -1.679082 2.849888 0.000262
 2974.000000 -1.442147 -2.654890 0.001170
 2975.000000 0.438115 -2.843819 0.000320
 2976.000000 0.497994 -2.701097 0.000201
 2977.000000 -1.478224 -2.964568 0.000736
 2978.000000 -0.048497 2.786377 0.000727
 2979.000000 0.276115 2.732516 0.000635
 2980.000000 0.129129 2.938737 0.000659
 2981.000000 1.068650 -2.180799 0.000320
 2982.000000 0.378087 -2.185754 0.000781
 2983.000000 1.054527 -1.831266 0.000924
 2984.000000 0.076311 -1.924301 0.000905
 2985.000000 0.308850 -2.200358 0.000522
 2986.000000 -1.404762 -3.135191 0.000472
 2987.000000 0.299630 -2.946844 0.000364
 2988.000000 0.240517 -2.496358 0.000442
 2989.000000 0.335392 -2.617653 0.000608
 2990.000000 0.368032 -2.464942 0.000505
 2991.000000 1.168764 -2.764134 0.000174
 2992.000000 0.218868 -2.684069 0.000618
 2993.000000 0.025706 -2.782850 0.000613
 2994.000000 0.025953 -2.457246 0.000347
 2995.000000 -0.325980 -2.759389 0.000487
 2996.000000 -0.412889 -2.799268 0.000657
 2997.000000 -0.447199 -2.688857 0.000547
 2998.000000 1.514531 -2.465931 0.000994
 2999.000000 1.126436 2.859796 0.000350
 3000.000000 -0.300548 2.625806 0.000441
 3001.000000 -1.282017 3.128394 0.001162
 3002.000000 0.505534 -2.936213 0.000414
 3003.000000 1.434121 -2.332801 0.000254
 3004.000000 -0.104251 -2.462312 0.000428
 3005.000000 0.213061 -3.098248 0.000478
 3006.000000 0.199785 -2.938086 0.000220
 3007.000000 0.019294 2.760418 0.000531
 3008.000000 1.634089 2.690189 0.000188
 3009.000000 0.327635 -2.114214 0.000460
 3010.000000 0.285307 -2.764383 0.000411
 3011.000000 1.145483 -2.766740 0.000218
 3012.000000 0.416935 -2.735190 0.000510
 3013.000000 1.281431 -2.771631 0.000422
 3014.000000 1.352253 -2.824509 0.000841
 3015.000000 -0.357427 -2.806506 0.000827
 3016.000000 -0.214508 -2.756613 0.000228
 3017.000000 0.512093 -2.689716 0.000446
 3018.000000 -0.277762 -2.579945 0.002423
 3019.000000 0.230298 -2.514270 0.000152
 3020.000000 1.228999 -2.918339 0.000474
 3021.000000 0.497489 2.094961 0.000235
 3022.000000 -0.611867 2.674121 0.000857
 3023.000000 1.606972 2.986328 0.000440
 3024.000000 1.432077 -2.577001 0.000695
 3025.000000 -0.406980 -2.575254 0.000626
 3026.000000 1.455097 -2.452238 0.000322
 3027.000000 1.051333 -2.032873 0.000581
 3028.000000 0.391456 -2.840328 0.000268
 3029.000000 1.739410 -2.680938 0.000799
 3030.000000 0.463754 -2.625461 0.001114
 3031.000000 -0.323181 2.724232 0.000441
 3032.000000 0.341147 3.105118 0.001168
 3033.000000 -0.774574 -2.738202 0.000905
 3034.000000 0.285595 -2.725696 0.000147
 3035.000000 0.396969 -2.452303 0.000194
 3036.000000 -0.293699 -2.579475 0.001322
 3037.000000 0.220552 -2.625181 0.001432
 3038.000000 -0.678693 -3.112353 0.001688
 3039.000000 -0.232037 2.499430 0.000762
 3040.000000 -0.286715 2.663405 0.001155
 3041.000000 -0.668731 -2.356423 0.000520
 3042.000000 -0.439253 -2.849290 0.001223
 3043.000000 0.424299 -2.322730 0.001629
 3044.000000 0.211454 -3.095761 0.000557
 3045.000000 -0.478149 -2.650090 0.000831
 3046.000000 0.385569 -2.519412 0.000631
 3047.000000 -0.267886 -2.760400 0.000740
 3048.000000 0.390153 -2.703203 0.000631
 3049.000000 1.248033 -2.660717 0.000707
 3050.000000 0.225401 -2.262235 0.000929
 3051.000000 0.480555 -2.427865 0.000758
 3052.000000 0.217314 -2.652196 0.000429
 3053.000000 0.490263 -2.509149 0.001375
 3054.000000 0.490453 -2.287544 0.001049
 3055.000000 0.251592 -3.040512 0.001028
 3056.000000 0.531832 -2.348092 0.000737
 3057.000000 0.267399 -2.611218 0.000790
 3058.000000 1.050518 -2.761563 0.001065
 3059.000000 1.085698 -2.514254 0.001216
 3060.000000 1.381856 -2.290719 0.001138
 3061.000000 0.900508 -2.750007 0.001557
 3062.000000 -0.400207 -2.724833 0.000817
 3063.000000 1.675590 -2.629331 0.000785
 3064.000000 -0.355443 -2.133736 0.003348
 3065.000000 -0.460980 -2.216464 0.003693
 3066.000000 -0.403639 -2.766702 0.003552
 3067.000000 -0.270920 2.456052 0.003356
 3068.000000 -0.300055 -2.830197 0.003682
 3069.000000 -0.238552 2.915864 0.003235
 3070.000000 -0.401489 2.698325 0.002818
 3071.000000 1.572995 2.697429 0.002504
 3072.000000 -0.430662 2.868132 0.003466
 3073.000000 0.784955 -2.988389 0.003398
 3074.000000 -0.317938 2.739120 0.003460
 3075.000000 1.281745 2.460588 0.002723
 3076.000000 -0.136295 3.077070 0.004049
 3077.000000 1.181510 -3.052817 0.002587
 3078.000000 -0.096124 2.842876 0.003505
 3079.000000 -0.159192 2.726039 0.002684
 3080.000000 -0.285689 3.105766 0.003741
 3081.000000 -0.463850 3.082165 0.003429
 3082.000000 1.046070 -3.021525 0.002765
 3083.000000 1.516247 3.040398 0.003213
 3084.000000 1.646792 2.932523 0.002776
 3085.000000 -0.121349 -2.883752 0.006112
 3086.000000 -0.214119 2.662390 0.003237
 3087.000000 -0.194990 -3.131782 0.002781
 3088.000000 -0.277558 -2.934138 0.003579
 3089.000000 0.935267 -3.009073 0.002705
 3090.000000 -0.333380 2.630786 0.002683
 3091.000000 0.826400 -3.039118 0.002928
 3092.000000 1.453263 2.575275 0.002256
 3093.000000 -0.391285 2.557306 0.004227
 3094.000000 -0.421975 2.684485 0.003495
 3095.000000 -0.274877 2.963534 0.006361
 3096.000000 -0.381933 -3.019147 0.003514
 3097.000000 -0.454449 2.722867 0.002720
 3098.000000 -0.241197 2.907111 0.003741
 3099.000000 -0.513860 -3.111594 0.003313
 3100.000000 -0.448185 2.928437 0.003329
 3101.000000 -0.094764 2.597557 0.002563
 3102.000000 1.205049 2.768404 0.002883
 3103.000000 1.238295 2.455252 0.003093
 3104.000000 1.475779 -2.821890 0.002790
 3105.000000 0.956325 2.806037 0.002857
 3106.000000 -0.343634 3.012537 0.003600
 3107.000000 1.008799 2.419847 0.002473
 3108.000000 -0.480676 2.932750 0.003387
 3109.000000 -0.279128 -3.140086 0.002903
 3110.000000 1.745800 2.647896 0.003356
 3111.000000 1.724671 2.694708 0.002956
 3112.000000 -0.358121 -2.882612 0.000744
 3113.000000 -0.673053 3.054094 0.000583
 3114.000000 -0.478429 2.550483 0.001490
 3115.000000 -1.227770 -2.907960 0.001757
 3116.000000 1.366865 -2.753596 0.001647
 3117.000000 0.127523 -2.526130 0.000642
 3118.000000 0.291543 3.108055 0.001113
 3119.000000 0.247017 -2.818127 0.001084
 3120.000000 0.254104 -2.637342 0.001602
 3121.000000 1.256690 -2.914332 0.000657
 3122.000000 -1.129905 -2.751639 0.000533
 3123.000000 0.456621 -2.487915 0.003180
 3124.000000 0.438631 -1.876738 0.002845
 3125.000000 0.265918 2.867130 0.000663
 3126.000000 -0.435093 3.024491 0.001263
 3127.000000 0.275457 -2.838966 0.000520
 3128.000000 0.675592 -3.000492 0.000560
 3129.000000 0.351512 2.735566 0.001484
 3130.000000 0.274321 -2.611567 0.001067
 3131.000000 -0.571279 -2.793674 0.000444
 3132.000000 0.431749 -2.717154 0.000603
 3133.000000 -1.539172 -2.581693 0.000327
 3134.000000 -1.278621 -2.582259 0.000381
 3135.000000 0.404668 -2.719254 0.000240
 3136.000000 0.422969 -2.847468 0.000488
 3137.000000 -1.392719 -2.597322 0.000440
 3138.000000 0.766707 -3.030992 0.000596
 3139.000000 0.464752 -2.505781 0.000075
 3140.000000 -1.252651 -2.991551 0.000967
 3141.000000 -0.710541 2.652531 0.000176
 3142.000000 1.049916 2.793822 0.001538
 3143.000000 0.415890 -2.669035 0.000208
 3144.000000 -1.402933 -2.820639 0.000114
 3145.000000 1.302212 -2.620878 0.000700
 3146.000000 -1.027634 3.009615 0.000245
 3147.000000 -0.073160 2.896658 0.001143
 3148.000000 -0.540802 2.587676 0.001047
 3149.000000 -0.015701 -2.582123 0.000338
 3150.000000 0.031291 -2.507810 0.001092
 3151.000000 0.511848 2.364285 0.000193
 3152.000000 0.479324 -2.866090 0.000351
 3153.000000 0.379570 -2.625472 0.000701
 3154.000000 0.089045 -2.798592 0.000178
 3155.000000 -0.659588 -3.135352 0.000436
 3156.000000 -0.249423 2.572423 0.000533
 3157.000000 1.115195 -2.973564 0.000732
 3158.000000 -1.185346 2.827758 0.000532
 3159.000000 0.475452 -2.856325 0.001301
 3160.000000 0.447344 -2.614748 0.000376
 3161.000000 0.331419 -2.630416 0.000341
 3162.000000 0.276958 -2.874765 0.000574
 3163.000000 -1.066080 2.583513 0.001196
 3164.000000 -1.544368 -3.098236 0.001353
 3165.000000 -1.406573 -2.963132 0.001736
 3166.000000 0.751604 -2.725906 0.000828
 3167.000000 1.703820 2.901717 0.001711
 3168.000000 1.402528 2.847422 0.001493
 3169.000000 -0.413520 -2.961779 0.001226
 3170.000000 2.676652 -2.714082 0.001443
 3171.000000 -1.495416 2.768808 0.001104
 3172.000000 0.251554 -3.009946 0.000738
 3173.000000 -1.118000 -2.930945 0.000715
 3174.000000 0.331946 -2.668961 0.000581
 3175.000000 0.356328 -2.742017 0.000385
 3176.000000 1.479555 -2.601817 0.000307
 3177.000000 0.527245 -3.031142 0.001219
 3178.000000 0.330905 -2.703156 0.000541
 3179.000000 -0.459028 -2.222582 0.000321
 3180.000000 0.269073 -2.652824 0.000144
 3181.000000 0.379702 -2.563117 0.000915
 3182.000000 -1.217578 3.028633 0.000909
 3183.000000 0.432742 -2.874584 0.000604
 3184.000000 0.227992 -2.028651 0.001492
 3185.000000 -1.825499 -2.864828 0.000856
 3186.000000 -1.145887 -2.894795 0.000372
 3187.000000 0.447094 2.682696 0.000580
 3188.000000 0.450274 2.623649 0.000631
 3189.000000 -0.407729 2.770269 0.000593
 3190.000000 0.215814 -2.310016 0.001202
 3191.000000 0.418795 -2.664913 0.000987
 3192.000000 -0.349447 -2.795339 0.000135
 3193.000000 0.258296 2.715172 0.001245
 3194.000000 0.124107 2.696268 0.000942
 3195.000000 0.122643 -2.895234 0.000656
 3196.000000 0.285931 2.914203 0.003135
 3197.000000 1.508731 -2.777343 0.000177
 3198.000000 0.280919 -2.348103 0.000820
 3199.000000 1.865613 -2.804051 0.001399
 3200.000000 -0.569577 -3.006829 0.000471
 3201.000000 1.159758 -2.627426 0.000338
 3202.000000 -0.033813 -1.222437 0.000223
 3203.000000 1.555179 -2.844956 0.000417
 3204.000000 -0.428479 -2.680057 0.000182
 3205.000000 0.356844 -3.013842 0.000378
 3206.000000 0.066157 2.305584 0.000486
 3207.000000 0.517321 2.401846 0.001140
 3208.000000 0.263830 -2.609955 0.000573
 3209.000000 0.461844 -2.325083 0.001741
 3210.000000 0.229213 -2.416152 0.002024
 3211.000000 0.256330 3.106874 0.002090
 3212.000000 0.375446 -2.829479 0.002088
 3213.000000 0.303519 -2.097223 0.002034
 3214.000000 0.368883 -2.122894 0.002400
 3215.000000 0.374970 -2.067809 0.002495
 3216.000000 0.340518 -2.594814 0.001854
 3217.000000 0.391178 -1.925877 0.002672
 3218.000000 0.401037 -2.115033 0.002526
 3219.000000 0.399441 -2.576400 0.002909
 3220.000000 0.359508 -2.827186 0.002520
 3221.000000 0.236491 -1.917608 0.002879
 3222.000000 0.377357 -2.044129 0.001809
 3223.000000 0.402394 -1.880897 0.003295
 3224.000000 0.280458 -2.412124 0.002065
 3225.000000 0.276941 -2.548809 0.002174
 3226.000000 0.404981 -2.231155 0.001790
 3227.000000 0.234984 -2.196324 0.003225
 3228.000000 0.273012 -2.491601 0.002377
 3229.000000 0.135150 -2.708566 0.002540
 3230.000000 0.229715 -2.729586 0.003716
 3231.000000 0.348619 -2.737731 0.004177
 3232.000000 0.457118 -1.975526 0.002902
 3233.000000 0.254867 -2.621358 0.002329
 3234.000000 0.446910 -2.511428 0.003180
 3235.000000 0.295983 -2.489834 0.003557
 3236.000000 0.252248 -2.425201 0.003720
 3237.000000 0.179447 -3.132589 0.002343
 3238.000000 0.371612 -2.596867 0.002304
 3239.000000 0.307039 -2.128129 0.004056
 3240.000000 0.267797 -2.801074 0.002262
 3241.000000 0.153574 -1.947988 0.001859
 3242.000000 0.095723 -2.358550 0.000848
 3243.000000 0.188273 -1.985235 0.001406
 3244.000000 0.206137 -2.184871 0.002366
 3245.000000 0.280796 -1.514152 0.001917
 3246.000000 0.363889 -2.500203 0.002030
 3247.000000 0.239575 -1.988604 0.002259
 3248.000000 0.173732 -2.376571 0.002225
 3249.000000 0.325968 -2.859740 0.001355
 3250.000000 0.357938 -2.459759 0.000957
 3251.000000 0.073266 -2.490541 0.000854
 3252.000000 0.229112 -2.264294 0.000884
 3253.000000 0.084985 -1.770545 0.000947
 3254.000000 0.381476 -2.482393 0.000260
 3255.000000 0.211772 -2.701543 0.000225
 3256.000000 0.461410 -2.371147 0.000351
 3257.000000 0.111587 -2.594162 0.000241
 3258.000000 0.755950 -1.680063 0.001454
 3259.000000 0.911910 -2.158312 0.001366
 3260.000000 0.352461 -2.689396 0.000258
 3261.000000 0.465120 -2.656365 0.001649
 3262.000000 -0.442192 -2.522914 0.000339
 3263.000000 -2.511849 2.930135 0.000463
 3264.000000 0.441622 2.979791 0.000302
 3265.000000 0.422843 2.853238 0.000857
 3266.000000 0.341419 2.951600 0.000508
 3267.000000 -1.323480 -2.933924 0.000781
 3268.000000 0.296090 2.812889 0.000725
 3269.000000 0.297082 -2.781930 0.000368
 3270.000000 0.354875 -3.037288 0.001134
 3271.000000 0.379653 3.032382 0.000896
 3272.000000 -0.084230 -2.795006 0.001194
 3273.000000 0.041933 -3.026784 0.002085
 3274.000000 -1.480153 2.686349 0.001636
 3275.000000 0.272752 2.914012 0.001750
 3276.000000 0.457159 2.638306 0.001168
 3277.000000 0.460237 2.641119 0.001307
 3278.000000 -0.951112 2.796082 0.001365
 3279.000000 0.369870 3.009615 0.001620
 3280.000000 -1.483506 3.004553 0.001703
 3281.000000 -0.373447 -2.987754 0.001607
 3282.000000 0.465942 -2.713956 0.001459
 3283.000000 0.183387 3.111621 0.000773
 3284.000000 1.705842 -3.084027 0.000782
 3285.000000 1.259131 2.727222 0.001847
 3286.000000 0.459437 2.728792 0.000730
 3287.000000 0.203378 -3.084346 0.001153
 3288.000000 0.168448 -3.064061 0.000825
 3289.000000 -0.239843 3.073944 0.001244
 3290.000000 -0.976648 2.535755 0.000636
 3291.000000 0.410793 2.737393 0.000744
 3292.000000 0.166578 2.757415 0.000873
 3293.000000 0.374472 -2.744227 0.001132
 3294.000000 -0.494568 2.655923 0.001770
 3295.000000 0.474112 3.058927 0.000863
 3296.000000 -1.243380 -2.885947 0.000466
 3297.000000 -0.806093 -2.472233 0.000132
 3298.000000 -0.005628 2.605435 0.000316
 3299.000000 -1.506258 -2.917008 0.000735
 3300.000000 0.303651 2.822899 0.000337
 3301.000000 0.340730 2.590918 0.000857
 3302.000000 -0.393691 2.889195 0.000620
 3303.000000 0.247540 2.813594 0.000464
 3304.000000 0.022260 -3.092199 0.000216
 3305.000000 0.468234 -1.961298 0.000444
 3306.000000 -1.281963 -2.832127 0.000092
 3307.000000 -0.551678 2.499720 0.001608
 3308.000000 0.309629 2.816179 0.000207
 3309.000000 -0.612085 -3.046667 0.000917
 3310.000000 1.379796 2.368045 0.001053
 3311.000000 1.806285 2.714866 0.001062
 3312.000000 0.422315 -2.693366 0.000428
 3313.000000 1.344977 2.711212 0.001366
 3314.000000 0.342415 2.706653 0.000738
 3315.000000 0.367052 -2.872106 0.000718
 3316.000000 -0.582203 2.855806 0.000787
 3317.000000 -1.160178 -2.974461 0.001122
 3318.000000 0.483262 -3.069944 0.000696
 3319.000000 0.086662 -2.789512 0.000521
 3320.000000 0.358386 -1.922453 0.000786
 3321.000000 0.101587 -2.005477 0.001627
 3322.000000 0.051418 -2.410672 0.001669
 3323.000000 0.349751 -3.016374 0.000435
 3324.000000 -0.388725 -2.984405 0.000788
 3325.000000 -0.173618 -2.655221 0.000401
 3326.000000 -0.124340 -2.823933 0.000616
 3327.000000 0.588236 -2.607524 0.000501
 3328.000000 0.158960 -2.248801 0.000849
 3329.000000 0.146190 -2.594594 0.000633
 3330.000000 0.237487 -2.519595 0.001160
 3331.000000 0.443194 -2.414975 0.000889
 3332.000000 0.413424 -2.880239 0.000570
 3333.000000 0.323838 -2.656132 0.001178
 3334.000000 0.193349 -2.682823 0.000825
 3335.000000 0.448112 -2.691342 0.000612
 3336.000000 0.270103 -2.653708 0.000504
 3337.000000 0.243499 -2.956608 0.000162
 3338.000000 0.078139 2.940259 0.000449
 3339.000000 0.758076 2.796074 0.000391
 3340.000000 -0.451556 -2.864760 0.000516
 3341.000000 0.221980 -2.789820 0.000571
 3342.000000 0.287080 -2.260947 0.000122
 3343.000000 0.294568 2.737183 0.000331
 3344.000000 0.171932 -2.315838 0.002792
 3345.000000 0.343261 -2.945675 0.003897
 3346.000000 0.478358 -2.170324 0.000887
 3347.000000 -0.192226 -2.886241 0.000600
 3348.000000 -0.420664 3.011849 0.000677
 3349.000000 0.248475 -2.888853 0.001032
 3350.000000 0.439482 -1.779080 0.001052
 3351.000000 1.114380 2.620129 0.000738
 3352.000000 0.264049 -2.764016 0.001127
 3353.000000 1.312258 2.584372 0.000640
 3354.000000 -0.163483 -2.504995 0.000466
 3355.000000 0.373618 -2.596744 0.001152
 3356.000000 0.293758 -2.694684 0.001453
 3357.000000 0.164291 -2.841366 0.001370
 3358.000000 0.142817 -2.840671 0.001430
 3359.000000 0.259529 -2.688980 0.001503
 3360.000000 0.200410 -2.736638 0.001507
 3361.000000 -1.180390 -3.042370 0.001461
 3362.000000 -0.533181 -3.069682 0.000894
 3363.000000 1.232523 -2.805120 0.001321
 3364.000000 -0.402839 -2.602163 0.002554
 3365.000000 -0.220306 -2.645457 0.001690
 3366.000000 -0.186580 -2.380730 0.001069
 3367.000000 0.270684 -3.119431 0.001858
 3368.000000 -0.918848 -2.755140 0.000473
 3369.000000 -1.595584 2.788894 0.000845
 3370.000000 -1.529131 -2.677837 0.000726
 3371.000000 0.421106 -2.840377 0.001850
 3372.000000 1.155691 -2.634154 0.001537
 3373.000000 -0.640367 -2.602285 0.000566
 3374.000000 -0.279755 -2.712909 0.000492
 3375.000000 0.722270 -2.746553 0.000701
 3376.000000 0.545686 -2.754691 0.000287
 3377.000000 1.137566 -2.579801 0.000495
 3378.000000 0.205768 -2.687634 0.000124
 3379.000000 0.337080 -2.579749 0.000180
 3380.000000 0.463340 2.919552 0.000601
 3381.000000 0.185720 -2.625982 0.000883
 3382.000000 0.151388 -2.484965 0.002534
 3383.000000 0.034686 -2.135869 0.001026
 3384.000000 0.052823 -2.671372 0.001570
 3385.000000 -0.802480 -2.181197 0.000562
 3386.000000 -0.427329 -2.978003 0.000340
 3387.000000 0.969944 -2.738807 0.000684
 3388.000000 -1.173098 -1.955181 0.000564
 3389.000000 -0.277010 -2.679751 0.001532
 3390.000000 -0.430898 -2.321668 0.001370
 3391.000000 -0.399802 3.071782 0.000361
 3392.000000 -1.617231 3.023314 0.000398
 3393.000000 -0.390068 2.920186 0.000153
 3394.000000 0.391200 -1.862455 0.000368
 3395.000000 0.303080 -2.816923 0.000154
 3396.000000 0.333725 -2.678170 0.000096
 3397.000000 0.249689 -2.722225 0.000236
 3398.000000 1.525330 -2.598962 0.000973
 3399.000000 0.321678 -2.664150 0.000204
 3400.000000 -1.118352 -2.732517 0.000414
 3401.000000 0.341567 2.564447 0.000213
 3402.000000 0.046132 -2.425614 0.000528
 3403.000000 0.187963 3.133618 0.001296
 3404.000000 0.043409 3.003717 0.001058
 3405.000000 0.380540 -2.762688 0.001292
 3406.000000 -1.378201 -2.831862 0.000993
 3407.000000 1.637533 2.651158 0.001296
 3408.000000 -1.854041 -2.820476 0.000674
 3409.000000 -1.798622 2.823586 0.000611
 3410.000000 -1.135197 -3.047505 0.000655
 3411.000000 0.076080 -2.782802 0.000282
 3412.000000 0.475870 -3.057081 0.000252
 3413.000000 1.028209 -2.644000 0.000426
 3414.000000 1.047655 -2.661678 0.000558
 3415.000000 0.355636 -1.984831 0.001174
 3416.000000 0.681147 2.763622 0.000201
 3417.000000 1.372571 2.684338 0.001177
 3418.000000 0.756323 -2.678131 0.000147
 3419.000000 1.538684 -2.700718 0.000488
 3420.000000 0.241319 -2.801180 0.000378
 3421.000000 -0.314575 -2.429255 0.002321
 3422.000000 0.464157 -2.379889 0.000201
 3423.000000 -1.349299 -3.035380 0.000460
 3424.000000 0.394519 2.755755 0.000936
 3425.000000 0.266603 2.288321 0.000259
 3426.000000 0.689611 -2.827931 0.000379
 3427.000000 1.216175 -2.812672 0.000552
 3428.000000 1.432622 -2.905013 0.000586
 3429.000000 -0.324928 -3.095216 0.000817
 3430.000000 -0.394503 2.479210 0.000401
 3431.000000 -0.216914 -2.746917 0.001900
 3432.000000 0.750833 2.890818 0.001664
 3433.000000 1.157095 -2.954283 0.001211
 3434.000000 -0.047409 -3.005768 0.000848
 3435.000000 0.411722 3.002244 0.001274
 3436.000000 0.437328 -3.102461 0.000381
 3437.000000 0.246483 2.833977 0.000536
 3438.000000 1.393549 -2.721915 0.000397
 3439.000000 0.432847 -2.429663 0.000377
 3440.000000 0.177372 -2.222689 0.000173
 3441.000000 0.398781 2.759073 0.000753
 3442.000000 -1.094768 -2.624191 0.000250
 3443.000000 -1.454568 2.892190 0.000431
 3444.000000 0.263077 3.140836 0.000560
 3445.000000 -1.193854 2.761219 0.002273
 3446.000000 -1.024398 -2.992759 0.001916
 3447.000000 -1.426477 2.757199 0.001566
 3448.000000 0.432218 -3.021848 0.001719
 3449.000000 0.448288 -2.737914 0.000784
 3450.000000 -1.413445 -2.697918 0.000149
 3451.000000 -1.093806 -2.432777 0.000953
 3452.000000 0.274180 -2.450238 0.000285
 3453.000000 0.257982 -2.407688 0.000879
 3454.000000 0.217454 -2.633133 0.001114
 3455.000000 0.226679 -1.982581 0.001454
 3456.000000 0.213991 -2.346491 0.001220
 3457.000000 0.183697 -2.550003 0.003345
 3458.000000 0.285455 -2.584169 0.002500
 3459.000000 0.296239 -1.682955 0.001642
 3460.000000 0.380280 -1.830259 0.001528
 3461.000000 0.213287 -2.561126 0.001314
 3462.000000 0.198905 -2.119525 0.000260
 3463.000000 0.329481 -2.246302 0.003959
 3464.000000 0.462576 -1.671044 0.002305
 3465.000000 0.232029 -2.347759 0.002196
 3466.000000 0.411574 -2.084879 0.002977
 3467.000000 0.310995 -1.784120 0.002207
 3468.000000 0.338663 -1.950037 0.001309
 3469.000000 0.301730 -2.666955 0.000703
 3470.000000 0.246281 -2.409371 0.001374
 3471.000000 0.121805 -2.233488 0.001071
 3472.000000 -0.040814 -2.579601 0.001049
 3473.000000 0.196879 -1.954388 0.001279
 3474.000000 0.228295 -2.125454 0.001303
 3475.000000 0.150607 -2.145064 0.001146
 3476.000000 0.368450 -2.315898 0.001142
 3477.000000 0.220747 -1.963623 0.001098
 3478.000000 0.204559 -2.228787 0.001771
 3479.000000 0.540605 -2.058819 0.001828
 3480.000000 0.149487 -2.574770 0.002806
 3481.000000 0.169881 -2.527908 0.001271
 3482.000000 0.315483 -2.412372 0.001289
 3483.000000 0.290383 -2.310842 0.003437
 3484.000000 0.274257 -2.637900 0.001677
 3485.000000 0.418678 -1.794182 0.001531
 3486.000000 0.436213 -2.480869 0.002486
 3487.000000 0.329621 -1.973494 0.002294
 3488.000000 0.318755 -1.950690 0.002511
 3489.000000 0.256763 -1.553199 0.002760
 3490.000000 0.145152 -2.313742 0.000865
 3491.000000 0.469777 -1.940001 0.001191
 3492.000000 0.384635 -2.779856 0.001280
 3493.000000 0.221515 -1.500013 0.001236
 3494.000000 -0.616376 -1.911628 0.000461
 3495.000000 -0.281652 -2.040836 0.000264
 3496.000000 1.533400 -2.826829 0.000293
 3497.000000 -1.410689 -3.092091 0.000991
 3498.000000 -1.791369 2.814915 0.000376
 3499.000000 0.464023 -2.235558 0.001058
 3500.000000 1.282983 -2.815805 0.000157
 3501.000000 0.030801 2.639491 0.000168
 3502.000000 0.476033 2.951411 0.001138
 3503.000000 0.240991 2.490508 0.000141
 3504.000000 0.279062 2.565522 0.000217
 3505.000000 0.391059 2.574687 0.000880
 3506.000000 -0.340908 -2.999337 0.000364
 3507.000000 -1.516803 2.692458 0.000206
 3508.000000 -0.365515 2.833759 0.000493
 3509.000000 -1.228741 -2.699371 0.001358
 3510.000000 -1.284242 -2.410044 0.001259
 3511.000000 0.404338 -2.549040 0.001004
 3512.000000 0.216340 -2.861492 0.001410
 3513.000000 0.313557 -2.233032 0.004630
 3514.000000 0.277021 -3.038633 0.005068
 3515.000000 1.386678 -2.338602 0.003471
 3516.000000 2.007081 -1.993582 0.003404
 3517.000000 -1.511142 -2.633471 0.000981
 3518.000000 0.212971 -2.536248 0.000923
 3519.000000 0.302030 -2.471172 0.001198
 3520.000000 1.417494 -2.843761 0.000734
 3521.000000 -0.099458 -2.663621 0.000932
 3522.000000 0.346817 -2.566349 0.001549
 3523.000000 0.362747 -2.584889 0.000321
 3524.000000 1.527250 -2.641015 0.000863
 3525.000000 -0.642280 -3.113429 0.001269
 3526.000000 -0.474228 -2.897639 0.000135
 3527.000000 1.129608 -2.579536 0.000181
 3528.000000 0.330143 2.468667 0.001472
 3529.000000 -0.161396 3.090074 0.001545
 3530.000000 1.406632 2.607425 0.002168
 3531.000000 -1.011998 -2.953737 0.000692
 3532.000000 0.445598 2.580831 0.001401
 3533.000000 0.269059 -2.614730 0.000633
 3534.000000 0.278906 -2.744959 0.000601
 3535.000000 1.153720 -2.563135 0.000424
 3536.000000 -0.186995 -2.821410 0.000202
 3537.000000 0.398289 -2.082773 0.000797
 3538.000000 -1.261794 -2.082435 0.001208
 3539.000000 0.367818 -2.421180 0.000354
 3540.000000 0.994551 -3.019983 0.000453
 3541.000000 1.000191 2.927278 0.000636
 3542.000000 1.451801 3.055693 0.001636
 3543.000000 -0.515135 2.710066 0.000640
 3544.000000 -0.338936 3.067287 0.001362
 3545.000000 -0.399324 -2.823296 0.002453
 3546.000000 0.361308 -3.011567 0.000941
 3547.000000 0.177836 -2.898996 0.000829
 3548.000000 0.444434 -2.662845 0.000941
 3549.000000 0.317555 -2.940969 0.001024
 3550.000000 0.166234 -2.203983 0.001905
 3551.000000 0.153989 2.902781 0.001050
 3552.000000 0.325571 3.124178 0.000138
 3553.000000 0.194969 -2.603536 0.001149
 3554.000000 0.498522 -2.975078 0.000451
 3555.000000 -0.004715 -2.560135 0.000166
 3556.000000 -0.266176 -2.420371 0.001149
 3557.000000 0.419508 2.918275 0.000558
 3558.000000 -1.002848 -3.038012 0.001555
 3559.000000 0.339717 2.665724 0.000878
 3560.000000 -0.296155 -3.008977 0.000476
 3561.000000 1.221354 -1.971977 0.001502
 3562.000000 1.811220 -2.584441 0.000888
 3563.000000 -0.326240 -2.681488 0.000241
 3564.000000 0.315583 -2.181007 0.001409
 3565.000000 0.295669 -1.809855 0.000824
 3566.000000 0.323836 2.671058 0.001679
 3567.000000 0.359016 2.588305 0.001623
 3568.000000 0.227625 -2.793341 0.002875
 3569.000000 0.228178 -2.974135 0.001005
 3570.000000 0.247286 -2.599455 0.001479
 3571.000000 0.133812 2.969368 0.004729
 3572.000000 0.165031 -3.097833 0.002232
 3573.000000 0.410912 -2.740953 0.002403
 3574.000000 -0.730429 -2.892339 0.002107
 3575.000000 -0.209481 -2.732728 0.000906
 3576.000000 -0.482030 2.749379 0.001100
 3577.000000 -1.582152 -3.032437 0.003354
 3578.000000 -1.154711 -3.058574 0.003116
 3579.000000 -1.241133 -2.145271 0.003075
 3580.000000 -0.561325 2.936856 0.002659
 3581.000000 -0.232396 -3.069021 0.001228
 3582.000000 0.396891 -2.538963 0.002046
 3583.000000 0.979255 -2.897158 0.001203
 3584.000000 -0.280557 -2.820731 0.000513
 3585.000000 0.133758 -2.967927 0.000216
 3586.000000 0.388219 2.745649 0.000109
 3587.000000 -1.106833 -2.457682 0.000194
 3588.000000 -0.371974 -2.696049 0.000333
 3589.000000 0.262522 -2.386703 0.001031
 3590.000000 0.326697 -2.579714 0.001106
 3591.000000 0.411173 -2.548791 0.000972
 3592.000000 0.337919 -2.534232 0.000606
 3593.000000 0.445197 -2.756037 0.000846
 3594.000000 -0.286006 -2.726614 0.001026
 3595.000000 0.894947 -2.750904 0.000852
 3596.000000 0.059873 -2.778955 0.000527
 3597.000000 -1.308412 -2.437342 0.000665
 3598.000000 0.258954 -2.591728 0.000385
 3599.000000 0.418949 -2.733350 0.000524
 3600.000000 -1.468740 -2.886220 0.000487
 3601.000000 -1.386190 -2.760994 0.000530
 3602.000000 -1.405319 -2.786275 0.000888
 3603.000000 0.384080 -1.806804 0.000088
 3604.000000 0.939431 -1.894300 0.000340
 3605.000000 1.382654 -2.856232 0.000250
 3606.000000 0.181104 -2.863436 0.000101
 3607.000000 1.282065 -2.671802 0.000799
 3608.000000 -0.417796 -2.861881 0.001226
 3609.000000 0.007563 3.122426 0.000536
 3610.000000 0.284836 -2.388167 0.000205
 3611.000000 -0.263817 2.874575 0.000525
 3612.000000 0.221314 -2.678956 0.000266
 3613.000000 0.201957 -1.910635 0.000250
 3614.000000 -1.020528 -2.653583 0.000739
 3615.000000 -1.431459 -2.600279 0.000184
 3616.000000 0.299698 -2.634824 0.000813
 3617.000000 0.300121 -3.063344 0.002375
 3618.000000 1.738784 -2.952290 0.003728
 3619.000000 -0.539288 -3.020583 0.000698
 3620.000000 1.376437 -2.792155 0.000635
 3621.000000 0.389683 -2.816896 0.000656
 3622.000000 -0.390130 2.487189 0.000289
 3623.000000 -1.608446 2.798933 0.001015
 3624.000000 0.506940 3.013172 0.000942
 3625.000000 0.333098 -2.726288 0.000596
 3626.000000 -0.400533 2.760298 0.000471
 3627.000000 -0.393479 2.665454 0.000372
 3628.000000 1.555778 -2.741143 0.000159
 3629.000000 0.250834 -1.953539 0.000279
 3630.000000 0.901851 -2.089827 0.000304
 3631.000000 0.150658 -2.789732 0.000538
 3632.000000 0.301588 2.722794 0.000306
 3633.000000 -1.512357 -2.984687 0.000462
 3634.000000 -0.376079 2.703682 0.000183
 3635.000000 0.439677 2.643804 0.000526
 3636.000000 0.349949 2.799551 0.000561
 3637.000000 -0.581035 -3.014490 0.000379
 3638.000000 -1.315726 -2.724181 0.001853
 3639.000000 0.457798 2.885156 0.002997
 3640.000000 -1.338217 -3.128198 0.001562
 3641.000000 -0.434390 -2.709204 0.001446
 3642.000000 -0.867332 3.056782 0.000592
 3643.000000 0.331460 -2.639248 0.000293
 3644.000000 0.359170 -2.555817 0.000697
 3645.000000 0.324787 -2.448032 0.000354
 3646.000000 0.166988 -2.199059 0.000588
 3647.000000 -0.357133 -1.601569 0.002001
 3648.000000 -1.130289 -2.545936 0.001290
 3649.000000 0.206747 -2.413283 0.002001
 3650.000000 -1.256624 -2.607430 0.000558
 3651.000000 0.352219 3.099176 0.000597
 3652.000000 0.438853 2.887197 0.000446
 3653.000000 0.522925 -3.136409 0.000544
 3654.000000 0.220799 2.761933 0.000458
 3655.000000 -1.216620 -2.967837 0.001088
 3656.000000 -1.438882 -3.122370 0.001201
 3657.000000 -1.397067 -2.869139 0.001537
 3658.000000 0.478929 -3.075410 0.000761
 3659.000000 1.405992 -2.837546 0.000713
 3660.000000 0.180178 -2.929259 0.001024
 3661.000000 -1.453533 2.890174 0.001231
 3662.000000 -1.556596 -3.102490 0.001141
 3663.000000 0.995339 -2.773668 0.001254
 3664.000000 -0.279578 -2.754212 0.000975
 3665.000000 0.328935 -2.148126 0.000256
 3666.000000 0.893492 -2.970612 0.000568
 3667.000000 0.150192 -2.974307 0.001411
 3668.000000 0.217545 -3.024133 0.002070
 3669.000000 0.341475 3.051256 0.000248
 3670.000000 -0.082741 -2.783272 0.000335
 3671.000000 0.460617 -2.961618 0.000415
 3672.000000 0.282970 2.731233 0.000252
 3673.000000 -0.560376 -2.994186 0.000281
 3674.000000 -1.220819 -2.976303 0.000843
 3675.000000 0.367489 2.728419 0.001498
 3676.000000 0.332521 -2.598608 0.001057
 3677.000000 0.291377 -3.061234 0.000709
 3678.000000 0.103137 2.869896 0.001217
 3679.000000 -0.508258 2.875126 0.001873
 3680.000000 -0.418366 -2.470769 0.001407
 3681.000000 -0.476588 -2.401533 0.001548
 3682.000000 -0.435562 -2.524404 0.000094
 3683.000000 0.450475 -2.698926 0.000255
 3684.000000 0.382257 -2.134726 0.000646
 3685.000000 0.449263 -2.684865 0.000418
 3686.000000 0.018106 2.622575 0.000229
 3687.000000 -0.997647 -2.265306 0.000172
 3688.000000 0.332035 -2.763532 0.000204
 3689.000000 -0.294254 -2.626836 0.000193
 3690.000000 -0.559911 -2.692262 0.000375
 3691.000000 0.509123 2.355445 0.000084
 3692.000000 0.085659 -2.979047 0.001080
 3693.000000 0.302185 2.921061 0.003078
 3694.000000 0.287278 -3.029612 0.001639
 3695.000000 0.316967 -3.139026 0.001573
 3696.000000 0.310736 2.821738 0.001706
 3697.000000 0.362679 2.883287 0.000389
 3698.000000 0.346779 -2.636815 0.000142
 3699.000000 0.037728 -2.667531 0.000389
 3700.000000 -1.140389 -2.625236 0.000722
 3701.000000 -1.386016 3.055701 0.000269
 3702.000000 1.121943 2.774996 0.000366
 3703.000000 0.309817 -3.094400 0.000235
 3704.000000 0.645090 2.382584 0.000952
 3705.000000 -1.285182 -2.352443 0.000191
 3706.000000 0.459029 -2.615954 0.000429
 3707.000000 -0.443209 -2.602187 0.002459
 3708.000000 0.602524 -2.692226 0.002278
 3709.000000 -0.044002 -2.766082 0.002043
 3710.000000 1.389697 -2.821296 0.002480
 3711.000000 1.201639 2.776342 0.000230
 3712.000000 -0.054260 3.129117 0.000144
 3713.000000 -1.367804 -3.043403 0.000845
 3714.000000 -0.222649 -2.885617 0.000462
 3715.000000 1.024093 -2.817200 0.000465
 3716.000000 -0.382477 -2.296036 0.000080
 3717.000000 0.440613 -2.614691 0.002036
 3718.000000 0.281181 -2.712218 0.001386
 3719.000000 0.663840 -2.788102 0.000716
 3720.000000 0.568037 -2.613368 0.000723
 3721.000000 -0.139895 -1.819227 0.000968
 3722.000000 0.291776 -3.048776 0.001096
 3723.000000 0.198311 3.018795 0.000761
 3724.000000 0.335386 -2.629237 0.000868
 3725.000000 0.233371 -2.772415 0.000808
 3726.000000 0.292584 -2.317112 0.001361
 3727.000000 -1.735025 -2.758030 0.000079
 3728.000000 -1.534280 -2.720095 0.000114
 3729.000000 1.061446 2.758205 0.000420
 3730.000000 0.905598 -2.841981 0.000455
 3731.000000 0.419658 -2.650564 0.000224
 3732.000000 -0.088343 -2.113220 0.002073
 3733.000000 1.213511 -2.413266 0.001474
 3734.000000 -0.863874 -2.693578 0.000737
 3735.000000 0.227894 -1.821032 0.002448
 3736.000000 -0.604839 -2.731902 0.001379
 3737.000000 1.471127 -2.826467 0.001474
 3738.000000 0.358135 -2.615377 0.000853
 3739.000000 0.519790 -2.276428 0.000776
 3740.000000 -1.212880 -2.480329 0.001173
 3741.000000 0.418941 -1.970354 0.000501
 3742.000000 1.341777 -1.811759 0.000517
 3743.000000 0.263012 -2.646927 0.001566
 3744.000000 0.276460 2.944060 0.000458
 3745.000000 0.247973 -2.647905 0.000526
 3746.000000 0.470855 -2.992922 0.000567
 3747.000000 0.261822 -2.743844 0.000653
 3748.000000 0.135188 -2.823218 0.000720
 3749.000000 -1.447972 -3.040403 0.000237
 3750.000000 -1.173169 -2.702922 0.001067
 3751.000000 -0.376640 -2.581765 0.001182
 3752.000000 -0.243322 -2.615249 0.000830
 3753.000000 -0.468903 -2.757520 0.000412
 3754.000000 -1.433747 -2.763936 0.000452
 3755.000000 -0.600815 -2.622651 0.000455
 3756.000000 0.210846 -2.626135 0.000724
 3757.000000 0.460745 -2.697554 0.000427
 3758.000000 0.358806 -2.875073 0.001288
 3759.000000 -0.114462 2.861269 0.000687
 3760.000000 0.419283 -2.830816 0.000500
 3761.000000 1.140335 2.801502 0.001509
 3762.000000 -0.297962 -2.510463 0.000181
 3763.000000 -0.051474 -2.665391 0.000564
 3764.000000 0.371983 -2.351599 0.000296
 3765.000000 0.395985 -2.300193 0.000230
 3766.000000 0.414082 -3.025482 0.000127
 3767.000000 0.122168 2.975384 0.000209
 3768.000000 0.489725 2.879554 0.000864
 3769.000000 -0.800548 -2.739965 0.000989
 3770.000000 0.741995 -2.612210 0.000268
 3771.000000 0.211723 -2.044999 0.000894
 3772.000000 0.405918 -1.878764 0.001082
 3773.000000 0.166159 -2.594919 0.001713
 3774.000000 0.332172 -2.229031 0.001038
 3775.000000 0.214905 -2.188735 0.002154
 3776.000000 0.109850 -2.650910 0.001079
 3777.000000 0.380829 -1.749883 0.001575
 3778.000000 0.273806 -1.973766 0.001111
 3779.000000 0.314143 -2.173981 0.001391
 3780.000000 0.279044 -1.836031 0.001508
 3781.000000 0.423056 -1.533672 0.001164
 3782.000000 0.356480 -2.514855 0.002262
 3783.000000 0.277355 -2.248739 0.003045
 3784.000000 0.329702 -1.902449 0.002784
 3785.000000 0.258718 -2.628108 0.002230
 3786.000000 0.372225 -2.293391 0.002377
 3787.000000 0.322942 -2.118199 0.002659
 3788.000000 0.419030 -1.684182 0.001752
 3789.000000 0.270152 -2.375940 0.001913
 3790.000000 0.214164 -2.271099 0.002627
 3791.000000 0.371820 -2.152390 0.002194
 3792.000000 0.316556 -2.661963 0.002875
 3793.000000 0.330429 -2.825818 0.003569
 3794.000000 0.295608 -2.608263 0.002307
 3795.000000 0.493460 -2.680282 0.002981
 3796.000000 0.185870 -2.376764 0.001658
 3797.000000 0.304891 -2.081054 0.001665
 3798.000000 0.294515 -2.271155 0.003155
 3799.000000 0.203979 -1.956843 0.003585
 3800.000000 0.370940 -1.857304 0.003434
 3801.000000 0.271486 -1.715036 0.002817
 3802.000000 0.357588 -2.132151 0.002566
 3803.000000 0.231777 -2.818704 0.002894
 3804.000000 0.301269 -1.875021 0.000997
 3805.000000 0.563798 -2.589379 0.001002
 3806.000000 0.242052 -2.321966 0.001587
 3807.000000 0.285681 -1.979484 0.002276
 3808.000000 0.244740 -2.524449 0.001771
 3809.000000 0.221939 -3.057247 0.003916
 3810.000000 0.335078 -2.500294 0.004197
 3811.000000 0.179211 3.122961 0.003230
 3812.000000 0.239046 2.828796 0.004305
 3813.000000 0.390826 3.084478 0.003882
 3814.000000 0.159411 2.802502 0.003639
 3815.000000 0.248590 -3.002661 0.002983
 3816.000000 0.269296 2.913426 0.002404
 3817.000000 0.388743 3.107100 0.002725
 3818.000000 0.422887 -2.973971 0.002370
 3819.000000 0.316365 3.051320 0.002793
 3820.000000 0.124286 2.865862 0.002336
 3821.000000 0.309422 -3.050917 0.002201
 3822.000000 0.293912 2.685758 0.000654
 3823.000000 0.239904 -2.948366 0.003109
 3824.000000 0.363434 -2.976231 0.001489
 3825.000000 0.319887 2.501405 0.002143
 3826.000000 0.249913 -2.954929 0.001165
 3827.000000 1.508294 2.691396 0.000471
 3828.000000 -1.272232 -2.650247 0.001426
 3829.000000 -1.573285 -2.694932 0.001967
 3830.000000 0.481939 -2.556667 0.001718
 3831.000000 0.127639 2.860678 0.000808
 3832.000000 0.665277 2.821928 0.002358
 3833.000000 1.039003 -2.989102 0.001815
 3834.000000 0.383522 3.071045 0.002513
 3835.000000 0.346585 2.805622 0.001905
 3836.000000 0.342308 -2.974939 0.001634
 3837.000000 0.408794 2.877508 0.001877
 3838.000000 0.261712 -3.058713 0.001429
 3839.000000 0.417677 -2.954763 0.001123
 3840.000000 -0.004502 3.066485 0.002000
 3841.000000 0.178153 2.716675 0.000205
 3842.000000 1.444438 -2.712813 0.000983
 3843.000000 -0.279846 -2.696306 0.000870
 3844.000000 0.500020 -2.465864 0.000437
 3845.000000 0.488333 -2.499891 0.000606
 3846.000000 -1.194561 -2.939858 0.001630
 3847.000000 -0.007135 -2.130339 0.002036
 3848.000000 -0.062354 -2.478008 0.001774
 3849.000000 -0.211814 -3.125216 0.000355
 3850.000000 -0.264447 2.552727 0.000556
 3851.000000 -0.440696 -3.062748 0.000822
 3852.000000 0.360352 -2.404577 0.000148
 3853.000000 0.439457 -2.722335 0.000985
 3854.000000 0.246632 -2.384509 0.001108
 3855.000000 1.454575 -2.542828 0.001117
 3856.000000 0.831523 -2.617573 0.000177
 3857.000000 -1.587075 -2.901929 0.000310
 3858.000000 -1.381678 -2.204152 0.001807
 3859.000000 0.224035 -2.921822 0.002559
 3860.000000 0.346921 -2.437989 0.000855
 3861.000000 0.340359 -2.550443 0.001952
 3862.000000 0.009428 -2.664082 0.001164
 3863.000000 1.324643 -2.707996 0.001473
 3864.000000 0.249146 -2.926583 0.002584
 3865.000000 0.453776 -2.985646 0.002306
 3866.000000 0.201952 -2.865860 0.001876
 3867.000000 0.420030 2.901086 0.001606
 3868.000000 0.147019 3.050310 0.000660
 3869.000000 -1.549492 -2.936442 0.000210
 3870.000000 0.478768 -2.921580 0.001411
 3871.000000 0.425583 -2.167485 0.000488
 3872.000000 1.489122 -2.658373 0.000950
 3873.000000 -0.372015 -2.276734 0.001987
 3874.000000 -0.314796 -2.977862 0.000712
 3875.000000 -0.437549 -2.811426 0.000718
 3876.000000 0.444071 -2.495628 0.000492
 3877.000000 -0.415616 -1.913799 0.000175
 3878.000000 0.432956 -2.839941 0.000748
 3879.000000 0.345161 -2.274382 0.000536
 3880.000000 0.208091 -2.464421 0.001104
 3881.000000 -0.332024 -2.714364 0.000758
 3882.000000 0.586282 -2.424413 0.000100
 3883.000000 -1.442814 -2.727992 0.000118
 3884.000000 0.422457 -2.901519 0.000200
 3885.000000 -1.343292 -2.326396 0.000282
 3886.000000 0.324193 3.026331 0.000363
 3887.000000 0.453314 -2.546913 0.000565
 3888.000000 -1.557941 -2.729099 0.000427
 3889.000000 -1.593067 2.641049 0.000212
 3890.000000 0.486992 -2.796735 0.000230
 3891.000000 0.270073 -2.422206 0.001745
 3892.000000 1.008357 -2.898717 0.000331
 3893.000000 -0.456282 -2.196671 0.001161
 3894.000000 -0.362458 -2.822190 0.002452
 3895.000000 0.296221 -2.488842 0.000534
 3896.000000 0.298087 -3.141361 0.000642
 3897.000000 0.297406 3.006757 0.000302
 3898.000000 -1.358201 -3.004789 0.000696
 3899.000000 -0.467894 -3.034739 0.000658
 3900.000000 0.442307 -2.706785 0.000961
 3901.000000 -1.476918 -2.897552 0.000791
 3902.000000 -0.180442 -2.743022 0.000802
 3903.000000 1.948672 -2.699580 0.000796
 3904.000000 0.310649 -2.596582 0.000379
 3905.000000 1.474760 -2.408942 0.000518
 3906.000000 -0.198103 -2.309918 0.000490
 3907.000000 1.583803 -2.659793 0.000855
 3908.000000 -0.467664 -2.783672 0.000258
 3909.000000 0.349665 2.771952 0.000276
 3910.000000 -0.302555 2.841050 0.001332
 3911.000000 0.260925 -2.655194 0.001119
 3912.000000 -1.262147 -2.277320 0.000869
 3913.000000 0.388643 -2.860904 0.000578
 3914.000000 0.639946 -2.754442 0.002806
 3915.000000 0.255309 -2.367481 0.000810
 3916.000000 -0.377219 -2.711471 0.000545
 3917.000000 0.399550 -2.908414 0.000425
 3918.000000 -0.506535 2.952837 0.003442
 3919.000000 1.508077 -2.955123 0.002499
 3920.000000 0.284830 3.041188 0.002429
 3921.000000 -0.315318 2.821569 0.003982
 3922.000000 1.323589 2.755797 0.002910
 3923.000000 -0.233497 -3.013515 0.002582
 3924.000000 -0.391668 2.903330 0.003796
 3925.000000 1.425526 2.762621 0.003231
 3926.000000 -0.249960 2.984680 0.003573
 3927.000000 -0.443106 2.592094 0.004406
 3928.000000 -0.360043 2.756449 0.003691
 3929.000000 1.403007 2.744546 0.003432
 3930.000000 1.317208 -3.031103 0.002661
 3931.000000 -0.366672 2.992195 0.003711
 3932.000000 1.524088 -3.006859 0.003229
 3933.000000 -0.423620 2.704375 0.002372
 3934.000000 1.159544 2.811339 0.002399
 3935.000000 1.498542 2.853258 0.003239
 3936.000000 -0.472866 2.638549 0.003482
 3937.000000 1.443446 2.819403 0.002720
 3938.000000 -0.387477 -3.140277 0.002799
 3939.000000 -0.320072 -3.003427 0.003136
 3940.000000 -0.276477 2.497589 0.002520
 3941.000000 1.344163 2.738122 0.002425
 3942.000000 -0.552715 2.974366 0.002922
 3943.000000 -0.380407 -2.985261 0.003937
 3944.000000 -0.542010 -2.995113 0.002567
 3945.000000 1.263087 2.196256 0.003628
 3946.000000 -0.430759 2.621971 0.003759
 3947.000000 1.091232 2.648881 0.002465
 3948.000000 -0.312422 2.816462 0.003302
 3949.000000 -0.435695 3.005382 0.002791
 3950.000000 -0.318061 2.700889 0.005142
 3951.000000 -0.325277 2.867226 0.003049
 3952.000000 -0.273324 2.841667 0.003279
 3953.000000 -0.146382 2.593154 0.003348
 3954.000000 -0.372735 -3.126599 0.002661
 3955.000000 1.056729 2.615153 0.002490
 3956.000000 -0.314145 3.067550 0.002697
 3957.000000 1.210599 3.114736 0.003094
 3958.000000 1.176757 2.618661 0.002923
 3959.000000 -0.335307 2.811029 0.003027
 3960.000000 -0.321855 2.983206 0.003177
 3961.000000 -0.288091 2.506688 0.003293
 3962.000000 1.462914 2.682810 0.002726
 3963.000000 1.157032 -3.125422 0.002798
 3964.000000 -0.428720 2.805877 0.003540
 3965.000000 -0.365169 -2.899205 0.002972
 3966.000000 -0.196940 2.789208 0.002873
 3967.000000 -0.318158 2.710867 0.003476
 3968.000000 -0.542165 -3.044394 0.003482
 3969.000000 1.065036 2.634803 0.002628
 3970.000000 2.049673 2.595027 0.003240
 3971.000000 -0.407250 -2.841673 0.002509
 3972.000000 -0.500700 2.682368 0.003261
 3973.000000 -0.184000 2.799090 0.003205
 3974.000000 -0.309333 2.779911 0.003387
 3975.000000 -0.226669 2.756890 0.003153
 3976.000000 1.463771 2.886609 0.003338
 3977.000000 1.004354 -2.845616 0.002862
 3978.000000 1.312783 2.627348 0.002634
 3979.000000 -0.279811 2.629010 0.003922
 3980.000000 -0.259046 2.718662 0.003382
 3981.000000 -0.366880 2.774298 0.003040
 3982.000000 1.594695 2.919128 0.002656
 3983.000000 -0.305511 3.123478 0.002797
 3984.000000 -0.370345 3.026393 0.003795
 3985.000000 -0.063571 2.726976 0.002527
 3986.000000 -0.305589 2.984215 0.003849
 3987.000000 1.546203 2.630485 0.003564
 3988.000000 1.321898 2.655780 0.002945
 3989.000000 -0.482400 3.027511 0.003158
 3990.000000 -0.355584 2.910281 0.003926
 3991.000000 -0.456867 -3.095207 0.003463
 3992.000000 -0.192629 2.956509 0.003970
 3993.000000 -0.390654 3.040361 0.003203
 3994.000000 -0.458224 -3.122687 0.003753
 3995.000000 0.913503 2.884197 0.004574
 3996.000000 0.375141 2.723836 0.003076
 3997.000000 0.928426 -2.928435 0.002996
 3998.000000 1.159539 -3.049101 0.002968
 3999.000000 -0.299024 2.914123 0.003736
 4000.000000 1.575142 -3.046466 0.003149
 4001.000000 1.626225 2.942389 0.002525
 4002.000000 -0.428362 -3.113734 0.003029
 4003.000000 -0.299176 2.968965 0.002911
 4004.000000 1.042499 2.695729 0.003736
 4005.000000 1.336096 -2.988407 0.002992
 4006.000000 -0.476667 2.646815 0.003293
 4007.000000 1.648894 2.886351 0.003527
 4008.000000 1.457692 2.634597 0.003546
 4009.000000 1.185178 2.444162 0.003080
 4010.000000 -0.419412 2.866618 0.003466
 4011.000000 1.316307 2.616487 0.001975
 4012.000000 0.104400 -2.729209 0.004012
 4013.000000 1.172225 -3.073988 0.002930
 4014.000000 -0.269305 2.942821 0.003003
 4015.000000 -0.452917 2.989965 0.003531
 4016.000000 -0.472236 2.898659 0.003768
 4017.000000 1.687945 2.828759 0.002974
 4018.000000 -0.288346 2.433125 0.003547
 4019.000000 -0.404956 2.421807 0.003274
 4020.000000 -0.505134 2.977653 0.003661
 4021.000000 1.363593 2.734405 0.002998
 4022.000000 -0.427186 2.744243 0.003299
 4023.000000 1.277320 2.706056 0.002539
 4024.000000 -0.405889 -2.951593 0.003072
 4025.000000 -0.336650 3.064378 0.004629
 4026.000000 -0.361934 -2.937842 0.003237
 4027.000000 -0.130036 2.460819 0.003614
 4028.000000 1.279099 2.885335 0.002571
 4029.000000 -0.268908 3.069389 0.003231
 4030.000000 -0.497845 2.798035 0.003328
 4031.000000 0.879750 2.491533 0.004023
 4032.000000 -0.181083 2.876463 0.003242
 4033.000000 0.961244 3.090861 0.003187
 4034.000000 -0.182159 2.783044 0.003183
 4035.000000 -0.273055 3.047139 0.006987
 4036.000000 -0.294795 -3.117686 0.006147
 4037.000000 1.329024 2.804695 0.002975
 4038.000000 0.979150 2.845889 0.004243
 4039.000000 1.049866 2.996325 0.002558
 4040.000000 -0.204550 2.737146 0.003673
 4041.000000 1.327068 2.717590 0.003284
 4042.000000 -0.356560 2.701241 0.002659
 4043.000000 -0.253469 3.090625 0.003122
 4044.000000 -0.262128 2.664518 0.003318
 4045.000000 -0.477070 2.869252 0.003044
 4046.000000 1.304698 2.788271 0.003140
 4047.000000 -0.362715 -2.949749 0.003275
 4048.000000 -0.340077 2.763823 0.002809
 4049.000000 -0.300194 3.018645 0.003223
 4050.000000 -0.305849 2.593930 0.003237
 4051.000000 1.307792 2.665704 0.003156
 4052.000000 -0.305066 3.065153 0.002953
 4053.000000 1.196811 2.782337 0.002712
 4054.000000 -0.328897 2.654427 0.003218
 4055.000000 -0.305939 2.771629 0.002956
 4056.000000 1.378545 2.922709 0.003368
 4057.000000 0.806214 2.767606 0.002537
 4058.000000 -0.443167 3.084532 0.003172
 4059.000000 -0.269441 2.645463 0.003125
 4060.000000 -0.205619 2.921775 0.002905
 4061.000000 1.174554 2.717870 0.002865
 4062.000000 1.333122 2.340767 0.002954
 4063.000000 1.470804 2.437858 0.003359
 4064.000000 -0.161326 3.131511 0.002617
 4065.000000 -0.324859 2.690637 0.003220
 4066.000000 -0.425690 2.862178 0.003320
 4067.000000 0.983862 2.453701 0.003053
 4068.000000 -0.284654 2.750336 0.003458
 4069.000000 0.981777 2.834450 0.002628
 4070.000000 1.420450 -2.896612 0.002347
 4071.000000 -0.342664 2.650145 0.002820
 4072.000000 -0.455908 3.130572 0.003089
 4073.000000 -0.163457 2.594948 0.003152
 4074.000000 -0.248861 3.017185 0.002872
 4075.000000 1.340629 2.938251 0.004162
 4076.000000 1.691841 2.966912 0.003497
 4077.000000 -0.458250 2.757073 0.003450
 4078.000000 -0.417878 2.951976 0.003333
 4079.000000 -0.431636 3.141261 0.003653
 4080.000000 -0.251904 2.611508 0.003411
 4081.000000 -0.287276 2.928595 0.003219
 4082.000000 1.237321 2.708759 0.002895
 4083.000000 -0.425639 2.850573 0.003420
 4084.000000 0.965088 2.664445 0.003295
 4085.000000 -0.024053 2.581823 0.003328
 4086.000000 -0.376283 2.663330 0.003623
 4087.000000 -0.343397 2.284989 0.003278
 4088.000000 -0.273893 2.792152 0.003416
 4089.000000 1.369626 2.520976 0.002836
 4090.000000 1.283756 -3.113958 0.002418
 4091.000000 -0.340497 2.772321 0.003307
 4092.000000 -0.343273 2.940523 0.004753
 4093.000000 -0.331026 2.615454 0.002898
 4094.000000 -0.383457 2.764925 0.003528
 4095.000000 -0.436191 3.061746 0.002512
 4096.000000 1.322930 3.011026 0.002688
 4097.000000 -0.369112 2.968790 0.003418
 4098.000000 -0.330601 3.017559 0.003284
 4099.000000 1.542523 2.739316 0.002991
 4100.000000 -0.354262 3.047860 0.003216
 4101.000000 1.211524 2.781471 0.002987
 4102.000000 -0.457627 2.864272 0.003871
 4103.000000 1.310298 2.690219 0.002378
 4104.000000 -0.220894 -3.106877 0.003425
 4105.000000 -0.296011 -3.126379 0.003452
 4106.000000 -0.281785 2.648334 0.003122
 4107.000000 -0.442223 2.656598 0.003056
 4108.000000 -0.258192 2.762270 0.002820
 4109.000000 1.434465 2.713736 0.003348
 4110.000000 -0.369444 2.762203 0.004059
 4111.000000 -0.383789 3.070359 0.003072
 4112.000000 -0.364849 3.010638 0.002988
 4113.000000 -0.355710 2.883788 0.003260
 4114.000000 -0.376346 2.224792 0.003350
 4115.000000 1.605871 2.789315 0.003569
 4116.000000 1.169636 2.832370 0.003179
 4117.000000 0.956199 -2.758190 0.002990
 4118.000000 -0.089844 2.840871 0.003411
 4119.000000 1.089644 2.872329 0.003163
 4120.000000 -0.323124 2.953943 0.003336
 4121.000000 -0.255278 2.575602 0.003350
 4122.000000 1.320144 3.020644 0.003431
 4123.000000 0.565226 2.813346 0.002762
 4124.000000 0.734265 2.593109 0.002840
 4125.000000 -0.318553 -3.106462 0.003656
 4126.000000 -0.344668 2.734521 0.003370
 4127.000000 1.179227 -3.079742 0.003347
 4128.000000 -0.423360 2.776386 0.002935
 4129.000000 -0.241630 2.613980 0.003082
 4130.000000 1.215849 2.610537 0.003130
 4131.000000 1.470082 2.196392 0.002968
 4132.000000 -0.265570 -3.073792 0.002339
 4133.000000 -0.402646 2.733832 0.003281
 4134.000000 -0.289463 2.702976 0.003109
 4135.000000 -0.375673 2.605087 0.003643
 4136.000000 1.100307 2.665087 0.002837
 4137.000000 0.912177 2.554939 0.002728
 4138.000000 1.120380 2.965044 0.002985
 4139.000000 1.353435 -3.007068 0.002939
 4140.000000 1.148744 -2.964203 0.002480
 4141.000000 1.082855 -2.970367 0.003595
 4142.000000 1.123152 2.754565 0.002364
 4143.000000 1.009291 -2.857093 0.002921
 4144.000000 -0.635293 2.875538 0.003376
 4145.000000 -0.400008 -2.940485 0.002800
 4146.000000 0.991733 2.420580 0.002596
 4147.000000 1.487050 3.132946 0.002755
 4148.000000 -0.267722 2.856813 0.003214
 4149.000000 1.178145 2.780467 0.003484
 4150.000000 -0.385338 2.616600 0.002611
 4151.000000 -0.247811 3.042620 0.002972
 4152.000000 0.781625 2.732237 0.003537
 4153.000000 1.638315 2.682088 0.003213
 4154.000000 -0.494671 2.828585 0.003027
 4155.000000 -0.415945 2.829682 0.003200
 4156.000000 1.444040 2.634822 0.002897
 4157.000000 1.265502 2.908282 0.002469
 4158.000000 -0.172298 2.698974 0.003431
 4159.000000 -0.410913 2.655103 0.002668
 4160.000000 1.194795 2.491278 0.002648
 4161.000000 -0.263342 -2.996303 0.003991
 4162.000000 -0.360467 3.081621 0.003394
 4163.000000 -0.412676 -3.121339 0.003262
 4164.000000 -0.367457 2.703336 0.003220
 4165.000000 -0.282818 2.983584 0.002809
 4166.000000 -0.378542 2.711250 0.003570
 4167.000000 1.514483 2.680259 0.003247
 4168.000000 -0.327387 2.779868 0.003219
 4169.000000 -0.463167 2.681361 0.003265
 4170.000000 -0.347518 3.001433 0.002973
 4171.000000 -0.317821 2.901614 0.003594
 4172.000000 -0.394362 2.552138 0.002817
 4173.000000 0.996885 2.956855 0.003204
 4174.000000 -0.110714 2.837168 0.003167
 4175.000000 -0.397595 3.015106 0.003062
 4176.000000 1.276646 2.812034 0.002989
 4177.000000 1.349635 2.805620 0.003181
 4178.000000 -0.466385 2.948006 0.003646
 4179.000000 1.028466 2.907395 0.003643
 4180.000000 1.216654 2.862300 0.002780
 4181.000000 0.056632 2.761209 0.003101
 4182.000000 -0.419376 2.812200 0.003064
 4183.000000 -0.235513 2.734738 0.003022
 4184.000000 -0.333879 2.829839 0.003190
 4185.000000 -0.215947 2.851106 0.002882
 4186.000000 -0.316167 2.420175 0.002556
 4187.000000 -0.351142 2.637511 0.003132
 4188.000000 -0.368375 -3.123230 0.003975
 4189.000000 1.326661 2.776816 0.002806
 4190.000000 1.463316 2.440527 0.002522
 4191.000000 2.206856 2.307751 0.002188
 4192.000000 0.870404 2.446470 0.003210
 4193.000000 -0.566279 -3.093550 0.003145
 4194.000000 -0.365574 3.058009 0.006951
 4195.000000 -0.305267 3.127707 0.005858
 4196.000000 -0.266923 2.976632 0.005824
 4197.000000 -0.150496 2.938822 0.002744
 4198.000000 -0.396588 2.491172 0.003176
 4199.000000 -0.407630 3.128031 0.002663
 4200.000000 -0.291356 2.828601 0.003129
 4201.000000 -0.386174 2.426626 0.002826
 4202.000000 -0.124175 2.802396 0.002419
 4203.000000 -0.311779 2.822685 0.003139
 4204.000000 -0.317360 -2.869211 0.002600
 4205.000000 -0.386809 -2.899092 0.003389
 4206.000000 -0.347972 2.961667 0.003591
 4207.000000 1.342132 2.573686 0.003105
 4208.000000 0.893171 2.638056 0.003174
 4209.000000 -0.367666 2.816502 0.004384
 4210.000000 1.233463 2.716806 0.002727
 4211.000000 1.282716 2.605509 0.003582
 4212.000000 -0.326815 2.845169 0.003205
 4213.000000 -0.262975 2.805828 0.003316
 4214.000000 1.539341 2.811774 0.002611
 4215.000000 -0.433315 2.772422 0.002590
 4216.000000 1.088587 2.760978 0.002714
 4217.000000 -0.417526 3.109408 0.003453
 4218.000000 -0.467828 2.697445 0.003561
 4219.000000 1.297035 -3.047753 0.003415
 4220.000000 -0.404218 2.762981 0.003150
 4221.000000 -0.580956 3.117788 0.002851
 4222.000000 1.549348 2.912546 0.002923
 4223.000000 -0.276791 -3.127802 0.004377
 4224.000000 -0.411237 -2.937862 0.002737
 4225.000000 -0.131156 -2.996368 0.003542
 4226.000000 1.312679 2.572152 0.002996
 4227.000000 1.594632 2.840095 0.001366
 4228.000000 -1.214357 -2.295542 0.000719
 4229.000000 0.836024 -2.588230 0.000857
 4230.000000 0.362367 2.796049 0.000891
 4231.000000 -0.257382 -2.776428 0.001207
 4232.000000 0.416300 3.012519 0.001571
 4233.000000 1.237401 3.098839 0.000583
 4234.000000 -0.346122 2.809410 0.000939
 4235.000000 1.847207 2.317233 0.001436
 4236.000000 1.246663 2.762663 0.001324
 4237.000000 1.338131 2.386227 0.001322
 4238.000000 -1.013274 -3.017799 0.001054
 4239.000000 -0.109609 2.940562 0.000541
 4240.000000 -0.166587 2.531241 0.000217
 4241.000000 0.336602 -2.990211 0.000530
 4242.000000 -0.407768 -2.652737 0.000912
 4243.000000 -0.838358 -2.575739 0.000294
 4244.000000 0.313679 -2.455866 0.000202
 4245.000000 -2.142766 -2.179603 0.000308
 4246.000000 -1.406936 3.030701 0.001411
 4247.000000 0.425103 -3.093600 0.001481
 4248.000000 -1.361793 -2.799611 0.001226
 4249.000000 0.184507 -2.796159 0.001543
 4250.000000 -0.117588 -2.875131 0.001305
 4251.000000 1.393626 -2.689027 0.001233
 4252.000000 -0.327574 -2.648128 0.000863
 4253.000000 1.149114 -2.701987 0.000505
 4254.000000 1.145517 -2.689230 0.000470
 4255.000000 0.168542 -2.527323 0.001668
 4256.000000 1.186969 -2.784643 0.001698
 4257.000000 1.392316 -2.689134 0.001621
 4258.000000 1.186778 -2.863928 0.000958
 4259.000000 1.337202 -2.611028 0.001188
 4260.000000 0.334774 2.438690 0.000591
 4261.000000 0.162426 -2.850550 0.000593
 4262.000000 -0.315444 -2.914865 0.000481
 4263.000000 -1.744992 -2.773654 0.000091
 4264.000000 -0.410570 2.890268 0.000681
 4265.000000 1.100305 -2.827372 0.000301
 4266.000000 0.620800 -2.507477 0.002058
 4267.000000 -0.375951 -2.635538 0.001630
 4268.000000 0.429805 -2.838186 0.002370
 4269.000000 0.110507 -2.647834 0.002530
 4270.000000 1.314131 -2.215128 0.000617
 4271.000000 -0.559995 2.948100 0.001318
 4272.000000 -0.244576 -2.720818 0.001255
 4273.000000 0.370392 -3.081672 0.000931
 4274.000000 0.389114 -2.999906 0.000322
 4275.000000 0.425606 2.422145 0.000305
 4276.000000 -1.352617 -2.538611 0.000311
 4277.000000 0.139743 -2.716722 0.000454
 4278.000000 1.319032 -2.618748 0.000690
 4279.000000 0.169889 -2.784002 0.001002
 4280.000000 0.340813 -2.835415 0.001261
 4281.000000 0.381370 -2.777591 0.000740
 4282.000000 0.381019 -2.719739 0.000606
 4283.000000 0.205589 -2.936256 0.000547
 4284.000000 -1.374405 -2.737941 0.000379
 4285.000000 0.152514 -2.776099 0.000423
 4286.000000 0.402173 -2.537040 0.000439
 4287.000000 0.236138 2.844901 0.000337
 4288.000000 0.198078 -2.174593 0.000400
 4289.000000 0.427174 2.754197 0.000465
 4290.000000 0.305485 -2.866407 0.000473
 4291.000000 -1.218670 2.763724 0.001367
 4292.000000 -0.801748 2.992102 0.001018
 4293.000000 0.475822 -2.894220 0.001608
 4294.000000 0.325099 -3.051008 0.001586
 4295.000000 0.163466 2.809650 0.000812
 4296.000000 0.360469 2.954085 0.003000
 4297.000000 0.431563 2.933445 0.001836
 4298.000000 0.408358 -2.888436 0.002020
 4299.000000 0.489091 3.024610 0.001870
 4300.000000 0.446280 -2.528624 0.001446
 4301.000000 0.228890 -2.890306 0.001694
 4302.000000 0.257449 2.542734 0.000759
 4303.000000 0.526807 -2.808364 0.000296
 4304.000000 -0.400347 -2.688759 0.000210
 4305.000000 -0.150937 -2.836833 0.000153
 4306.000000 1.664784 -2.688261 0.000931
 4307.000000 0.094069 -1.850856 0.000574
 4308.000000 0.403241 -3.133685 0.000771
 4309.000000 0.408534 -3.068558 0.000780
 4310.000000 0.292736 -2.893600 0.000724
 4311.000000 0.427642 -2.878211 0.000791
 4312.000000 -0.480243 2.803543 0.000548
 4313.000000 0.273723 2.927794 0.001022
 4314.000000 0.383912 2.686772 0.001875
 4315.000000 0.481388 2.868259 0.001248
 4316.000000 0.233101 -2.597217 0.002919
 4317.000000 0.117306 -3.085345 0.001799
 4318.000000 0.339994 3.036901 0.001299
 4319.000000 0.233583 2.825820 0.001027
 4320.000000 0.167174 -2.766239 0.002684
 4321.000000 0.376852 2.399338 0.001908
 4322.000000 1.575741 -2.718089 0.000225
 4323.000000 -0.121304 -2.885247 0.002196
 4324.000000 0.464541 -2.751587 0.000155
 4325.000000 0.449770 -2.672096 0.000678
 4326.000000 -1.018618 -2.845290 0.000620
 4327.000000 -1.633780 -2.886770 0.000974
 4328.000000 0.774892 -2.585689 0.000511
 4329.000000 -1.231531 -2.647762 0.000335
 4330.000000 -0.213136 -2.631491 0.000251
 4331.000000 -0.378422 -2.649091 0.000325
 4332.000000 0.182875 2.546592 0.000176
 4333.000000 0.627432 -2.096242 0.000872
 4334.000000 0.459063 2.809629 0.000476
 4335.000000 0.427224 -2.838673 0.001089
 4336.000000 0.434081 -2.960380 0.001022
 4337.000000 0.176285 -2.636796 0.001094
 4338.000000 0.108478 -2.736377 0.000342
 4339.000000 -0.008113 -2.603970 0.000138
 4340.000000 0.144660 3.124229 0.000281
 4341.000000 -1.476176 -2.406988 0.002317
 4342.000000 1.433107 -2.731353 0.000345
 4343.000000 1.291478 -2.672071 0.000255
 4344.000000 0.188823 -2.378274 0.000313
 4345.000000 0.091893 -2.581165 0.000629
 4346.000000 0.598930 -2.894027 0.000613
 4347.000000 0.353101 -2.254505 0.002444
 4348.000000 0.254625 -2.430171 0.001926
 4349.000000 1.775530 3.055485 0.000934
 4350.000000 -0.404703 1.880864 0.000816
 4351.000000 -0.241729 2.771533 0.000253
 4352.000000 -0.291250 2.697751 0.000754
 4353.000000 -0.391708 2.531086 0.001214
 4354.000000 -0.301093 2.680844 0.000687
 4355.000000 0.331532 2.995297 0.000109
 4356.000000 0.339356 3.037216 0.000981
 4357.000000 0.421966 2.594679 0.000885
 4358.000000 -1.548015 2.808224 0.000785
 4359.000000 1.185037 -2.699059 0.000494
 4360.000000 0.076344 2.889325 0.000225
 4361.000000 -0.549850 -2.862572 0.000391
 4362.000000 0.264081 2.981644 0.000454
 4363.000000 0.544474 2.828987 0.000318
 4364.000000 0.260682 -2.505814 0.000810
 4365.000000 0.278634 -2.698392 0.000982
 4366.000000 0.207879 -2.201325 0.000659
 4367.000000 0.165897 -2.393892 0.000529
 4368.000000 1.837382 -2.794263 0.000211
 4369.000000 0.232098 2.891109 0.000314
 4370.000000 -1.038199 2.533756 0.000255
 4371.000000 0.173676 2.637202 0.000253
 4372.000000 0.149543 -1.903126 0.000509
 4373.000000 1.508310 -2.741793 0.000268
 4374.000000 -0.398843 -2.729275 0.000405
 4375.000000 1.237532 -2.336517 0.000676
 4376.000000 -0.342284 -2.730673 0.001009
 4377.000000 -1.119530 -1.879002 0.000322
 4378.000000 0.351831 2.979753 0.000522
 4379.000000 0.397626 -3.113941 0.000314
 4380.000000 1.436551 -2.758894 0.000191
 4381.000000 0.341507 -2.320979 0.000246
 4382.000000 -0.323126 2.837719 0.000463
 4383.000000 0.284347 2.532920 0.000317
 4384.000000 -0.006526 2.663139 0.000178
 4385.000000 0.399320 -2.781977 0.000299
 4386.000000 0.387117 -2.831870 0.000425
 4387.000000 -1.291219 -2.404462 0.000691
 4388.000000 -0.217392 -2.604791 0.000250
 4389.000000 0.467443 -2.855309 0.001319
 4390.000000 -0.007053 -2.667463 0.000258
 4391.000000 -1.818505 -2.680765 0.000156
 4392.000000 -1.650727 -2.838176 0.000237
 4393.000000 -0.387231 -2.832770 0.000263
 4394.000000 0.278516 -2.767447 0.001264
 4395.000000 0.323712 3.085856 0.000328
 4396.000000 0.358823 -2.659487 0.000165
 4397.000000 0.692125 3.039608 0.000307
 4398.000000 0.141324 -2.596323 0.000480
 4399.000000 0.387498 -2.377097 0.000517
 4400.000000 0.173739 2.886073 0.000572
 4401.000000 0.010856 3.093382 0.000188
 4402.000000 -1.173494 -3.078206 0.000173
 4403.000000 1.429233 -2.802331 0.000559
 4404.000000 1.474428 -2.408000 0.001076
 4405.000000 -0.369151 2.312366 0.001846
 4406.000000 -0.376907 2.702995 0.000991
 4407.000000 -0.544704 -2.412614 0.000794
 4408.000000 -0.539048 2.761657 0.000760
 4409.000000 1.103109 -2.983145 0.001021
 4410.000000 0.409732 2.912010 0.001000
 4411.000000 0.168284 -2.883472 0.000775
 4412.000000 0.172241 -2.862533 0.000831
 4413.000000 1.357472 -2.647744 0.000930
 4414.000000 0.840565 -2.730336 0.000569
 4415.000000 0.278885 3.051603 0.002434
 4416.000000 -0.421350 -2.604998 0.001044
 4417.000000 0.201342 -1.791975 0.001150
 4418.000000 -1.546998 -1.959822 0.000277
 4419.000000 0.286956 -2.147984 0.000801
 4420.000000 -1.116639 -2.314620 0.000347
 4421.000000 1.092362 2.748568 0.000982
 4422.000000 -1.222045 -2.398756 0.000184
 4423.000000 0.301047 -2.525868 0.000186
 4424.000000 0.205086 2.728374 0.000511
 4425.000000 0.456509 3.002992 0.000213
 4426.000000 0.557550 -2.876262 0.000205
 4427.000000 -0.326397 -2.634596 0.000755
 4428.000000 -0.341699 -2.429551 0.000160
 4429.000000 0.462066 -2.176105 0.000188
 4430.000000 0.348709 2.539927 0.000331
 4431.000000 -1.340549 -2.851988 0.000357
 4432.000000 -0.325754 -2.678053 0.000546
 4433.000000 -0.313190 -2.750746 0.000291
 4434.000000 -1.078613 -2.388235 0.000273
 4435.000000 -0.373374 -2.371801 0.000499
 4436.000000 -1.461311 2.320918 0.000188
 4437.000000 0.375432 -2.633531 0.000754
 4438.000000 1.692285 -2.733055 0.001943
 4439.000000 0.293390 -2.151941 0.000117
 4440.000000 0.446414 -2.912611 0.000789
 4441.000000 1.492394 2.581840 0.000506
 4442.000000 -0.407265 2.629981 0.001290
 4443.000000 -0.060345 2.490039 0.001085
 4444.000000 -0.335215 2.686404 0.000970
 4445.000000 -1.459025 -2.844419 0.000812
 4446.000000 -1.433885 -2.566261 0.000231
 4447.000000 0.513355 2.921559 0.000109
 4448.000000 -0.303766 -2.356435 0.001577
 4449.000000 -0.055898 -3.072032 0.001175
 4450.000000 -1.164418 3.084193 0.001347
 4451.000000 0.152295 -2.660677 0.001278
 4452.000000 -0.485567 -2.904848 0.001084
 4453.000000 1.769643 -2.385784 0.000882
 4454.000000 0.464960 -2.511810 0.000759
 4455.000000 0.458431 -2.616528 0.001209
 4456.000000 -1.435039 2.855084 0.000577
 4457.000000 0.432932 -2.685582 0.000343
 4458.000000 0.375308 -1.881565 0.000198
 4459.000000 -1.186102 -3.049534 0.000545
 4460.000000 0.286214 -2.602677 0.000909
 4461.000000 1.208544 -2.827650 0.000690
 4462.000000 1.528496 -2.721439 0.001014
 4463.000000 -1.595858 -2.965437 0.000407
 4464.000000 -0.122734 2.756965 0.000285
 4465.000000 0.399215 2.877365 0.000206
 4466.000000 0.402434 -2.192141 0.000894
 4467.000000 -1.193087 -3.045185 0.001155
 4468.000000 0.467184 -2.809248 0.000336
 4469.000000 0.338451 -2.993360 0.000892
 4470.000000 -1.508582 -2.718238 0.001186
 4471.000000 0.403397 3.131953 0.000509
 4472.000000 -0.530682 2.594247 0.000108
 4473.000000 -1.149932 3.000095 0.000422
 4474.000000 0.354368 3.010193 0.000081
 4475.000000 1.536652 -2.751778 0.000469
 4476.000000 1.121161 -2.878517 0.001042
 4477.000000 -1.715709 -2.498148 0.000239
 4478.000000 0.302291 -2.727863 0.000172
 4479.000000 -0.049019 -2.988888 0.000388
 4480.000000 -0.270081 -3.052460 0.000284
 4481.000000 -1.361938 3.046815 0.000259
 4482.000000 0.411667 -2.880118 0.001333
 4483.000000 0.949309 2.812576 0.000734
 4484.000000 -0.525032 -3.111339 0.000732
 4485.000000 0.249784 2.784910 0.000905
 4486.000000 -0.324899 -3.081498 0.001690
 4487.000000 0.497389 -2.950243 0.000925
 4488.000000 0.356086 3.119153 0.000957
 4489.000000 -0.426967 3.107225 0.000911
 4490.000000 0.298544 2.636459 0.001303
 4491.000000 -0.463133 -2.690555 0.000937
 4492.000000 -0.255005 -2.941736 0.000944
 4493.000000 -0.483377 2.982968 0.000851
 4494.000000 -1.587547 2.496109 0.001057
 4495.000000 -0.458085 -2.647544 0.000874
 4496.000000 0.983003 2.792301 0.001089
 4497.000000 -1.501306 -3.019483 0.001150
 4498.000000 0.512505 -3.014640 0.001280
 4499.000000 0.200930 -2.111262 0.001291
 4500.000000 0.327250 -2.833719 0.001231
 4501.000000 0.363334 -2.860504 0.000941
 4502.000000 1.155542 2.798956 0.000833
 4503.000000 1.443973 -2.787250 0.000292
 4504.000000 0.406123 -3.022368 0.000243
 4505.000000 -0.233218 -2.364716 0.000852
 4506.000000 -0.492858 2.824893 0.000465
 4507.000000 -0.540885 -2.065451 0.000322
 4508.000000 1.189917 -2.361622 0.001451
 4509.000000 0.382096 -2.527472 0.000667
 4510.000000 0.262153 -2.043152 0.000953
 4511.000000 0.323416 -2.331313 0.001653
 4512.000000 0.032354 -2.417705 0.001662
 4513.000000 0.932111 -1.968841 0.000626
 4514.000000 0.422099 -2.036355 0.000285
 4515.000000 0.287079 -2.888032 0.000448
 4516.000000 0.165481 -2.086427 0.000498
 4517.000000 -0.269904 -2.612854 0.000443
 4518.000000 0.467374 2.631684 0.001849
 4519.000000 0.214876 3.055915 0.000865
 4520.000000 -0.700349 -2.836855 0.000355
 4521.000000 -0.574044 -2.632399 0.000161
 4522.000000 -0.700933 -2.785009 0.000603
 4523.000000 0.613661 -2.528596 0.000355
 4524.000000 1.452749 -2.331980 0.000751
 4525.000000 0.836443 -2.215062 0.000935
 4526.000000 0.836429 -1.905197 0.002640
 4527.000000 1.187471 -1.678406 0.000759
 4528.000000 1.282855 -2.577312 0.000481
 4529.000000 0.805548 -2.206787 0.001463
 4530.000000 0.864356 -1.895290 0.001761
 4531.000000 -0.479332 -2.424803 0.000648
 4532.000000 0.626912 -1.905143 0.001836
 4533.000000 1.011810 -2.227397 0.001068
 4534.000000 -0.819046 -2.027240 0.001380
 4535.000000 -0.058291 -2.146494 0.000602
 4536.000000 -1.865314 2.228370 0.000580
 4537.000000 -0.289794 -2.336705 0.000211
 4538.000000 1.133330 -2.611641 0.000173
 4539.000000 0.342196 -3.016051 0.000430
 4540.000000 -1.170315 2.823127 0.000226
 4541.000000 0.056045 -2.721821 0.000335
 4542.000000 -1.240795 -3.073756 0.000932
 4543.000000 0.160982 -2.899175 0.000597
 4544.000000 0.351934 -2.755331 0.001966
 4545.000000 0.350346 -3.037535 0.000982
 4546.000000 0.308434 -2.790277 0.002064
 4547.000000 -0.005912 2.800271 0.002717
 4548.000000 0.195348 -2.797943 0.002336
 4549.000000 0.364719 -2.983457 0.002682
 4550.000000 0.206683 3.030532 0.002530
 4551.000000 0.316106 -2.773976 0.002138
 4552.000000 0.276963 3.007451 0.002109
 4553.000000 0.361277 -3.072700 0.002049
 4554.000000 0.278438 2.871878 0.002281
 4555.000000 0.220101 2.965905 0.000513
 4556.000000 0.385384 -2.797587 0.000228
 4557.000000 0.236962 2.873828 0.001727
 4558.000000 1.495773 2.767924 0.001900
 4559.000000 -1.022802 -2.717488 0.000619
 4560.000000 -1.019245 2.945290 0.000622
 4561.000000 -0.344447 -3.102649 0.000400
 4562.000000 0.913135 -2.956551 0.000481
 4563.000000 0.320526 2.785531 0.001629
 4564.000000 0.370147 2.821892 0.000420
 4565.000000 1.068092 3.079320 0.000489
 4566.000000 -0.369908 -1.854385 0.000815
 4567.000000 1.290373 2.499286 0.000967
 4568.000000 -0.392133 -3.088062 0.001321
 4569.000000 -1.299260 2.748431 0.000767
 4570.000000 0.236023 -2.844098 0.000888
 4571.000000 0.083978 3.089595 0.001265
 4572.000000 -1.004994 -2.826519 0.000938
 4573.000000 0.061714 2.969768 0.000714
 4574.000000 0.440957 -2.643530 0.001023
 4575.000000 0.365323 2.849410 0.001061
 4576.000000 -0.058335 -2.998757 0.001626
 4577.000000 1.084842 -3.090483 0.000861
 4578.000000 1.403085 2.828818 0.000861
 4579.000000 -0.296564 3.109034 0.000800
 4580.000000 0.329506 -3.139108 0.000999
 4581.000000 0.249071 -3.069112 0.001375
 4582.000000 0.285030 -2.459709 0.001150
 4583.000000 0.359147 -2.657905 0.000974
 4584.000000 0.355074 3.077549 0.000700
 4585.000000 0.225054 2.734215 0.000334
 4586.000000 0.340719 -3.108259 0.000841
 4587.000000 0.088512 -2.754201 0.000263
 4588.000000 -0.128464 -2.531126 0.000992
 4589.000000 -1.493631 -2.832610 0.000728
 4590.000000 -1.296506 -2.748550 0.000602
 4591.000000 0.030156 -2.770628 0.000463
 4592.000000 0.380456 -1.686814 0.001237
 4593.000000 1.244928 -1.845481 0.000468
 4594.000000 1.344025 -1.914760 0.001381
 4595.000000 1.105627 -1.952534 0.001144
 4596.000000 0.841180 -2.007915 0.001263
 4597.000000 1.321456 -2.276098 0.001365
 4598.000000 -0.022214 -1.554813 0.000976
 4599.000000 -1.420677 3.105928 0.000191
 4600.000000 -0.100435 -2.931896 0.000583
 4601.000000 0.356746 -2.617099 0.001385
 4602.000000 -1.263109 -2.453279 0.001942
 4603.000000 0.176991 -1.984673 0.001093
 4604.000000 -1.447184 -2.389395 0.001491
 4605.000000 0.073053 -2.090970 0.000418
 4606.000000 0.440360 -2.812541 0.000437
 4607.000000 0.291439 2.859362 0.000523
 4608.000000 0.503698 -2.669650 0.000555
 4609.000000 0.281551 2.841981 0.000580
 4610.000000 -1.487606 2.876570 0.000909
 4611.000000 -0.257263 -2.463987 0.000234
 4612.000000 0.461533 -2.719312 0.000602
 4613.000000 1.365398 -2.787475 0.001356
 4614.000000 -1.273260 2.548480 0.001093
 4615.000000 1.047151 -2.808404 0.000873
 4616.000000 0.278496 -2.715569 0.000140
 4617.000000 1.330707 -3.099998 0.000238
 4618.000000 -1.064029 -2.975805 0.000304
 4619.000000 0.946985 2.705712 0.000850
 4620.000000 -0.935820 -3.060361 0.000513
 4621.000000 0.437230 -2.978341 0.000416
 4622.000000 0.013047 -3.127548 0.000207
 4623.000000 0.263195 2.991466 0.000270
 4624.000000 1.296919 -2.806784 0.000802
 4625.000000 -0.351017 -2.658130 0.000529
 4626.000000 0.537893 -2.787313 0.000485
 4627.000000 -0.310044 3.092009 0.000482
 4628.000000 -0.068457 2.666904 0.000649
 4629.000000 -0.176654 -2.376726 0.000409
 4630.000000 0.367174 2.453839 0.000478
 4631.000000 -0.255012 -2.915664 0.000169
 4632.000000 -1.363885 -2.879704 0.000851
 4633.000000 0.398721 -3.127316 0.000102
 4634.000000 -1.566584 2.990638 0.000401
 4635.000000 0.268809 -2.462697 0.002481
 4636.000000 0.621688 3.067920 0.000921
 4637.000000 0.298021 2.911010 0.001449
 4638.000000 1.087740 3.043258 0.000950
 4639.000000 0.463286 -2.333683 0.000996
 4640.000000 0.426158 3.030196 0.000523
 4641.000000 0.134382 -2.799336 0.000454
 4642.000000 0.234193 -2.629990 0.000507
 4643.000000 -0.357539 -2.711837 0.001180
 4644.000000 -0.463641 2.637073 0.000566
 4645.000000 0.104439 2.937772 0.000220
 4646.000000 0.366551 2.865707 0.000577
 4647.000000 -1.372164 -2.659761 0.000253
 4648.000000 0.321583 -3.025171 0.001594
 4649.000000 0.176956 -2.806184 0.000126
 4650.000000 0.654321 -2.760458 0.000173
 4651.000000 0.286698 -2.950349 0.002256
 4652.000000 0.358583 -3.014535 0.004038
 4653.000000 0.078557 2.808161 0.001885
 4654.000000 0.263040 -2.605808 0.001570
 4655.000000 0.230964 -1.578921 0.001263
 4656.000000 0.204224 -2.827735 0.001658
 4657.000000 0.273973 3.115015 0.001088
 4658.000000 0.364533 -2.566858 0.001175
 4659.000000 0.233181 -1.918630 0.001006
 4660.000000 0.266311 -2.981809 0.000250
 4661.000000 0.249416 -2.770718 0.000390
 4662.000000 0.304312 -3.044298 0.001094
 4663.000000 0.420657 -2.992858 0.000632
 4664.000000 1.227364 -2.688914 0.000780
 4665.000000 -0.244375 -2.532768 0.000384
 4666.000000 -1.174132 -2.581830 0.000328
 4667.000000 0.128617 -2.986403 0.000895
 4668.000000 1.845981 2.798763 0.000177
 4669.000000 1.083813 2.663990 0.000867
 4670.000000 -1.661743 -1.985144 0.000800
 4671.000000 0.508087 -2.725271 0.000648
 4672.000000 1.406563 -2.569237 0.001462
 4673.000000 0.355249 -2.956392 0.000692
 4674.000000 -0.152189 -2.975038 0.000156
 4675.000000 0.161431 -2.640950 0.000528
 4676.000000 0.454939 -2.071432 0.001376
 4677.000000 -0.445120 -2.474429 0.000510
 4678.000000 0.434297 -3.073671 0.000277
 4679.000000 0.247419 -2.158707 0.000626
 4680.000000 0.999266 -2.700134 0.000375
 4681.000000 0.331842 3.034180 0.000305
 4682.000000 1.124784 -2.597994 0.001500
 4683.000000 0.017929 -2.748949 0.000614
 4684.000000 -0.543691 -2.569329 0.000197
 4685.000000 0.762416 -1.981157 0.000874
 4686.000000 -1.326058 -2.839608 0.000130
 4687.000000 0.367553 2.851269 0.000652
 4688.000000 0.184189 -2.823828 0.000758
 4689.000000 0.329241 -2.254668 0.000174
 4690.000000 0.140789 -2.037860 0.001769
 4691.000000 0.051978 -2.649194 0.000243
 4692.000000 -1.552242 -2.273465 0.000610
 4693.000000 0.222312 -2.185956 0.000593
 4694.000000 0.375812 -2.690688 0.000804
 4695.000000 0.578061 -2.920668 0.001146
 4696.000000 -1.368282 -2.679834 0.001064
 4697.000000 -0.262926 -2.619068 0.001248
 4698.000000 -0.549690 3.066285 0.001002
 4699.000000 0.063698 -2.880320 0.001230
 4700.000000 -0.023360 2.531831 0.001574
 4701.000000 0.424201 -3.116493 0.000322
 4702.000000 0.413835 2.763613 0.000347
 4703.000000 -0.389072 -2.675050 0.000528
 4704.000000 -0.360598 -2.543579 0.000307
 4705.000000 0.418495 -3.085511 0.000384
 4706.000000 0.194799 -2.954685 0.000325
 4707.000000 0.674378 -2.178019 0.001432
 4708.000000 2.042304 -2.938270 0.001377
 4709.000000 0.129050 -2.854877 0.001171
 4710.000000 -0.397524 -2.770365 0.002085
 4711.000000 -0.291341 -2.701385 0.001413
 4712.000000 -0.281236 2.631022 0.000107
 4713.000000 0.075051 -3.123159 0.000156
 4714.000000 0.437300 3.125876 0.000605
 4715.000000 0.264438 -2.306117 0.000254
 4716.000000 -0.295488 -2.763875 0.000159
 4717.000000 0.509811 -1.882971 0.000637
 4718.000000 0.223695 -2.183817 0.002811
 4719.000000 0.358671 -2.533840 0.001811
 4720.000000 0.251115 -2.285650 0.001931
 4721.000000 0.132048 -1.977933 0.001032
 4722.000000 0.323215 -2.914744 0.001073
 4723.000000 0.023318 -2.649652 0.000818
 4724.000000 0.147749 -2.181248 0.000917
 4725.000000 -0.032329 -2.275652 0.001063
 4726.000000 0.292379 -2.815364 0.002580
 4727.000000 0.451756 -2.599541 0.002600
 4728.000000 0.209850 -2.528369 0.002719
 4729.000000 -0.962948 -2.357388 0.000897
 4730.000000 0.176200 -2.424565 0.000830
 4731.000000 0.335314 2.491020 0.000502
 4732.000000 -0.300526 2.703001 0.000170
 4733.000000 -0.976410 2.713999 0.000450
 4734.000000 0.405563 -1.784499 0.000807
 4735.000000 0.520103 -2.781008 0.000622
 4736.000000 0.307497 -2.218647 0.001924
 4737.000000 -1.732772 -2.441484 0.001167
 4738.000000 -1.066503 -2.679945 0.001225
 4739.000000 0.498005 -1.653665 0.000876
 4740.000000 -0.087291 -3.055250 0.000840
 4741.000000 -0.603071 -1.758477 0.001359
 4742.000000 1.041944 -2.725611 0.001453
 4743.000000 1.411446 -3.029596 0.001819
 4744.000000 -0.600860 -2.744485 0.002039
 4745.000000 1.082033 -2.949356 0.002709
 4746.000000 -0.529417 -2.254940 0.001806
 4747.000000 1.104991 -2.723848 0.002204
 4748.000000 0.512557 -2.674789 0.001300
 4749.000000 0.495918 -2.850231 0.001293
 4750.000000 -0.575809 -2.913006 0.000862
 4751.000000 -0.301848 -3.088318 0.000715
 4752.000000 1.044227 -2.107990 0.000873
 4753.000000 0.936001 -2.643089 0.000737
 4754.000000 0.867210 -2.821935 0.000830
 4755.000000 0.408521 -2.915453 0.000666
 4756.000000 -0.456102 -3.063190 0.000859
 4757.000000 0.167226 -2.748516 0.001143
 4758.000000 -0.391741 -2.925672 0.001040
 4759.000000 -1.585763 2.634856 0.001229
 4760.000000 1.745378 -2.455940 0.000540
 4761.000000 -0.435881 -2.848222 0.001331
 4762.000000 0.263933 -2.402808 0.001519
 4763.000000 0.333315 -2.390609 0.001533
 4764.000000 1.027456 -2.849341 0.000499
 4765.000000 1.186574 -2.731112 0.002870
 4766.000000 -0.319597 3.029610 0.000920
 4767.000000 -0.973928 -2.627473 0.000655
 4768.000000 1.329313 -2.741417 0.000364
 4769.000000 -0.404832 2.176985 0.001019
 4770.000000 -1.214445 2.997149 0.000390
 4771.000000 -2.362647 2.688907 0.000374
 4772.000000 0.280423 -3.025442 0.000206
 4773.000000 1.573995 -2.448030 0.000384
 4774.000000 -0.210642 -2.380842 0.000680
 4775.000000 -0.393455 -2.586578 0.000590
 4776.000000 -0.311176 -2.968292 0.000681
 4777.000000 -0.270647 -2.913798 0.000403
 4778.000000 -0.446887 -2.927044 0.000576
 4779.000000 -0.617234 -2.846527 0.001637
 4780.000000 -0.438814 -2.667149 0.002354
 4781.000000 0.520542 -1.596442 0.001188
 4782.000000 0.443406 -2.425195 0.001334
 4783.000000 0.384907 2.788198 0.000243
 4784.000000 -1.383012 -2.373509 0.000566
 4785.000000 0.285056 -2.934883 0.000236
 4786.000000 0.242786 -3.043360 0.000117
 4787.000000 0.428558 -3.097266 0.000270
 4788.000000 0.259909 -2.807178 0.000171
 4789.000000 1.344185 -2.689167 0.000394
 4790.000000 0.510401 -2.536212 0.000375
 4791.000000 -0.133872 2.852010 0.000669
 4792.000000 -0.337210 2.998447 0.000886
 4793.000000 -1.489617 -3.134765 0.000457
 4794.000000 0.431906 -3.130403 0.000398
 4795.000000 0.204457 -2.754704 0.000547
 4796.000000 0.249519 -3.119277 0.001204
 4797.000000 0.321933 -2.643737 0.000556
 4798.000000 0.511592 -2.869161 0.000199
 4799.000000 -0.437809 -2.915212 0.000946
 4800.000000 0.665817 -2.893666 0.000467
 4801.000000 0.110657 -2.268447 0.000704
 4802.000000 1.089007 -2.144035 0.001149
 4803.000000 1.449524 -1.940540 0.001418
 4804.000000 1.068826 -2.069305 0.000236
 4805.000000 -0.350832 -2.796744 0.000391
 4806.000000 1.237509 -2.651842 0.000225
 4807.000000 1.133808 -2.755278 0.000685
 4808.000000 1.299829 -2.264024 0.000955
 4809.000000 -0.347408 -2.892284 0.000626
 4810.000000 0.499084 -2.765703 0.000251
 4811.000000 -1.555403 2.555630 0.000713
 4812.000000 -0.525531 -2.764605 0.000351
 4813.000000 -1.554743 2.699387 0.000838
 4814.000000 0.363103 -2.746846 0.000258
 4815.000000 0.389238 -2.708046 0.001013
 4816.000000 0.310402 -2.511960 0.000359
 4817.000000 0.172878 -2.990669 0.000162
 4818.000000 -0.363439 -2.471688 0.000409
 4819.000000 -0.417698 -2.748408 0.000542
 4820.000000 -0.450413 2.734197 0.000228
 4821.000000 -0.092769 3.062237 0.000460
 4822.000000 0.678811 -2.735218 0.001287
 4823.000000 -0.378251 -2.743771 0.000209
 4824.000000 -0.500371 -2.892962 0.000828
 4825.000000 -0.208165 2.582573 0.000472
 4826.000000 0.655934 -2.399442 0.000481
 4827.000000 -0.471781 -2.482346 0.000537
 4828.000000 0.407401 -2.776891 0.001167
 4829.000000 0.360853 2.675828 0.000918
 4830.000000 0.260177 -0.871719 0.000307
 4831.000000 0.429684 -2.615183 0.000443
 4832.000000 -1.032051 -2.837799 0.000106
 4833.000000 -0.372859 3.061130 0.000329
 4834.000000 -0.642474 2.761071 0.001081
 4835.000000 0.018004 2.899213 0.002531
 4836.000000 -1.559391 2.981964 0.002011
 4837.000000 1.081671 -3.051719 0.000521
 4838.000000 1.085624 -3.109251 0.000817
 4839.000000 -0.206070 -3.099945 0.000990
 4840.000000 0.361012 -2.697107 0.001013
 4841.000000 0.964053 -2.802877 0.000471
 4842.000000 0.485867 -3.097764 0.001057
 4843.000000 -1.041423 3.084930 0.000248
 4844.000000 1.146953 -2.835901 0.001443
 4845.000000 -1.445857 2.942853 0.000978
 4846.000000 -1.321350 -3.024782 0.000822
 4847.000000 0.535080 -2.656753 0.000193
 4848.000000 0.491172 -2.523998 0.000964
 4849.000000 -1.177921 -2.958397 0.000815
 4850.000000 0.455486 -2.983796 0.001052
 4851.000000 0.230002 -3.001004 0.001721
 4852.000000 0.054162 -3.114521 0.000128
 4853.000000 0.113520 -2.515000 0.000482
 4854.000000 0.434471 -2.720524 0.000476
 4855.000000 -0.422863 -2.790801 0.000822
 4856.000000 1.407128 -2.286822 0.000457
 4857.000000 0.227459 -2.578784 0.000336
 4858.000000 0.253587 -2.625328 0.000463
 4859.000000 -0.357078 -2.735501 0.000435
 4860.000000 0.363967 -3.046287 0.000594
 4861.000000 0.523359 -2.549784 0.000197
 4862.000000 -0.335173 -2.623303 0.000416
 4863.000000 -1.286927 2.740985 0.000335
 4864.000000 0.349800 2.448733 0.000531
 4865.000000 0.826323 -2.143849 0.000642
 4866.000000 1.376565 -1.793304 0.001149
 4867.000000 1.019218 -1.568345 0.001079
 4868.000000 0.255312 -1.835029 0.000558
 4869.000000 1.145475 -1.728119 0.001144
 4870.000000 0.962370 -1.943934 0.001017
 4871.000000 0.173040 -2.026264 0.001568
 4872.000000 0.679052 -2.349684 0.001294
 4873.000000 1.303801 -2.788118 0.000204
 4874.000000 0.397086 -2.730971 0.000624
 4875.000000 -0.283274 -2.795785 0.001284
 4876.000000 -0.062326 -2.590513 0.000913
 4877.000000 0.200470 -2.747213 0.001168
 4878.000000 1.960643 -2.851032 0.001382
 4879.000000 1.099224 -2.793625 0.000787
 4880.000000 0.849789 -2.846661 0.001551
 4881.000000 -1.048613 -2.315138 0.000312
 4882.000000 -0.389041 3.127183 0.001296
 4883.000000 -1.684281 -2.631846 0.000226
 4884.000000 1.466674 2.639113 0.000375
 4885.000000 1.423574 -2.847861 0.001932
 4886.000000 0.165501 -2.982782 0.000572
 4887.000000 1.146339 2.931473 0.000685
 4888.000000 0.291717 -2.449320 0.000155
 4889.000000 1.135236 2.762267 0.000987
 4890.000000 0.356333 -2.788817 0.000192
 4891.000000 0.375823 -2.933363 0.000508
 4892.000000 0.393287 2.462218 0.000328
 4893.000000 0.206354 2.435184 0.000579
 4894.000000 0.350497 -2.990089 0.000412
 4895.000000 0.304296 -2.742753 0.001278
 4896.000000 1.235339 -2.626253 0.000412
 4897.000000 1.176137 2.782863 0.001368
 4898.000000 1.496066 -2.786206 0.000903
 4899.000000 -1.520511 -2.644644 0.000856
 4900.000000 -0.174546 -3.074319 0.001386
 4901.000000 1.433378 2.384503 0.001048
 4902.000000 0.027040 -2.415082 0.000420
 4903.000000 -0.926476 -2.984461 0.000361
 4904.000000 -0.103715 2.751447 0.000358
 4905.000000 -0.395162 -2.367204 0.000354
 4906.000000 0.199394 2.809675 0.001015
 4907.000000 -1.323490 2.661272 0.000941
 4908.000000 0.372516 -3.066726 0.000603
 4909.000000 0.340820 -2.698863 0.000300
 4910.000000 0.527043 -2.690979 0.000225
 4911.000000 0.410075 -3.061791 0.000329
 4912.000000 0.539657 2.807206 0.000455
 4913.000000 -1.368991 2.860232 0.000263
 4914.000000 0.335254 -2.950217 0.000452
 4915.000000 -0.302410 -2.606866 0.000582
 4916.000000 -0.290952 2.780764 0.000656
 4917.000000 0.269252 -2.613106 0.001189
 4918.000000 0.159646 -2.437526 0.000778
 4919.000000 0.304533 2.717496 0.000777
 4920.000000 0.466708 2.708323 0.000720
 4921.000000 -1.249910 2.966070 0.001538
 4922.000000 -1.076596 -3.072105 0.000345
 4923.000000 0.265307 -2.419052 0.000419
 4924.000000 0.223568 -1.924424 0.001744
 4925.000000 0.865628 -2.413942 0.001544
 4926.000000 0.737038 -2.304974 0.002428
 4927.000000 1.642099 -2.107952 0.002041
 4928.000000 -0.339562 -2.116266 0.001657
 4929.000000 -0.414068 -2.586156 0.001500
 4930.000000 -0.909705 -2.755230 0.001509
 4931.000000 1.370427 -2.798581 0.000241
 4932.000000 0.456533 -2.547162 0.000990
 4933.000000 0.260477 -2.816242 0.000484
 4934.000000 0.445611 -1.932193 0.001024
 4935.000000 0.272724 -2.711369 0.001081
 4936.000000 0.011185 -2.752923 0.000908
 4937.000000 0.490163 -2.917498 0.000570
 4938.000000 0.256002 3.042854 0.000382
 4939.000000 -0.049636 -2.798100 0.000126
 4940.000000 1.347194 -2.777716 0.000327
 4941.000000 -0.170440 -3.098469 0.001018
 4942.000000 0.302200 2.937532 0.000646
 4943.000000 0.384686 2.972871 0.000431
 4944.000000 -0.284521 3.087676 0.000282
 4945.000000 -0.099323 2.871698 0.000277
 4946.000000 0.145651 3.012187 0.000854
 4947.000000 0.378061 2.884598 0.000669
 4948.000000 0.338370 3.051066 0.000687
 4949.000000 -1.206584 -2.875522 0.000621
 4950.000000 0.480346 -2.459114 0.001515
 4951.000000 -0.411434 -2.635056 0.001299
 4952.000000 -0.324942 -2.700616 0.001894
 4953.000000 1.316369 -3.131483 0.002292
 4954.000000 -0.650192 2.820399 0.000421
 4955.000000 0.389162 -2.639313 0.000201
 4956.000000 0.301816 -2.560840 0.002195
 4957.000000 0.260992 -2.753056 0.001344
 4958.000000 0.328976 -2.634581 0.002217
 4959.000000 0.400410 -3.138951 0.002384
 4960.000000 0.085896 2.868134 0.002852
 4961.000000 0.299644 2.827262 0.001688
 4962.000000 0.447779 -2.811885 0.001643
 4963.000000 0.381446 3.004251 0.002692
 4964.000000 0.440936 2.452872 0.000485
 4965.000000 0.389670 -2.547361 0.000223
 4966.000000 1.529329 2.926096 0.000772
 4967.000000 0.331253 2.671445 0.000714
 4968.000000 -0.621013 -2.080275 0.000254
 4969.000000 0.031904 -2.801131 0.000448
 4970.000000 0.325091 -3.062640 0.000511
 4971.000000 1.127594 -2.788995 0.000215
 4972.000000 0.507490 2.803438 0.000336
 4973.000000 0.171115 -2.511753 0.000425
 4974.000000 1.216992 -2.702382 0.000226
 4975.000000 0.192644 -2.827310 0.000194
 4976.000000 0.381857 -2.683620 0.000457
 4977.000000 0.201582 -2.272321 0.000405
 4978.000000 0.387686 2.925269 0.000823
 4979.000000 -1.592833 -2.625461 0.000844
 4980.000000 0.499607 -1.656970 0.000410
 4981.000000 -0.465028 2.630406 0.000399
 4982.000000 0.360439 2.717724 0.000408
 4983.000000 0.465937 -2.939041 0.000272
 4984.000000 0.439141 -3.051288 0.000344
 4985.000000 -0.501080 -2.830191 0.001417
 4986.000000 -0.577338 2.862675 0.000682
 4987.000000 -1.556737 -2.856552 0.000773
 4988.000000 0.278384 -2.731192 0.000210
 4989.000000 -1.061591 -2.735448 0.000558
 4990.000000 0.160021 -2.740701 0.000488
 4991.000000 0.244980 -2.670237 0.000498
 4992.000000 -1.407162 -2.477214 0.000335
 4993.000000 0.143826 -2.228612 0.000870
 4994.000000 0.334045 -2.646403 0.000234
 4995.000000 1.169872 -2.568458 0.000478
 4996.000000 0.308010 -2.723872 0.000392
 4997.000000 1.276325 3.081399 0.000124
 4998.000000 -1.162563 -1.792223 0.000517
 4999.000000 0.367828 -3.052545 0.000518
 5000.000000 0.114154 -2.485269 0.000881
 5001.000000 -1.160028 -2.953443 0.001140
 5002.000000 -1.589859 -2.933209 0.000280
 5003.000000 0.388510 2.755225 0.000856
 5004.000000 -0.394769 -2.872040 0.000288
 5005.000000 -0.398712 -2.726115 0.000442
 5006.000000 0.515893 2.746589 0.000420
 5007.000000 0.136504 2.729562 0.001134
 5008.000000 0.187539 -2.947443 0.000990
 5009.000000 0.454075 3.118348 0.001427
 5010.000000 -1.667053 -1.892031 0.000951
 5011.000000 -0.008195 -2.472999 0.001744
 5012.000000 0.290536 -2.522926 0.003483
 5013.000000 1.444528 -2.997578 0.001039
 5014.000000 -0.408335 2.658527 0.000583
 5015.000000 -0.348345 -2.823241 0.000188
 5016.000000 -0.106341 -2.377211 0.000374
 5017.000000 0.319327 2.966576 0.000290
 5018.000000 0.340812 -3.014351 0.000349
 5019.000000 -1.598154 2.608678 0.000480
 5020.000000 -1.403717 3.018837 0.000524
 5021.000000 -1.139116 -2.959309 0.000438
 5022.000000 0.444898 -2.748343 0.000561
 5023.000000 1.162442 -2.746546 0.000366
 5024.000000 1.114272 -2.778576 0.001471
 5025.000000 -1.171719 -2.388517 0.000389
 5026.000000 0.098420 2.865100 0.000833
 5027.000000 -1.483761 2.563777 0.000604
 5028.000000 -0.412127 -3.085833 0.000214
 5029.000000 0.460531 -2.342463 0.000596
 5030.000000 1.005294 -2.912974 0.000847
 5031.000000 0.868357 -2.181166 0.000892
 5032.000000 1.004835 -2.506132 0.001189
 5033.000000 -0.496322 -2.631303 0.000653
 5034.000000 -0.207293 3.086127 0.000421
 5035.000000 -1.295845 -3.116616 0.000350
 5036.000000 -0.276079 -2.857269 0.000280
 5037.000000 0.289540 -2.455626 0.001032
 5038.000000 0.272997 -2.702128 0.001854
 5039.000000 0.324846 2.588108 0.001192
 5040.000000 -0.159561 -2.613926 0.001814
 5041.000000 -1.640480 -2.479039 0.000904
 5042.000000 1.187303 -2.680535 0.001108
 5043.000000 0.451227 3.130512 0.000152
 5044.000000 -1.713157 -2.393336 0.001444
 5045.000000 -0.436585 -2.729133 0.001004
 5046.000000 -0.307762 -2.426557 0.001082
 5047.000000 -0.290178 -2.727911 0.000140
 5048.000000 0.506086 3.066134 0.001715
 5049.000000 0.320195 -2.643330 0.002009
 5050.000000 0.429452 -2.606141 0.001709
 5051.000000 0.132252 2.376082 0.001888
 5052.000000 1.811254 2.959108 0.001036
 5053.000000 0.254601 -2.198474 0.000783
 5054.000000 0.996763 -2.940057 0.001029
 5055.000000 0.615883 -2.859379 0.001453
 5056.000000 -0.383291 2.798407 0.000971
 5057.000000 0.131462 -2.647129 0.001105
 5058.000000 -0.288642 -3.008351 0.000781
 5059.000000 0.342207 -2.751431 0.000368
 5060.000000 0.020588 -2.727078 0.000500
 5061.000000 0.470656 -2.544734 0.001096
 5062.000000 -1.776687 2.565467 0.000880
 5063.000000 -0.105932 -2.624568 0.000255
 5064.000000 -1.357070 -1.994484 0.000645
 5065.000000 -1.732042 -2.454390 0.000298
 5066.000000 0.430995 2.587127 0.001297
 5067.000000 0.361022 2.316281 0.001555
 5068.000000 -0.637855 -3.019508 0.000169
 5069.000000 1.276892 -2.908216 0.000968
 5070.000000 -0.995127 -2.524335 0.000250
 5071.000000 0.313452 -2.542204 0.000707
 5072.000000 1.118595 -2.670539 0.000054
 5073.000000 -1.131443 2.879151 0.001350
 5074.000000 -0.970641 -2.513146 0.002488
 5075.000000 0.148970 -2.853147 0.001200
 5076.000000 0.086267 -2.717229 0.000291
 5077.000000 0.181437 -2.878529 0.001300
 5078.000000 0.229276 -3.006706 0.000383
 5079.000000 -0.393920 -2.829167 0.000206
 5080.000000 0.295816 -2.629316 0.000111
 5081.000000 0.081826 -3.020450 0.000531
 5082.000000 0.203288 -2.431073 0.000669
 5083.000000 -0.344824 -3.058069 0.000643
 5084.000000 -0.384262 2.801388 0.000800
 5085.000000 -0.706704 2.916892 0.000246
 5086.000000 0.428607 -2.462886 0.000382
 5087.000000 1.540546 2.786143 0.000334
 5088.000000 1.381219 -2.348218 0.000588
 5089.000000 -0.075103 -3.121320 0.000157
 5090.000000 0.352875 -1.885926 0.000218
 5091.000000 -0.527723 -2.823167 0.000390
 5092.000000 0.348468 -2.695572 0.002116
 5093.000000 -1.564488 -2.821740 0.001690
 5094.000000 0.482731 3.138053 0.001751
 5095.000000 0.519431 2.905031 0.000425
 5096.000000 0.369389 2.671003 0.001019
 5097.000000 0.290176 -2.667568 0.000622
 5098.000000 0.237894 -2.886823 0.000094
 5099.000000 0.389702 -2.646327 0.000542
 5100.000000 -0.011102 2.617713 0.000369
 5101.000000 0.394141 3.046649 0.000092
 5102.000000 -0.923111 -2.924304 0.000720
 5103.000000 0.343518 -2.643684 0.001333
 5104.000000 1.569470 -2.803319 0.000275
 5105.000000 0.455471 2.650985 0.000354
 5106.000000 -0.409603 -2.649688 0.000862
 5107.000000 1.057191 2.862966 0.001390
 5108.000000 0.124437 -2.693959 0.000992
 5109.000000 0.428725 2.773399 0.000827
 5110.000000 -0.950171 -2.940739 0.000597
 5111.000000 1.402548 -2.879288 0.000893
 5112.000000 -0.321359 2.525204 0.001316
 5113.000000 -0.301585 2.822638 0.001377
 5114.000000 -1.046368 -2.853023 0.002747
 5115.000000 0.421306 -1.651782 0.000192
 5116.000000 -0.458649 -2.741437 0.000292
 5117.000000 1.300561 -2.681226 0.000139
 5118.000000 0.357637 -2.909460 0.000232
 5119.000000 -0.551093 -2.329988 0.001077
 5120.000000 -1.395450 -2.713251 0.000324
 5121.000000 -0.216945 3.082595 0.000353
 5122.000000 -0.812520 -2.585614 0.000850
 5123.000000 -1.151074 -3.030854 0.001033
 5124.000000 0.360488 -2.886324 0.000674
 5125.000000 -1.152965 -2.938096 0.000455
 5126.000000 -1.270692 2.642450 0.001402
 5127.000000 -0.420694 -2.779632 0.000656
 5128.000000 -0.048480 -2.742706 0.000921
 5129.000000 1.369248 -2.749132 0.000665
 5130.000000 1.243460 -2.792664 0.000426
 5131.000000 -0.460091 -2.658039 0.000863
 5132.000000 0.478253 -2.359271 0.000826
 5133.000000 -0.217157 -2.864569 0.000801
 5134.000000 -1.370105 -2.352666 0.000511
 5135.000000 0.373409 -2.641051 0.000761
 5136.000000 0.484740 -2.781042 0.000471
 5137.000000 -1.279020 -2.628725 0.000723
 5138.000000 -0.201434 -2.681827 0.000340
 5139.000000 -0.421107 -2.752007 0.001575
 5140.000000 0.328584 -2.568297 0.003779
 5141.000000 0.441038 -2.536208 0.002241
 5142.000000 -0.360769 -2.735614 0.000280
 5143.000000 -0.426412 2.981064 0.000717
 5144.000000 0.489585 3.141034 0.001159
 5145.000000 -1.480348 2.940476 0.000377
 5146.000000 -0.396757 2.742930 0.001203
 5147.000000 -0.390298 2.902099 0.000636
 5148.000000 0.494059 2.784015 0.000536
 5149.000000 -0.986051 -2.928080 0.000390
 5150.000000 0.264065 -2.965538 0.000680
 5151.000000 -0.416379 -2.570166 0.001053
 5152.000000 0.276961 -2.468097 0.000273
 5153.000000 -1.291667 -3.029361 0.001143
 5154.000000 1.439372 -2.941357 0.001547
 5155.000000 1.098696 2.669230 0.000383
 5156.000000 0.476092 -2.988768 0.000217
 5157.000000 0.385757 -2.921699 0.000498
 5158.000000 0.066616 -2.802948 0.000223
 5159.000000 -0.342223 -3.041842 0.000304
 5160.000000 1.128475 -2.577650 0.000354
 5161.000000 -0.353872 -2.925964 0.000930
 5162.000000 0.106113 -2.962445 0.000743
 5163.000000 0.068731 -2.247994 0.000620
 5164.000000 0.367585 -2.551639 0.000132
 5165.000000 -0.390771 2.709911 0.000389
 5166.000000 -0.535117 -3.107480 0.000776
 5167.000000 1.111295 2.612602 0.000291
 5168.000000 0.792032 -2.593221 0.001162
 5169.000000 0.249450 -2.919126 0.000401
 5170.000000 -1.334817 -2.749401 0.000377
 5171.000000 0.321738 -2.945730 0.000867
 5172.000000 -1.186433 2.963643 0.000153
 5173.000000 0.169749 -1.881618 0.000468
 5174.000000 0.148679 -2.392754 0.002337
 5175.000000 0.426442 -2.246628 0.002285
 5176.000000 0.222545 -2.471972 0.001353
 5177.000000 0.378212 -2.485680 0.001094
 5178.000000 0.383398 -2.450871 0.002473
 5179.000000 0.406726 -2.377876 0.001102
 5180.000000 0.373711 -2.492091 0.001540
 5181.000000 0.302689 -2.665951 0.002089
 5182.000000 0.498460 -2.837585 0.001732
 5183.000000 0.210345 -2.637227 0.001277
 5184.000000 0.193980 -2.468691 0.000614
 5185.000000 0.296202 2.991633 0.000504
 5186.000000 -1.126690 -2.048565 0.000162
 5187.000000 0.405267 -2.627843 0.000240
 5188.000000 -1.159420 -2.810260 0.000579
 5189.000000 0.378789 -2.529839 0.001220
 5190.000000 0.362952 -2.850883 0.000094
 5191.000000 0.209779 -2.623757 0.000298
 5192.000000 0.432538 -2.398078 0.000321
 5193.000000 -1.126872 -2.900102 0.001057
 5194.000000 -1.303848 2.889449 0.000638
 5195.000000 -1.362902 2.775552 0.000312
 5196.000000 0.445333 -2.517346 0.002144
 5197.000000 -0.337726 -2.327652 0.000853
 5198.000000 1.054081 -2.250883 0.002871
 5199.000000 -0.509902 -2.692867 0.003465
 5200.000000 -0.499536 -2.366489 0.004053
 5201.000000 -0.386910 -2.702582 0.002679
 5202.000000 -0.440345 -2.060140 0.002751
 5203.000000 -0.310707 -2.048110 0.004404
 5204.000000 -0.331234 -2.699389 0.001131
 5205.000000 -0.409802 -2.604570 0.002184
 5206.000000 -0.009042 -2.457278 0.002880
 5207.000000 -0.224633 -2.494885 0.002636
 5208.000000 -0.341721 -2.216754 0.003091
 5209.000000 -0.260787 -2.439619 0.003098
 5210.000000 -0.402368 -2.639036 0.002869
 5211.000000 -0.393077 -1.536031 0.004403
 5212.000000 -0.378619 -2.277261 0.004721
 5213.000000 -0.295533 -2.825152 0.002395
 5214.000000 -0.556820 -2.055884 0.003928
 5215.000000 -0.428931 -2.349367 0.004445
 5216.000000 -0.365950 -2.778089 0.004527
 5217.000000 -0.258450 -2.063179 0.004012
 5218.000000 -0.300776 -2.655013 0.004664
 5219.000000 -0.360625 -2.171476 0.004273
 5220.000000 -0.299383 -2.822426 0.003180
 5221.000000 -0.123491 -1.852381 0.003779
 5222.000000 -0.314858 -2.363281 0.004606
 5223.000000 -0.380099 -2.502127 0.004654
 5224.000000 -0.348163 -2.073133 0.005121
 5225.000000 -0.342728 -2.720784 0.004997
 5226.000000 -0.454817 -2.598492 0.003850
 5227.000000 -0.436460 -2.244863 0.003994
 5228.000000 1.490143 -1.472322 0.004665
 5229.000000 -0.308290 -2.014766 0.003765
 5230.000000 -0.276349 -2.088771 0.003493
 5231.000000 -0.245777 -2.598525 0.003639
 5232.000000 -0.362099 2.735645 0.002818
 5233.000000 -0.315795 3.045756 0.003102
 5234.000000 -0.433605 2.886019 0.003815
 5235.000000 0.982122 -2.824644 0.003019
 5236.000000 -0.488926 2.546100 0.003665
 5237.000000 -0.486536 2.838358 0.003808
 5238.000000 -0.289534 2.542362 0.003074
 5239.000000 1.428588 2.479970 0.002680
 5240.000000 1.169730 3.053535 0.002801
 5241.000000 -0.459370 2.635584 0.002770
 5242.000000 -0.412904 2.836819 0.002881
 5243.000000 -0.401070 2.751730 0.003448
 5244.000000 -0.359884 2.701732 0.003415
 5245.000000 -0.153139 3.136899 0.003389
 5246.000000 -0.414153 2.918237 0.003346
 5247.000000 -0.246493 -3.075132 0.003316
 5248.000000 1.675610 2.336272 0.003228
 5249.000000 -0.486031 3.105445 0.003039
 5250.000000 1.272898 2.683384 0.002649
 5251.000000 -0.549237 2.909585 0.003366
 5252.000000 -0.358360 2.566692 0.003194
 5253.000000 1.274490 -3.002401 0.002795
 5254.000000 -0.297613 -2.930479 0.003115
 5255.000000 1.319432 -3.042773 0.003333
 5256.000000 1.054151 2.482955 0.002592
 5257.000000 -0.433048 2.550695 0.002947
 5258.000000 -0.445036 2.552862 0.003610
 5259.000000 0.958398 2.830503 0.002709
 5260.000000 -0.468138 3.120892 0.003177
 5261.000000 -0.353776 -2.992283 0.003467
 5262.000000 -0.529097 3.131353 0.003921
 5263.000000 1.442318 2.424589 0.003929
 5264.000000 1.334352 2.697564 0.003761
 5265.000000 1.494289 3.074115 0.002308
 5266.000000 2.189842 -3.131265 0.003084
 5267.000000 -0.293811 2.995779 0.003573
 5268.000000 -0.412332 2.846901 0.003243
 5269.000000 -0.443059 2.644536 0.003085
 5270.000000 -0.334143 2.950444 0.003477
 5271.000000 1.402131 2.981423 0.002786
 5272.000000 -0.366894 2.528210 0.003074
 5273.000000 -0.433025 -3.084186 0.002995
 5274.000000 -0.272686 2.260313 0.002471
 5275.000000 1.463378 2.467693 0.003057
 5276.000000 1.149459 2.995324 0.003199
 5277.000000 -0.455538 2.723029 0.003766
 5278.000000 -0.261239 -3.011530 0.002606
 5279.000000 -0.457239 -3.100616 0.002601
 5280.000000 1.090704 -3.113683 0.002179
 5281.000000 -0.211568 2.641826 0.002679
 5282.000000 -0.332164 2.720759 0.003190
 5283.000000 0.066764 2.878472 0.002366
 5284.000000 -0.395021 2.782341 0.002789
 5285.000000 -0.512904 2.999254 0.002901
 5286.000000 -0.373324 2.650139 0.003676
 5287.000000 -0.386561 2.828582 0.003037
 5288.000000 -0.544051 -2.848213 0.002950
 5289.000000 -0.239223 -2.987940 0.002359
 5290.000000 -0.351242 -2.928089 0.002532
 5291.000000 -0.430596 -3.020465 0.003553
 5292.000000 -0.481833 2.633887 0.003338
 5293.000000 1.358790 2.848782 0.002935
 5294.000000 -0.316790 2.947158 0.002960
 5295.000000 1.096669 2.997516 0.002579
 5296.000000 -0.264351 -3.038249 0.002869
 5297.000000 1.406393 2.651958 0.002229
 5298.000000 -0.431000 3.015671 0.003705
 5299.000000 -0.314082 3.115987 0.003412
 5300.000000 -0.358341 3.062397 0.003097
 5301.000000 1.173343 2.791700 0.002803
 5302.000000 -0.435999 2.651681 0.003056
 5303.000000 -0.501693 -3.126283 0.002707
 5304.000000 -0.482671 -3.122166 0.003672
 5305.000000 1.465596 2.658170 0.002531
 5306.000000 0.947334 2.947529 0.002573
 5307.000000 -0.438049 2.385285 0.003099
 5308.000000 1.141940 2.705360 0.002573
 5309.000000 2.089862 2.979460 0.003287
 5310.000000 1.784377 2.806537 0.002488
 5311.000000 1.024742 2.827293 0.002915
 5312.000000 -0.335569 2.740486 0.003457
 5313.000000 -0.219783 2.672579 0.003308
 5314.000000 1.486497 3.078161 0.003027
 5315.000000 -0.412602 2.720721 0.003440
 5316.000000 -0.375429 2.905279 0.003499
 5317.000000 -0.239841 -2.936944 0.002493
 5318.000000 -0.438033 2.808319 0.003296
 5319.000000 -0.409134 2.469483 0.002950
 5320.000000 1.274337 2.761364 0.002819
 5321.000000 -0.280221 2.666383 0.003832
 5322.000000 -0.156784 3.051771 0.005336
 5323.000000 -0.462680 -2.896601 0.003096
 5324.000000 1.216485 3.140535 0.002424
 5325.000000 -0.395897 3.032470 0.003778
 5326.000000 1.131582 -2.904429 0.002588
 5327.000000 1.100228 2.604585 0.002705
 5328.000000 -0.629799 -2.922490 0.005353
 5329.000000 1.284213 3.031965 0.003482
 5330.000000 -0.347773 2.885236 0.003443
 5331.000000 -0.418551 2.964285 0.002701
 5332.000000 -0.358343 2.953681 0.002962
 5333.000000 -0.169109 2.363844 0.002849
 5334.000000 1.168699 3.009640 0.002324
 5335.000000 -0.368636 2.648851 0.003275
 5336.000000 -0.359711 -2.947782 0.003414
 5337.000000 -0.340332 2.704650 0.003456
 5338.000000 -0.340446 3.006621 0.003380
 5339.000000 -0.382631 -3.024063 0.003849
 5340.000000 1.614311 2.983812 0.003443
 5341.000000 1.095983 2.663571 0.004150
 5342.000000 -0.363902 3.022979 0.003489
 5343.000000 -0.431471 -3.078953 0.003414
 5344.000000 0.886769 2.866193 0.003938
 5345.000000 0.993803 2.930999 0.002792
 5346.000000 -0.281747 2.684104 0.003077
 5347.000000 -0.339135 2.933646 0.002710
 5348.000000 -0.327254 -3.104376 0.003398
 5349.000000 -0.183440 -2.996975 0.002464
 5350.000000 1.156559 2.718390 0.002607
 5351.000000 -0.377144 1.859253 0.003700
 5352.000000 -0.350419 -3.047246 0.003148
 5353.000000 -0.451673 2.525455 0.004165
 5354.000000 -0.250547 3.019500 0.003299
 5355.000000 1.116809 2.777307 0.002882
 5356.000000 -0.384791 2.407129 0.002982
 5357.000000 1.018347 -3.138776 0.003348
 5358.000000 -0.350600 2.965913 0.003547
 5359.000000 -0.364204 2.715093 0.003561
 5360.000000 -0.345142 3.077987 0.003285
 5361.000000 -0.393985 -3.002183 0.003155
 5362.000000 1.540109 2.723398 0.002928
 5363.000000 -0.456716 2.545401 0.003871
 5364.000000 1.564499 -3.106940 0.003520
 5365.000000 0.902361 -2.995040 0.002866
 5366.000000 -0.482409 2.791583 0.003573
 5367.000000 1.226297 2.855696 0.003375
 5368.000000 1.566613 2.905326 0.003122
 5369.000000 1.201375 2.528556 0.002942
 5370.000000 -0.417284 -3.084736 0.003167
 5371.000000 1.286229 -2.949815 0.002659
 5372.000000 1.228863 3.133214 0.002674
 5373.000000 -0.349245 2.908385 0.003007
 5374.000000 -0.415383 2.545569 0.003107
 5375.000000 -0.341910 2.653688 0.003245
 5376.000000 1.100467 2.616573 0.004048
 5377.000000 -0.438238 2.892521 0.002544
 5378.000000 -0.399860 2.703958 0.003313
 5379.000000 -0.431843 2.437143 0.003665
 5380.000000 -0.185226 2.501640 0.004952
 5381.000000 1.325722 2.911992 0.002821
 5382.000000 -0.238449 2.967784 0.002902
 5383.000000 1.154886 2.887294 0.003142
 5384.000000 1.263037 -3.060658 0.003287
 5385.000000 1.457341 -3.005642 0.002657
 5386.000000 -0.440724 2.954132 0.002972
 5387.000000 -0.456972 2.978344 0.006120
 5388.000000 0.014899 2.833763 0.003325
 5389.000000 -0.241159 2.908810 0.003177
 5390.000000 -0.370975 2.761464 0.004564
 5391.000000 -0.413783 -2.916576 0.005335
 5392.000000 -0.154426 2.955213 0.003273
 5393.000000 -0.207320 2.836341 0.003412
 5394.000000 -0.479689 3.058249 0.003316
 5395.000000 1.446224 2.517445 0.002941
 5396.000000 -0.405561 3.091940 0.003693
 5397.000000 -0.424487 2.841865 0.004115
 5398.000000 1.904294 2.745222 0.003405
 5399.000000 1.136001 2.758200 0.002704
 5400.000000 1.096626 2.530333 0.003336
 5401.000000 -0.349076 2.733145 0.003366
 5402.000000 -0.337250 -2.975335 0.004885
 5403.000000 1.809860 2.652678 0.003230
 5404.000000 -0.475960 2.638881 0.003845
 5405.000000 -0.333273 2.805081 0.003346
 5406.000000 -0.284039 2.635555 0.003413
 5407.000000 -0.337341 2.961658 0.003139
 5408.000000 -0.462843 -3.037071 0.002943
 5409.000000 1.242487 -2.934764 0.003167
 5410.000000 -0.361558 2.931780 0.003645
 5411.000000 -0.489839 3.043291 0.002985
 5412.000000 -0.289815 2.887020 0.003109
 5413.000000 0.314139 3.061214 0.003038
 5414.000000 -0.423932 -2.450571 0.002120
 5415.000000 0.418271 2.835493 0.003065
 5416.000000 0.514229 -2.397672 0.001982
 5417.000000 0.797625 3.066305 0.002692
 5418.000000 1.146114 -2.758950 0.002366
 5419.000000 1.133498 3.004954 0.003087
 5420.000000 0.306957 2.955958 0.002901
 5421.000000 1.073715 3.130151 0.003396
 5422.000000 1.133080 3.008972 0.003162
 5423.000000 1.170685 -3.110705 0.002768
 5424.000000 0.931836 -2.896210 0.002331
 5425.000000 0.914108 -3.130645 0.002978
 5426.000000 -0.374497 -2.891129 0.001515
 5427.000000 1.217838 3.001648 0.001497
 5428.000000 -0.276215 2.733518 0.002005
 5429.000000 0.386624 -2.825110 0.001923
 5430.000000 -1.155911 2.893020 0.001364
 5431.000000 -0.652904 2.950230 0.001554
 5432.000000 -0.340568 -2.808314 0.001662
 5433.000000 1.525450 2.637031 0.001314
 5434.000000 -0.180417 -3.140889 0.001497
 5435.000000 -0.356219 2.638045 0.001457
 5436.000000 0.463845 2.451135 0.000949
 5437.000000 1.437095 2.674669 0.001449
 5438.000000 -0.194043 2.594868 0.001626
 5439.000000 1.497192 3.091873 0.001970
 5440.000000 1.469711 -2.787691 0.000408
 5441.000000 -0.471773 -2.960803 0.000342
 5442.000000 0.496345 -2.804421 0.000673
 5443.000000 0.288150 -3.103452 0.002187
 5444.000000 0.104914 2.983216 0.001392
 5445.000000 1.314587 2.661778 0.000534
 5446.000000 -0.381781 2.592538 0.000810
 5447.000000 1.214378 2.814613 0.001399
 5448.000000 0.354188 -2.869253 0.000255
 5449.000000 1.153716 -3.083724 0.001923
 5450.000000 0.403371 2.505623 0.000802
 5451.000000 0.306554 2.881532 0.001485
 5452.000000 0.327478 -3.065249 0.001067
 5453.000000 0.278634 2.769103 0.001139
 5454.000000 0.506738 -2.989571 0.001437
 5455.000000 0.440943 2.469419 0.001191
 5456.000000 0.464147 2.769009 0.000983
 5457.000000 0.385269 3.014357 0.001004
 5458.000000 0.393775 2.992438 0.001087
 5459.000000 0.199314 2.716474 0.001702
 5460.000000 0.182708 2.793082 0.001174
 5461.000000 0.342215 2.800377 0.001240
 5462.000000 0.258045 -3.062056 0.001781
 5463.000000 0.088402 2.534878 0.001244
 5464.000000 0.035848 2.829151 0.001878
 5465.000000 0.160975 -3.038844 0.002104
 5466.000000 0.413851 2.931699 0.001295
 5467.000000 0.091808 3.009166 0.001325
 5468.000000 0.407671 2.735504 0.001350
 5469.000000 0.411185 -2.963529 0.001501
 5470.000000 0.407794 2.859180 0.000925
 5471.000000 0.343852 -3.074729 0.001059
 5472.000000 0.385535 -2.889488 0.001239
 5473.000000 0.394255 2.457198 0.001122
 5474.000000 0.293754 2.772481 0.001085
 5475.000000 0.349945 3.115023 0.001159
 5476.000000 0.292978 3.103370 0.000958
 5477.000000 0.278466 2.708450 0.001293
 5478.000000 0.402598 2.772974 0.001413
 5479.000000 0.277646 -2.954875 0.001134
 5480.000000 0.221065 3.087421 0.001059
 5481.000000 0.369622 -3.008857 0.001097
 5482.000000 0.349122 3.034458 0.001308
 5483.000000 0.365841 -3.085356 0.000935
 5484.000000 0.374732 2.492488 0.002056
 5485.000000 0.516161 -3.051486 0.001139
 5486.000000 0.465985 2.826237 0.000961
 5487.000000 0.196986 -3.094928 0.001269
 5488.000000 0.454053 2.781266 0.001350
 5489.000000 0.305631 2.926014 0.001255
 5490.000000 0.354641 2.700613 0.001314
 5491.000000 0.437772 -2.955395 0.001463
 5492.000000 0.472951 -3.087173 0.001275
 5493.000000 0.356773 -2.895562 0.001178
 5494.000000 0.327867 -3.031550 0.001318
 5495.000000 0.503700 -3.030431 0.000891
 5496.000000 0.288822 -3.001820 0.001229
 5497.000000 0.432005 2.754387 0.001170
 5498.000000 0.445312 2.917425 0.001100
 5499.000000 0.244944 2.863180 0.001151
 5500.000000 0.319274 -3.070883 0.001586
 5501.000000 0.268743 -3.052929 0.001074
 5502.000000 0.320240 3.023829 0.000988
 5503.000000 0.435444 -2.989571 0.001336
 5504.000000 0.215357 2.606550 0.001102
 5505.000000 0.398037 3.123937 0.000970
 5506.000000 0.028667 2.749599 0.001264
 5507.000000 0.293146 2.526715 0.001548
 5508.000000 0.333299 3.089787 0.001247
 5509.000000 -1.572705 -3.043463 0.001198
 5510.000000 -0.205091 -2.613764 0.001683
 5511.000000 -1.909689 3.071391 0.000855
 5512.000000 -0.070000 2.565685 0.001179
 5513.000000 -0.323190 2.873520 0.001471
 5514.000000 -0.425374 -2.879832 0.001219
 5515.000000 -0.237555 -2.854162 0.000222
 5516.000000 0.371003 -2.724256 0.000543
 5517.000000 -0.192401 -2.843312 0.000605
 5518.000000 0.075017 -3.077785 0.001649
 5519.000000 0.414865 -2.691131 0.000736
 5520.000000 1.034310 -2.986124 0.000977
 5521.000000 -0.445677 -2.840976 0.000222
 5522.000000 -1.627705 -2.816760 0.000441
 5523.000000 -1.334434 2.731776 0.000669
 5524.000000 0.302278 -3.044579 0.000824
 5525.000000 -1.087143 -3.003108 0.001265
 5526.000000 0.504393 2.607951 0.000597
 5527.000000 -1.705252 -3.086028 0.001036
 5528.000000 -1.496985 -2.776649 0.000368
 5529.000000 -0.372762 -2.769037 0.000973
 5530.000000 -1.015218 2.888811 0.000698
 5531.000000 0.461828 2.809629 0.000137
 5532.000000 0.329272 2.849557 0.000105
 5533.000000 1.307706 -2.943562 0.000178
 5534.000000 0.607584 -2.598619 0.001237
 5535.000000 0.364327 -2.855128 0.000722
 5536.000000 0.903344 -2.094292 0.000241
 5537.000000 0.318844 -2.738345 0.000343
 5538.000000 0.041558 -2.827078 0.000816
 5539.000000 0.378910 -1.618702 0.000264
 5540.000000 -0.505225 -1.957817 0.000980
 5541.000000 0.483665 2.855490 0.000438
 5542.000000 0.067038 2.610146 0.001065
 5543.000000 0.414413 -2.987641 0.001197
 5544.000000 0.423137 3.087166 0.002912
 5545.000000 0.435975 3.049541 0.003386
 5546.000000 -1.801995 -2.855395 0.003184
 5547.000000 0.230725 2.781700 0.001543
 5548.000000 0.429213 2.778607 0.001553
 5549.000000 0.318569 -2.995573 0.001145
 5550.000000 1.118621 -2.781231 0.000691
 5551.000000 -0.479037 -2.517476 0.001260
 5552.000000 -0.071527 -3.130449 0.000694
 5553.000000 1.373586 -2.750349 0.000823
 5554.000000 0.454198 -2.838844 0.000495
 5555.000000 0.265144 -2.948419 0.000524
 5556.000000 0.007450 -3.038711 0.000850
 5557.000000 0.348449 -3.060001 0.000385
 5558.000000 -0.346491 -3.107176 0.000352
 5559.000000 0.238841 -2.995296 0.000620
 5560.000000 0.488148 -2.958798 0.000932
 5561.000000 0.513432 -2.913739 0.001133
 5562.000000 0.343282 -2.605015 0.000506
 5563.000000 -1.193370 -2.880100 0.000921
 5564.000000 0.988499 -2.647253 0.000321
 5565.000000 0.342175 2.814470 0.000565
 5566.000000 0.178816 -2.683555 0.000237
 5567.000000 -0.317245 -2.927977 0.000398
 5568.000000 0.334347 -2.668988 0.000387
 5569.000000 -0.394416 -2.392026 0.000185
 5570.000000 -0.323277 -2.753262 0.000870
 5571.000000 1.773503 -2.658174 0.002204
 5572.000000 -0.297105 -2.916899 0.000793
 5573.000000 0.346127 -2.357599 0.000200
 5574.000000 1.625813 -2.968989 0.000628
 5575.000000 -0.119321 3.054921 0.000164
 5576.000000 -1.161182 -2.528427 0.000594
 5577.000000 0.694256 -2.595114 0.000089
 5578.000000 -1.391157 2.779169 0.000395
 5579.000000 0.146479 -2.916222 0.000489
 5580.000000 0.209931 -2.722708 0.000583
 5581.000000 -0.616796 -2.710618 0.000346
 5582.000000 0.032800 2.593240 0.000628
 5583.000000 0.399605 -2.620354 0.000103
 5584.000000 0.266327 -2.124585 0.002273
 5585.000000 -0.361291 -2.159107 0.000924
 5586.000000 0.324194 -2.848923 0.000759
 5587.000000 0.628829 -1.973271 0.000429
 5588.000000 -0.464665 2.402483 0.000324
 5589.000000 1.181276 -2.501446 0.000285
 5590.000000 -0.484064 -2.821996 0.000130
 5591.000000 1.299359 2.620480 0.000826
 5592.000000 0.999804 -2.938796 0.002991
 5593.000000 1.660284 -2.896364 0.000619
 5594.000000 0.460796 -3.119732 0.000299
 5595.000000 1.203450 -2.620553 0.000422
 5596.000000 -0.376480 -2.673448 0.000114
 5597.000000 -0.262019 -2.713520 0.001244
 5598.000000 -0.354511 2.574680 0.001072
 5599.000000 0.471283 -2.691935 0.000620
 5600.000000 -0.187663 -2.720553 0.000657
 5601.000000 1.413805 -2.631524 0.000260
 5602.000000 -1.349923 2.999719 0.000714
 5603.000000 0.451380 -2.918459 0.000703
 5604.000000 0.431054 -2.749030 0.000658
 5605.000000 0.347261 -3.022967 0.000425
 5606.000000 0.392649 2.828200 0.001039
 5607.000000 0.207144 3.051333 0.001826
 5608.000000 0.089032 2.549449 0.000867
 5609.000000 0.059350 -2.978371 0.000740
 5610.000000 -1.337514 -2.873392 0.000735
 5611.000000 1.128685 -3.013330 0.001353
 5612.000000 -1.023198 -2.285905 0.000406
 5613.000000 0.128189 -2.548319 0.001269
 5614.000000 1.284137 2.646207 0.000477
 5615.000000 -0.377248 -2.926973 0.001488
 5616.000000 -0.307137 2.936139 0.001277
 5617.000000 0.409596 2.901282 0.001068
 5618.000000 0.322287 -2.496586 0.000257
 5619.000000 0.399667 2.678232 0.001670
 5620.000000 -0.323298 -2.669424 0.000701
 5621.000000 0.207855 -2.936509 0.000280
 5622.000000 -1.401174 2.737037 0.000415
 5623.000000 0.060393 -2.678322 0.000339
 5624.000000 0.098787 -2.805364 0.000140
 5625.000000 0.337081 2.269128 0.000133
 5626.000000 0.104076 2.776240 0.000506
 5627.000000 0.461425 -2.672787 0.000194
 5628.000000 -0.368662 -2.651958 0.000702
 5629.000000 0.242898 -2.936222 0.000099
 5630.000000 -0.007287 -2.770745 0.000553
 5631.000000 0.150158 -2.685788 0.001535
 5632.000000 0.389602 2.696486 0.000511
 5633.000000 -0.068394 -2.964438 0.000109
 5634.000000 0.308865 2.852739 0.000225
 5635.000000 -0.169091 -2.732790 0.000108
 5636.000000 -0.429330 -3.039986 0.000715
 5637.000000 -0.397792 -2.379956 0.000407
 5638.000000 0.515810 -2.258925 0.000531
 5639.000000 -0.453427 -2.332053 0.001718
 5640.000000 -0.448054 -2.018360 0.001860
 5641.000000 -0.455022 -2.021614 0.002038
 5642.000000 0.649346 -2.667633 0.001950
 5643.000000 1.430179 -2.790988 0.001182
 5644.000000 -1.274233 -2.692541 0.000941
 5645.000000 0.346274 -2.005775 0.000958
 5646.000000 0.291864 -2.251932 0.001177
 5647.000000 0.308039 -2.613042 0.001065
 5648.000000 0.283322 -2.680304 0.000750
 5649.000000 0.355530 2.817086 0.001267
 5650.000000 0.402325 3.111149 0.001266
 5651.000000 0.315004 2.921489 0.001042
 5652.000000 0.433639 -2.992564 0.001813
 5653.000000 0.368727 2.795570 0.000869
 5654.000000 0.320540 2.769875 0.001121
 5655.000000 0.352887 -2.930061 0.001025
 5656.000000 0.236961 2.579952 0.001401
 5657.000000 0.198010 -3.140953 0.000934
 5658.000000 0.429632 -3.064232 0.000863
 5659.000000 0.350337 -2.938316 0.001395
 5660.000000 0.313955 -2.807850 0.000934
 5661.000000 0.354086 2.725188 0.001582
 5662.000000 0.399271 2.935490 0.001238
 5663.000000 0.487492 2.825817 0.001353
 5664.000000 0.367377 2.763909 0.002129
 5665.000000 0.241700 -3.000069 0.001263
 5666.000000 0.384608 -3.089035 0.000853
 5667.000000 -1.158520 -3.109984 0.000352
 5668.000000 0.379938 3.130613 0.000764
 5669.000000 0.430104 -2.762805 0.000348
 5670.000000 1.386858 -2.590759 0.000489
 5671.000000 -1.252584 -2.641450 0.000300
 5672.000000 -0.041603 -2.959975 0.000276
 5673.000000 0.322657 2.602129 0.001142
 5674.000000 1.352647 -2.627119 0.000264
 5675.000000 -0.512304 -2.779750 0.000276
 5676.000000 -1.497974 2.822756 0.000470
 5677.000000 -1.206262 -2.876192 0.000504
 5678.000000 0.288979 -2.188385 0.000249
 5679.000000 0.194591 2.879595 0.001133
 5680.000000 0.096523 3.065044 0.000824
 5681.000000 -1.268063 -2.765308 0.000469
 5682.000000 0.254785 -2.611548 0.000463
 5683.000000 -1.779450 2.386145 0.000574
 5684.000000 0.375420 -3.039760 0.000619
 5685.000000 -1.231458 -3.029074 0.000142
 5686.000000 0.806338 -2.918073 0.000431
 5687.000000 1.217731 -2.162954 0.000622
 5688.000000 -0.437474 -2.545331 0.000604
 5689.000000 0.059186 -2.942104 0.001325
 5690.000000 0.185933 -2.543582 0.001449
 5691.000000 0.251477 -2.778788 0.000866
 5692.000000 0.273760 -2.044545 0.003526
 5693.000000 -0.010583 -2.066788 0.001587
 5694.000000 -1.982582 -2.459194 0.002572
 5695.000000 -0.230633 2.780639 0.000664
 5696.000000 -0.641794 2.081026 0.000997
 5697.000000 0.686311 -2.717540 0.000166
 5698.000000 1.595973 -2.734295 0.001016
 5699.000000 -0.274696 3.064725 0.000892
 5700.000000 -1.392367 2.633885 0.001184
 5701.000000 0.254568 3.009478 0.000906
 5702.000000 0.380613 2.905391 0.000938
 5703.000000 -0.078391 -3.028683 0.001022
 5704.000000 0.135085 2.538894 0.000712
 5705.000000 0.338404 2.726502 0.001155
 5706.000000 -0.346571 -2.598471 0.000854
 5707.000000 0.247924 -2.685501 0.001668
 5708.000000 0.217500 -3.028656 0.000815
 5709.000000 -0.543408 -2.764405 0.001052
 5710.000000 0.242238 -2.537221 0.001013
 5711.000000 -0.034657 -2.860568 0.000906
 5712.000000 -0.682145 -2.335414 0.000907
 5713.000000 0.360071 -2.746741 0.000737
 5714.000000 -0.228175 -2.845881 0.000903
 5715.000000 0.597295 -2.572715 0.000940
 5716.000000 1.119865 3.075961 0.000736
 5717.000000 -0.780561 -2.408962 0.001047
 5718.000000 -1.470084 2.775522 0.000871
 5719.000000 -1.496748 -2.979979 0.000950
 5720.000000 -0.331070 -3.113714 0.000777
 5721.000000 -1.058746 2.776007 0.001003
 5722.000000 -0.513162 2.726777 0.000856
 5723.000000 -1.477448 2.942143 0.000976
 5724.000000 -0.734821 -2.901183 0.000652
 5725.000000 -1.183924 2.707842 0.000076
 5726.000000 -1.391646 2.463407 0.000687
 5727.000000 0.401612 3.033623 0.000311
 5728.000000 -1.673162 -2.970154 0.000973
 5729.000000 -1.584366 -3.122696 0.000631
 5730.000000 -1.193784 2.591543 0.001554
 5731.000000 -1.505438 2.634561 0.001489
 5732.000000 0.321981 -2.961496 0.000482
 5733.000000 0.397416 -2.652099 0.000741
 5734.000000 1.197662 -2.791169 0.000863
 5735.000000 -1.292163 2.969013 0.000230
 5736.000000 0.298836 -2.671791 0.000367
 5737.000000 0.342580 -2.500414 0.000404
 5738.000000 -1.233953 -3.092794 0.001199
 5739.000000 0.488069 2.299158 0.000583
 5740.000000 -0.248474 -2.432625 0.000876
 5741.000000 1.068547 -2.581548 0.000248
 5742.000000 -0.329471 -2.843480 0.000411
 5743.000000 0.365607 -2.384176 0.000831
 5744.000000 0.437277 -3.020020 0.000295
 5745.000000 -0.644518 -2.737478 0.000370
 5746.000000 0.151113 -2.774492 0.000929
 5747.000000 0.342461 -2.257493 0.000288
 5748.000000 0.245647 -2.502270 0.000826
 5749.000000 -0.486757 -2.599294 0.000453
 5750.000000 -1.353943 2.472080 0.000864
 5751.000000 -1.237594 2.635591 0.000681
 5752.000000 -0.375230 -2.122156 0.000891
 5753.000000 1.072394 -2.632880 0.000927
 5754.000000 -0.327154 -2.303209 0.000359
 5755.000000 0.118895 -2.789064 0.000282
 5756.000000 -0.404383 -2.572125 0.001051
 5757.000000 1.834566 -2.850724 0.001259
 5758.000000 -0.652638 -2.406214 0.000844
 5759.000000 1.365624 -2.469967 0.001503
 5760.000000 -0.680839 -2.159087 0.001006
 5761.000000 0.292625 -1.915430 0.000313
 5762.000000 0.052518 -2.590647 0.000333
 5763.000000 0.433753 -2.623252 0.000298
 5764.000000 0.263929 -1.937373 0.000850
 5765.000000 0.317801 -2.694747 0.000320
 5766.000000 0.229280 -2.900109 0.000713
 5767.000000 0.856991 -2.822276 0.001374
 5768.000000 1.684526 -3.030088 0.000576
 5769.000000 0.819505 -2.304346 0.000343
 5770.000000 1.190987 -2.804019 0.000682
 5771.000000 0.694444 -1.934987 0.000572
 5772.000000 0.943785 -2.261013 0.000392
 5773.000000 1.208282 -2.709494 0.000378
 5774.000000 0.453899 -2.621544 0.000474
 5775.000000 0.807869 -1.723198 0.000457
 5776.000000 0.866052 -1.919291 0.000307
 5777.000000 0.017285 -2.699461 0.000292
 5778.000000 0.358516 -2.976255 0.001199
 5779.000000 0.869547 -1.867272 0.000507
 5780.000000 0.057190 -2.906525 0.000773
 5781.000000 0.199159 -2.824937 0.000223
 5782.000000 -0.154428 -2.976745 0.001499
 5783.000000 -1.592111 -3.081057 0.000278
 5784.000000 -1.394913 -3.043022 0.001576
 5785.000000 -1.104843 2.928085 0.001427
 5786.000000 -1.506071 2.546414 0.000279
 5787.000000 -1.118555 2.444726 0.000911
 5788.000000 -1.162130 -3.131518 0.001049
 5789.000000 -1.805193 -1.991548 0.000442
 5790.000000 -1.417416 -2.959109 0.000751
 5791.000000 1.366161 -2.140187 0.001172
 5792.000000 -0.251928 -2.709169 0.001030
 5793.000000 -0.957933 3.140977 0.000627
 5794.000000 0.464664 -2.522296 0.000257
 5795.000000 0.150734 -2.754469 0.000256
 5796.000000 0.518455 -2.206229 0.000183
 5797.000000 0.411054 -2.418584 0.000774
 5798.000000 0.902975 -1.991576 0.000963
 5799.000000 0.625280 -1.842944 0.001401
 5800.000000 0.998284 -1.918349 0.000331
 5801.000000 -0.272407 -2.391998 0.000445
 5802.000000 1.021568 -2.648575 0.000494
 5803.000000 0.095242 3.063326 0.000393
 5804.000000 0.364085 -2.367568 0.000125
 5805.000000 0.999551 -2.857501 0.000271
 5806.000000 0.278669 -2.778576 0.000223
 5807.000000 1.967136 -2.544131 0.000855
 5808.000000 -1.261732 2.812135 0.000788
 5809.000000 0.659334 3.132518 0.001799
 5810.000000 -0.899449 2.899414 0.000349
 5811.000000 -1.435931 2.510589 0.000304
 5812.000000 -1.179105 -2.706323 0.000162
 5813.000000 0.712052 -2.736375 0.000310
 5814.000000 0.372232 -2.373051 0.003034
 5815.000000 0.392298 -2.047198 0.002573
 5816.000000 0.316373 -2.437217 0.000813
 5817.000000 0.265155 -2.429346 0.001406
 5818.000000 0.150124 -2.830627 0.000537
 5819.000000 0.401883 -2.508371 0.001381
 5820.000000 0.397137 -2.507485 0.001039
 5821.000000 0.278216 -2.591537 0.001246
 5822.000000 0.435642 -2.668551 0.001207
 5823.000000 -1.586231 -2.843630 0.001292
 5824.000000 0.453082 -2.998638 0.000485
 5825.000000 0.407005 -2.289238 0.002169
 5826.000000 -0.585531 -2.646426 0.000439
 5827.000000 0.359141 -2.534658 0.000264
 5828.000000 -1.241389 -2.550225 0.000200
 5829.000000 -1.035247 -2.900529 0.001303
 5830.000000 0.284688 -2.773963 0.000392
 5831.000000 -0.306576 -2.587556 0.000769
 5832.000000 -0.232684 -3.044620 0.002037
 5833.000000 0.241565 -3.082878 0.000344
 5834.000000 0.378958 -2.283816 0.000143
 5835.000000 0.350295 2.522285 0.000179
 5836.000000 -1.626658 3.079811 0.000640
 5837.000000 0.590890 2.810581 0.000245
 5838.000000 0.536597 3.089795 0.001012
 5839.000000 0.455506 2.728584 0.000259
 5840.000000 -0.419575 -2.488154 0.000203
 5841.000000 0.855718 -3.039726 0.000630
 5842.000000 0.757062 -2.941593 0.000706
 5843.000000 1.167099 2.881935 0.001412
 5844.000000 1.406344 -1.896767 0.001525
 5845.000000 0.623756 -2.031765 0.001568
 5846.000000 0.286895 -2.028814 0.001637
 5847.000000 1.129957 -2.004290 0.001350
 5848.000000 0.232029 -2.343557 0.001860
 5849.000000 0.117507 -2.397864 0.001245
 5850.000000 0.440545 -2.501080 0.000509
 5851.000000 0.882527 -2.204717 0.001068
 5852.000000 0.506112 -2.906649 0.000560
 5853.000000 -0.395976 -2.684276 0.000244
 5854.000000 0.356140 -2.689009 0.000405
 5855.000000 -1.453450 -2.113528 0.000298
 5856.000000 1.158851 -2.678012 0.000510
 5857.000000 0.369798 3.088290 0.000222
 5858.000000 -1.387800 2.938306 0.000252
 5859.000000 1.210704 2.745943 0.001772
 5860.000000 1.480409 -2.900278 0.000176
 5861.000000 -0.358231 -2.918953 0.001334
 5862.000000 1.117706 -2.944736 0.000608
 5863.000000 0.395993 -2.720886 0.000664
 5864.000000 0.607440 -2.951644 0.000457
 5865.000000 -1.329477 -2.483966 0.001765
 5866.000000 -0.241959 -2.839752 0.000600
 5867.000000 0.045314 3.000658 0.000176
 5868.000000 -0.339383 -2.762704 0.000241
 5869.000000 0.523173 2.515397 0.000376
 5870.000000 0.368126 -2.796998 0.000118
 5871.000000 1.181370 2.975318 0.000622
 5872.000000 0.702377 -2.052232 0.000175
 5873.000000 0.533003 -2.813967 0.000804
 5874.000000 0.344818 2.493684 0.001183
 5875.000000 -0.291193 -2.901200 0.000207
 5876.000000 0.445451 2.755618 0.000159
 5877.000000 -0.580645 -3.067438 0.000335
 5878.000000 0.236539 -3.077802 0.000514
 5879.000000 0.474527 3.132634 0.000751
 5880.000000 -1.140355 2.673885 0.000725
 5881.000000 0.003851 -2.619043 0.000903
 5882.000000 -1.313744 3.064921 0.001653
 5883.000000 -1.468317 -2.770313 0.001412
 5884.000000 -0.233359 -2.782901 0.000223
 5885.000000 -0.402015 -2.470392 0.000380
 5886.000000 -0.004723 -2.974112 0.000483
 5887.000000 0.378066 -3.138044 0.000332
 5888.000000 -1.359834 -2.392324 0.000289
 5889.000000 0.196146 -1.980938 0.001809
 5890.000000 1.143971 -2.242930 0.001463
 5891.000000 1.088570 -2.658942 0.001203
 5892.000000 1.165820 -2.380148 0.000410
 5893.000000 1.178510 -2.680094 0.000908
 5894.000000 0.221961 -3.035820 0.000588
 5895.000000 0.080571 2.705248 0.000664
 5896.000000 0.087124 -2.382080 0.000483
 5897.000000 1.532484 -2.775944 0.000734
 5898.000000 0.262271 -2.519126 0.000458
 5899.000000 0.210135 2.658294 0.000930
 5900.000000 -0.307859 -2.789057 0.001548
 5901.000000 0.456015 2.842035 0.001939
 5902.000000 -0.508310 2.616881 0.001350
 5903.000000 1.259834 -2.388495 0.000228
 5904.000000 0.699659 -2.703010 0.001094
 5905.000000 0.298609 -2.171118 0.000341
 5906.000000 0.373896 2.597715 0.000677
 5907.000000 -0.276040 -2.006716 0.000254
 5908.000000 0.449189 -2.702215 0.001295
 5909.000000 0.317984 2.725977 0.001204
 5910.000000 0.442686 2.634268 0.001517
 5911.000000 0.368165 2.849322 0.001675
 5912.000000 2.001342 2.820871 0.000922
 5913.000000 -0.462786 3.079999 0.001911
 5914.000000 -0.349954 2.705799 0.001648
 5915.000000 -0.520737 2.817071 0.001419
 5916.000000 -0.374413 2.849778 0.001249
 5917.000000 -0.392615 -3.043678 0.000154
 5918.000000 1.115776 2.899810 0.000905
 5919.000000 1.604400 -2.728217 0.000783
 5920.000000 0.523390 2.822997 0.000472
 5921.000000 0.324822 -3.110517 0.000366
 5922.000000 -1.451179 2.891028 0.000495
 5923.000000 -0.396926 2.741539 0.000149
 5924.000000 0.280175 -1.380767 0.000875
 5925.000000 -0.600666 -2.176074 0.000917
 5926.000000 0.413738 -1.818930 0.000270
 5927.000000 -0.245243 2.843757 0.000270
 5928.000000 0.162744 -3.120577 0.000303
 5929.000000 0.422962 -2.256952 0.001232
 5930.000000 1.658511 2.648607 0.000411
 5931.000000 -1.121143 -2.955067 0.000911
 5932.000000 0.391134 -2.502338 0.001214
 5933.000000 0.367143 -2.181984 0.001017
 5934.000000 0.187466 2.739854 0.001035
 5935.000000 0.308748 2.688932 0.000670
 5936.000000 0.352942 2.792481 0.000599
 5937.000000 1.446943 -3.021251 0.000174
 5938.000000 -0.351847 -2.781487 0.000516
 5939.000000 -0.145716 -1.988253 0.000433
 5940.000000 0.010852 -2.955616 0.000706
 5941.000000 0.339036 -2.681163 0.000135
 5942.000000 0.515722 -2.584394 0.000499
 5943.000000 -1.372964 -2.473384 0.000210
 5944.000000 -0.176389 -2.637325 0.000265
 5945.000000 0.842715 -3.071215 0.000785
 5946.000000 -0.527049 2.745773 0.000332
 5947.000000 0.218574 -2.326962 0.000621
 5948.000000 0.306565 -2.519378 0.000251
 5949.000000 0.356885 -2.848083 0.001014
 5950.000000 -0.319567 -2.872469 0.000582
 5951.000000 -0.500024 -2.485304 0.001042
 5952.000000 0.480052 -3.030237 0.000629
 5953.000000 -1.786688 2.671796 0.000628
 5954.000000 0.380679 -2.609473 0.001137
 5955.000000 -0.108688 -2.386170 0.000803
 5956.000000 -1.387350 -2.994097 0.000623
 5957.000000 -0.241313 -2.481994 0.000232
 5958.000000 0.950752 2.689419 0.001692
 5959.000000 0.448628 3.126675 0.001196
 5960.000000 1.632185 -3.064690 0.001293
 5961.000000 -0.352265 2.787252 0.001379
 5962.000000 1.770172 -2.564179 0.000276
 5963.000000 0.408094 2.531328 0.000525
 5964.000000 1.659338 -2.257426 0.000400
 5965.000000 -0.348335 -2.911674 0.000994
 5966.000000 -0.222068 -2.745206 0.001423
 5967.000000 -0.417088 -2.703014 0.000360
 5968.000000 -0.342199 -2.712685 0.000693
 5969.000000 0.330990 -2.570315 0.000698
 5970.000000 -0.476447 -2.798568 0.000207
 5971.000000 1.100448 -2.454980 0.000187
 5972.000000 0.407677 -2.659585 0.000506
 5973.000000 0.037140 -2.981150 0.000303
 5974.000000 -1.951962 2.707485 0.000211
 5975.000000 0.314637 2.761674 0.000625
 5976.000000 -1.014457 -2.630912 0.000389
 5977.000000 0.203403 -2.745386 0.000705
 5978.000000 -0.672376 2.456225 0.000790
 5979.000000 -0.366950 2.723995 0.000339
 5980.000000 -1.520632 3.092169 0.000247
 5981.000000 0.027934 3.054009 0.000362
 5982.000000 0.227150 2.952559 0.000667
 5983.000000 1.131721 -2.635086 0.000235
 5984.000000 0.365597 2.987368 0.000812
 5985.000000 -1.572411 -1.891313 0.000747
 5986.000000 0.109738 2.540176 0.000719
 5987.000000 0.029901 -2.209699 0.000106
 5988.000000 1.118122 -3.081129 0.002001
 5989.000000 -0.409576 3.030006 0.000290
 5990.000000 1.480287 -3.051105 0.002457
 5991.000000 0.861709 -2.700881 0.000279
 5992.000000 -0.398285 -3.118035 0.000553
 5993.000000 -0.249122 -3.140755 0.001541
 5994.000000 0.434391 -2.966931 0.000243
 5995.000000 -1.660107 -2.568358 0.000290
 5996.000000 1.349155 -2.756758 0.000188
 5997.000000 -0.381506 -3.034928 0.000246
 5998.000000 0.602572 2.726298 0.000294
 5999.000000 -0.496644 2.539833 0.000300
 6000.000000 0.330675 -2.957608 0.001039
 6001.000000 -0.111833 2.888545 0.000489
 6002.000000 0.473287 -2.915085 0.000437
 6003.000000 -1.472781 -2.819693 0.000393
 6004.000000 1.139760 -2.550812 0.000286
 6005.000000 -0.353236 -2.899991 0.000784
 6006.000000 0.082549 -2.543385 0.000158
 6007.000000 0.458068 -3.041975 0.000183
 6008.000000 0.428265 -3.132841 0.000689
 6009.000000 0.521173 2.521110 0.000229
 6010.000000 0.166999 2.746373 0.000294
 6011.000000 0.443574 -2.843341 0.001443
 6012.000000 0.392002 2.898959 0.000760
 6013.000000 0.514482 -2.885047 0.001323
 6014.000000 0.070136 -2.845722 0.000255
 6015.000000 0.311996 -2.731152 0.000154
 6016.000000 0.315134 -2.783267 0.001717
 6017.000000 0.168583 -2.646399 0.000768
 6018.000000 -0.448371 -3.079606 0.000175
 6019.000000 -1.368757 -2.867254 0.000659
 6020.000000 1.311013 -2.583198 0.000835
 6021.000000 0.658906 -3.049621 0.000737
 6022.000000 0.416687 -2.785782 0.000419
 6023.000000 0.387597 -2.851778 0.002515
 6024.000000 -0.457157 2.379026 0.001943
 6025.000000 0.325608 -2.668531 0.000240
 6026.000000 0.331079 -2.780641 0.001325
 6027.000000 0.434077 -1.986190 0.000757
 6028.000000 0.231130 2.980913 0.001081
 6029.000000 0.187639 -2.195567 0.001591
 6030.000000 0.280350 -2.295711 0.001147
 6031.000000 -0.414878 -2.746365 0.000177
 6032.000000 0.379237 -2.333314 0.000478
 6033.000000 0.283888 -3.125185 0.000697
 6034.000000 1.448097 -2.780083 0.000092
 6035.000000 -0.428502 -2.287690 0.000324
 6036.000000 0.242626 -2.808216 0.000319
 6037.000000 0.283955 3.087489 0.000328
 6038.000000 -0.055771 -2.544891 0.000777
 6039.000000 -0.087190 -3.010514 0.001059
 6040.000000 0.104171 -2.311250 0.000322
 6041.000000 0.323162 -2.678107 0.001000
 6042.000000 -0.339025 -2.675875 0.000420
 6043.000000 -0.340039 -2.647972 0.000164
 6044.000000 -1.529221 2.737455 0.000664
 6045.000000 0.302082 -2.611080 0.000540
 6046.000000 0.167734 -2.182014 0.001099
 6047.000000 0.325126 -2.537356 0.002810
 6048.000000 0.285353 -2.598299 0.002786
 6049.000000 0.358130 -2.356134 0.002358
 6050.000000 0.095163 -2.150570 0.003062
 6051.000000 0.362088 -2.212757 0.001687
 6052.000000 0.293405 -2.492384 0.002054
 6053.000000 0.260105 -2.816480 0.003056
 6054.000000 0.370271 -2.171014 0.002485
 6055.000000 0.255025 -2.043300 0.002120
 6056.000000 0.337764 -2.639683 0.002993
 6057.000000 0.303398 -2.070036 0.001333
 6058.000000 0.359712 -2.513360 0.003309
 6059.000000 0.387220 -2.276090 0.002459
 6060.000000 0.536742 -1.853521 0.001202
 6061.000000 0.343822 -2.394562 0.001418
 6062.000000 0.269027 -2.533308 0.001731
 6063.000000 0.314375 -2.568845 0.002830
 6064.000000 0.335727 -2.415567 0.002480
 6065.000000 0.295621 -2.595195 0.002721
 6066.000000 0.415704 -1.993869 0.003003
 6067.000000 0.627293 -1.602685 0.000668
 6068.000000 0.282318 -2.659910 0.000688
 6069.000000 0.156576 -2.188595 0.000636
 6070.000000 0.256312 2.667204 0.002867
 6071.000000 0.493420 -2.568125 0.002839
 6072.000000 0.131065 -2.333796 0.001243
 6073.000000 -1.685674 2.954293 0.000888
 6074.000000 -1.123701 2.902091 0.000293
 6075.000000 -0.322595 2.541953 0.001802
 6076.000000 1.351189 -2.476785 0.001384
 6077.000000 1.499709 2.523729 0.001786
 6078.000000 0.075114 2.898982 0.001210
 6079.000000 1.481089 2.645748 0.001471
 6080.000000 -0.453900 2.317454 0.002296
 6081.000000 1.047533 2.430673 0.001591
 6082.000000 -0.173715 2.705192 0.000902
 6083.000000 -0.384098 2.729354 0.001310
 6084.000000 1.140884 -2.904567 0.001454
 6085.000000 0.548016 -2.969643 0.001514
 6086.000000 -1.466440 -3.137724 0.001333
 6087.000000 0.418816 -2.655413 0.000220
 6088.000000 1.409288 -2.778503 0.000546
 6089.000000 1.713568 -2.957853 0.000213
 6090.000000 1.046203 -2.604593 0.000186
 6091.000000 -0.044582 -2.836493 0.000194
 6092.000000 0.541899 -2.649726 0.000143
 6093.000000 0.541567 -2.763453 0.000928
 6094.000000 0.713034 -2.592052 0.000461
 6095.000000 1.294671 -2.853467 0.001692
 6096.000000 0.390488 -3.131879 0.000886
 6097.000000 0.245140 3.075596 0.000766
 6098.000000 0.089290 -2.535528 0.000803
 6099.000000 0.376900 -2.315373 0.000468
 6100.000000 0.157567 -2.435930 0.000550
 6101.000000 1.201530 -2.488765 0.000807
 6102.000000 1.366090 -2.765267 0.000140
 6103.000000 0.154695 2.887160 0.000595
 6104.000000 0.016970 -2.725886 0.000242
 6105.000000 0.467489 -2.933838 0.000158
 6106.000000 0.374417 -2.548346 0.000259
 6107.000000 0.785403 -2.914245 0.000317
 6108.000000 -0.280589 2.950451 0.000788
 6109.000000 1.249512 2.838790 0.000558
 6110.000000 -1.294198 -2.266234 0.000301
 6111.000000 0.616582 -2.606378 0.000249
 6112.000000 0.361962 -2.693429 0.001612
 6113.000000 -1.536202 -2.998003 0.000306
 6114.000000 -0.948850 -2.815474 0.001181
 6115.000000 0.327071 -2.474285 0.000647
 6116.000000 0.269415 -2.448421 0.001223
 6117.000000 0.418995 -2.742259 0.002155
 6118.000000 0.239558 -2.093539 0.002690
 6119.000000 0.270044 -2.153040 0.003819
 6120.000000 0.400639 -2.210256 0.004330
 6121.000000 0.421079 -2.558655 0.005514
 6122.000000 0.385383 -2.256970 0.004237
 6123.000000 0.105595 -1.571338 0.003073
 6124.000000 0.386878 -2.260263 0.003980
 6125.000000 0.061844 -2.322658 0.001928
 6126.000000 0.362976 -2.111725 0.001988
 6127.000000 0.229869 -2.414293 0.002141
 6128.000000 0.018787 -2.321062 0.003232
 6129.000000 0.341178 -2.400410 0.002849
 6130.000000 0.220154 -2.858487 0.003530
 6131.000000 0.342530 -2.210284 0.003135
 6132.000000 0.348884 -2.731529 0.001607
 6133.000000 0.391367 -2.478429 0.002211
 6134.000000 0.261948 -1.601128 0.001858
 6135.000000 0.315928 -2.461078 0.003233
 6136.000000 0.277921 -2.428373 0.003996
 6137.000000 0.436029 -2.532552 0.003753
 6138.000000 0.275860 -2.449697 0.004061
 6139.000000 0.201465 -1.789417 0.003130
 6140.000000 0.311189 -2.399917 0.003088
 6141.000000 0.442727 -2.127971 0.002218
 6142.000000 0.196239 -2.112463 0.002819
 6143.000000 0.306678 -1.960846 0.002051
 6144.000000 0.254861 -2.120110 0.002213
 6145.000000 0.122208 -1.599742 0.002211
 6146.000000 0.325597 -1.725779 0.002990
 6147.000000 -0.864887 -2.519420 0.000157
 6148.000000 0.262890 -2.812028 0.000115
 6149.000000 -0.457996 2.802753 0.000996
 6150.000000 0.195731 -2.827733 0.000266
 6151.000000 0.377235 -2.760808 0.000336
 6152.000000 0.369199 2.898609 0.000448
 6153.000000 0.471717 -2.230646 0.001031
 6154.000000 0.117144 -2.416817 0.000426
 6155.000000 0.310411 -2.374471 0.000897
 6156.000000 0.244960 -1.903500 0.001947
 6157.000000 0.281787 -2.456278 0.002710
 6158.000000 0.285472 -2.153714 0.002421
 6159.000000 0.374470 -2.138549 0.002204
 6160.000000 0.392870 -2.310592 0.002471
 6161.000000 0.317611 -2.068998 0.003487
 6162.000000 0.356318 -2.535261 0.002010
 6163.000000 0.254947 -2.081028 0.001175
 6164.000000 0.474069 -2.553051 0.003381
 6165.000000 0.471192 -2.268634 0.000977
 6166.000000 0.430066 -2.674427 0.000328
 6167.000000 0.197602 -1.801160 0.002668
 6168.000000 -0.338873 -2.457141 0.002268
 6169.000000 0.182000 -1.892217 0.000705
 6170.000000 1.207180 2.315939 0.000578
 6171.000000 -1.390863 -2.904856 0.000541
 6172.000000 -0.305963 -2.672256 0.000267
 6173.000000 -0.088064 -2.847367 0.001068
 6174.000000 -1.748643 2.648961 0.000207
 6175.000000 -0.399637 -2.844106 0.001845
 6176.000000 0.623830 -2.906178 0.000996
 6177.000000 -0.493852 -2.761767 0.001054
 6178.000000 -0.453047 -2.595564 0.001012
 6179.000000 0.482898 3.140456 0.000185
 6180.000000 0.455418 -2.739923 0.000736
 6181.000000 0.767243 -2.703975 0.000248
 6182.000000 1.114690 -2.423812 0.000306
 6183.000000 0.353858 -1.998100 0.000212
 6184.000000 0.092845 -2.610543 0.000254
 6185.000000 -0.469562 -2.710403 0.000427
 6186.000000 -1.107502 -2.792200 0.001399
 6187.000000 1.134750 -2.399787 0.001014
 6188.000000 -0.413635 -2.514357 0.000634
 6189.000000 1.426812 -2.821093 0.000685
 6190.000000 -0.109351 -2.781102 0.000966
 6191.000000 1.477511 -2.825701 0.000277
 6192.000000 1.030870 -2.757376 0.000403
 6193.000000 0.225977 2.808618 0.000225
 6194.000000 -1.626875 2.835198 0.000550
 6195.000000 0.004853 2.201202 0.000530
 6196.000000 -1.380722 -3.039427 0.000383
 6197.000000 -0.213212 -2.200519 0.000887
 6198.000000 -0.187312 -2.791824 0.001251
 6199.000000 0.384259 -2.736853 0.000429
 6200.000000 0.307294 3.121811 0.001258
 6201.000000 0.278024 -2.943577 0.001011
 6202.000000 0.056067 3.114950 0.001291
 6203.000000 0.372405 -3.045651 0.001045
 6204.000000 -0.015223 2.939933 0.002063
 6205.000000 0.488869 2.492699 0.000351
 6206.000000 0.066734 2.761170 0.001001
 6207.000000 1.106964 -2.402771 0.000298
 6208.000000 0.300830 -2.808150 0.000306
 6209.000000 0.069830 -2.713809 0.000970
 6210.000000 0.529885 2.989820 0.000644
 6211.000000 0.415140 -3.108084 0.000615
 6212.000000 1.371573 -2.480766 0.000424
 6213.000000 -0.300439 -2.766305 0.000514
 6214.000000 -0.055951 -3.104438 0.000311
 6215.000000 0.450364 2.856215 0.000537
 6216.000000 -1.513219 -2.990606 0.000229
 6217.000000 -0.355972 -2.889537 0.000252
 6218.000000 0.455935 2.438695 0.000347
 6219.000000 1.292743 2.717613 0.000353
 6220.000000 0.497651 -2.736725 0.000286
 6221.000000 0.315981 -2.823780 0.000759
 6222.000000 0.309752 -2.513088 0.000403
 6223.000000 0.251943 -3.056038 0.000267
 6224.000000 -1.044910 -3.013386 0.000886
 6225.000000 0.232454 2.705883 0.000704
 6226.000000 -0.086005 -2.909179 0.001018
 6227.000000 1.650392 2.907178 0.000287
 6228.000000 -0.004771 -2.484166 0.000637
 6229.000000 -0.666252 -2.755745 0.000459
 6230.000000 0.385795 -2.734805 0.001399
 6231.000000 -0.177665 -2.158974 0.002167
 6232.000000 0.281573 -1.933599 0.001949
 6233.000000 0.230627 -2.289728 0.001103
 6234.000000 0.282080 -2.055701 0.003517
 6235.000000 0.306369 -2.598987 0.002468
 6236.000000 0.250452 -2.453502 0.004385
 6237.000000 0.397366 -2.440702 0.002999
 6238.000000 0.437459 -2.303597 0.004236
 6239.000000 0.398604 -2.549228 0.004454
 6240.000000 0.001829 -2.438265 0.002880
 6241.000000 -0.579881 3.120216 0.000867
 6242.000000 0.302233 -2.402960 0.000320
 6243.000000 0.300623 2.730052 0.000285
 6244.000000 0.264998 -2.631701 0.000311
 6245.000000 -0.310103 -2.745589 0.000858
 6246.000000 -0.340707 -2.836628 0.000649
 6247.000000 0.440936 -2.651758 0.000866
 6248.000000 -1.203538 -1.682905 0.000482
 6249.000000 -1.598356 -2.606223 0.000231
 6250.000000 0.353645 -2.229107 0.000899
 6251.000000 -0.501461 2.774724 0.000593
 6252.000000 0.117470 -2.725210 0.001807
 6253.000000 1.288456 -2.528517 0.000435
 6254.000000 0.394266 1.759638 0.000270
 6255.000000 0.287047 -2.793866 0.001052
 6256.000000 -0.418763 2.251506 0.000440
 6257.000000 -0.343849 -3.023272 0.001115
 6258.000000 0.381950 3.026467 0.000642
 6259.000000 -0.345327 -2.266755 0.000158
 6260.000000 -1.057741 2.742143 0.000120
 6261.000000 0.108550 -2.115728 0.000071
 6262.000000 0.442058 -2.569396 0.000719
 6263.000000 -1.279028 -2.898937 0.000711
 6264.000000 0.254126 -2.940715 0.001163
 6265.000000 -0.322182 -2.728556 0.000323
 6266.000000 0.194376 -2.894438 0.000414
 6267.000000 -0.336284 -2.739817 0.000595
 6268.000000 -0.297093 -2.552847 0.001162
 6269.000000 -0.294682 -2.700097 0.000120
 6270.000000 0.359262 2.706874 0.000434
 6271.000000 0.326660 3.009955 0.000535
 6272.000000 0.099887 -2.643438 0.000427
 6273.000000 1.620022 -2.729935 0.000817
 6274.000000 -0.420004 -2.941392 0.000604
 6275.000000 -1.111556 2.662121 0.000268
 6276.000000 -1.436245 -2.531416 0.000363
 6277.000000 -0.232322 -3.003275 0.000723
 6278.000000 0.370525 -3.095669 0.000324
 6279.000000 0.253816 2.742259 0.000633
 6280.000000 -0.242925 -2.652824 0.000546
 6281.000000 0.467075 -3.041217 0.000190
 6282.000000 1.186900 -2.701780 0.001066
 6283.000000 -0.184509 2.832775 0.000225
 6284.000000 -0.292090 2.887385 0.002827
 6285.000000 0.375048 -2.390794 0.000098
 6286.000000 0.397194 -2.908847 0.000130
 6287.000000 0.247748 -2.468546 0.000540
 6288.000000 -1.445402 -2.649501 0.000246
 6289.000000 0.422606 -3.041870 0.000497
 6290.000000 0.666419 -1.589194 0.000226
 6291.000000 0.285532 -2.404717 0.000209
 6292.000000 -0.230768 -2.577371 0.000098
 6293.000000 -0.296609 -2.744180 0.000267
 6294.000000 -0.067923 -2.756787 0.000344
 6295.000000 0.061223 -2.751851 0.000090
 6296.000000 1.083700 -2.185571 0.000697
 6297.000000 -1.064307 -2.258847 0.000254
 6298.000000 -1.223383 -2.383355 0.000282
 6299.000000 0.046077 -3.049027 0.000680
 6300.000000 -1.396314 2.946847 0.000849
 6301.000000 -0.904803 -2.875912 0.000831
 6302.000000 0.644223 -2.253429 0.000788
 6303.000000 0.666027 -2.323899 0.001060
 6304.000000 1.066381 -2.274626 0.000921
 6305.000000 0.349498 -1.883145 0.001191
 6306.000000 1.104652 -1.284488 0.000600
 6307.000000 1.439394 -2.085777 0.000462
 6308.000000 0.460757 -2.115723 0.000345
 6309.000000 0.363682 -1.500825 0.000396
 6310.000000 0.877482 -2.130368 0.000827
 6311.000000 0.362124 -2.497652 0.000862
 6312.000000 1.045393 -1.599104 0.001284
 6313.000000 0.958256 -2.443952 0.002193
 6314.000000 0.809932 -2.862333 0.001076
 6315.000000 -0.557500 -1.871094 0.001061
 6316.000000 0.849710 -2.589009 0.001402
 6317.000000 1.118555 -1.962627 0.000183
 6318.000000 1.072670 -2.811858 0.000315
 6319.000000 1.114796 -1.770332 0.000750
 6320.000000 -0.268498 2.868892 0.000181
 6321.000000 -1.074687 2.885462 0.001386
 6322.000000 0.709557 3.135153 0.000936
 6323.000000 0.844966 -2.921804 0.001136
 6324.000000 0.461221 2.983589 0.000516
 6325.000000 0.381475 2.832867 0.000443
 6326.000000 -0.300215 2.847351 0.000815
 6327.000000 0.437014 -3.075841 0.001520
 6328.000000 -0.457108 3.008216 0.001132
 6329.000000 -0.462903 -2.635912 0.000189
 6330.000000 -1.554390 2.952019 0.000377
 6331.000000 0.112049 2.687145 0.000252
 6332.000000 -1.527667 -2.958440 0.000336
 6333.000000 0.494926 -2.890552 0.000726
 6334.000000 0.418024 3.098967 0.000122
 6335.000000 0.584859 -2.856599 0.000414
 6336.000000 0.356907 -2.953126 0.000253
 6337.000000 0.694571 -2.662959 0.000075
 6338.000000 0.421802 2.628507 0.000781
 6339.000000 -0.482507 2.929058 0.000585
 6340.000000 0.978378 2.986040 0.000325
 6341.000000 0.196167 2.790530 0.000483
 6342.000000 -1.429267 -2.002032 0.000718
 6343.000000 -0.471167 2.970002 0.000424
 6344.000000 0.326180 -2.522105 0.001018
 6345.000000 -1.252145 -3.078937 0.000592
 6346.000000 -1.331708 -2.811780 0.000104
 6347.000000 -0.232451 -2.619513 0.000420
 6348.000000 0.660007 -2.900339 0.000433
 6349.000000 0.700199 -2.774655 0.000240
 6350.000000 0.189345 -2.589497 0.001093
 6351.000000 0.282538 2.983606 0.000171
 6352.000000 -1.296456 -2.791434 0.000482
 6353.000000 0.512585 -2.263658 0.000458
 6354.000000 0.334063 -2.521763 0.000211
 6355.000000 0.438963 -2.812142 0.000302
 6356.000000 0.396468 -2.968359 0.000183
 6357.000000 1.618912 -2.837596 0.000189
 6358.000000 0.168493 -2.984211 0.000247
 6359.000000 -1.516077 -2.773524 0.000864
 6360.000000 0.348998 -2.663713 0.001337
 6361.000000 0.306996 -2.344307 0.000638
 6362.000000 -1.375684 2.493119 0.000437
 6363.000000 0.411388 2.677546 0.000745
 6364.000000 -1.232950 2.896537 0.001111
 6365.000000 0.235260 -2.858969 0.000823
 6366.000000 -1.481568 -2.948248 0.000247
 6367.000000 -1.495936 -2.793422 0.000286
 6368.000000 -0.009638 -2.872567 0.000421
 6369.000000 0.349970 -2.026526 0.000287
 6370.000000 0.309242 -2.057750 0.000843
 6371.000000 -0.519146 -2.181709 0.000620
 6372.000000 -0.288943 -2.665339 0.000298
 6373.000000 0.025817 -2.680250 0.000308
 6374.000000 -0.079963 -2.629497 0.000297
 6375.000000 -0.305125 -2.594679 0.000295
 6376.000000 -1.699368 -2.647780 0.000734
 6377.000000 -1.278983 -2.992920 0.001219
 6378.000000 -1.415111 -2.491694 0.000088
 6379.000000 1.353044 -2.634159 0.000453
 6380.000000 0.673752 -2.684212 0.001393
 6381.000000 -0.166764 -2.389763 0.001012
 6382.000000 0.522449 2.922638 0.000098
 6383.000000 1.509710 -2.792081 0.000498
 6384.000000 -0.517183 -2.777374 0.000452
 6385.000000 -1.923703 2.633452 0.001004
 6386.000000 0.815154 -1.697896 0.000211
 6387.000000 -1.505920 -3.111009 0.000806
 6388.000000 0.406504 2.881426 0.000803
 6389.000000 0.500193 2.536575 0.001207
 6390.000000 1.261433 -2.756811 0.000523
 6391.000000 1.391079 -2.608808 0.000530
 6392.000000 0.980902 -2.887767 0.000873
 6393.000000 0.361997 -3.138540 0.000190
 6394.000000 -0.485056 -2.496492 0.000342
 6395.000000 0.429659 -2.518650 0.000427
 6396.000000 -0.012686 -2.584087 0.000245
 6397.000000 -0.197776 3.035199 0.003578
 6398.000000 0.399887 -2.802796 0.003532
 6399.000000 1.186608 2.620250 0.003069
 6400.000000 -0.311007 -2.913119 0.006438
 6401.000000 1.668193 -3.071007 0.003021
 6402.000000 1.786818 2.441602 0.002996
 6403.000000 -0.345631 2.651555 0.002282
 6404.000000 -0.343412 3.057658 0.002737
 6405.000000 1.212816 2.658039 0.003075
 6406.000000 1.428933 2.718919 0.002614
 6407.000000 1.336632 2.553171 0.003760
 6408.000000 -0.100774 2.677550 0.002918
 6409.000000 1.089264 -2.921093 0.003139
 6410.000000 -0.128866 2.790786 0.003612
 6411.000000 0.978852 3.075183 0.002949
 6412.000000 -0.467445 3.001107 0.003580
 6413.000000 -0.455593 2.689077 0.003169
 6414.000000 -0.271143 -2.998806 0.003374
 6415.000000 1.083272 2.942653 0.003399
 6416.000000 -0.535082 2.855824 0.002521
 6417.000000 -0.330059 2.710315 0.002790
 6418.000000 -0.347977 2.566910 0.003774
 6419.000000 -0.449869 3.022709 0.003383
 6420.000000 -0.498356 2.923000 0.003720
 6421.000000 -0.415516 2.762887 0.003560
 6422.000000 -0.357564 -2.996639 0.003149
 6423.000000 -0.489769 2.271327 0.003096
 6424.000000 -0.292441 2.367393 0.003124
 6425.000000 1.434115 2.663797 0.002863
 6426.000000 1.238024 -2.956591 0.003170
 6427.000000 -0.390665 2.881685 0.003169
 6428.000000 1.297669 2.277567 0.003259
 6429.000000 -0.389349 -3.136286 0.003508
 6430.000000 0.924857 2.681046 0.002963
 6431.000000 -0.444888 3.119250 0.003096
 6432.000000 -0.246318 2.885487 0.002952
 6433.000000 -0.477382 3.002739 0.003179
 6434.000000 -0.206065 2.672130 0.003193
 6435.000000 -0.384911 -2.985048 0.003159
 6436.000000 -0.357536 2.776764 0.003867
 6437.000000 1.155212 2.635675 0.003199
 6438.000000 -0.405947 -3.135310 0.003092
 6439.000000 1.652077 3.127847 0.003003
 6440.000000 -0.356939 2.794630 0.003873
 6441.000000 -0.168715 2.821513 0.003271
 6442.000000 1.130333 2.128327 0.003771
 6443.000000 -0.090789 2.433063 0.003072
 6444.000000 -0.459983 -2.951966 0.003242
 6445.000000 1.421570 2.697343 0.001900
 6446.000000 -0.476639 2.763088 0.003108
 6447.000000 1.358581 2.896620 0.002487
 6448.000000 1.182582 2.576427 0.003084
 6449.000000 -0.217055 -2.836233 0.002667
 6450.000000 1.376529 2.570205 0.002684
 6451.000000 2.111347 2.971848 0.003063
 6452.000000 -0.207080 2.580688 0.003332
 6453.000000 1.194875 2.667549 0.002863
 6454.000000 -0.264253 2.666169 0.003449
 6455.000000 1.549683 2.771040 0.003528
 6456.000000 -0.355897 2.604147 0.003180
 6457.000000 -0.385733 2.664081 0.003112
 6458.000000 -0.377283 2.621562 0.003177
 6459.000000 0.785184 2.791158 0.002632
 6460.000000 -0.349423 2.536291 0.003451
 6461.000000 1.742569 2.840931 0.002853
 6462.000000 -0.068975 -3.096691 0.002986
 6463.000000 1.308177 2.862151 0.002983
 6464.000000 -0.452869 3.007211 0.003287
 6465.000000 -0.268888 2.919141 0.003202
 6466.000000 -0.390502 2.758275 0.003287
 6467.000000 -0.248355 2.665148 0.003293
 6468.000000 1.606166 2.498100 0.002772
 6469.000000 -0.427743 2.291828 0.003633
 6470.000000 -0.417317 3.103198 0.002897
 6471.000000 -0.305526 2.765123 0.002973
 6472.000000 -0.233210 2.936667 0.002977
 6473.000000 -0.372209 -2.901893 0.002489
 6474.000000 -0.395603 2.697348 0.002596
 6475.000000 -0.352691 2.765854 0.003778
 6476.000000 -0.428511 2.485571 0.003268
 6477.000000 2.226229 3.104714 0.002950
 6478.000000 -0.411105 2.640458 0.002553
 6479.000000 -0.439296 3.066754 0.002489
 6480.000000 -0.298010 2.981549 0.003374
 6481.000000 -0.330448 3.091329 0.003341
 6482.000000 1.412904 2.568754 0.002943
 6483.000000 -1.546768 -2.414807 0.001364
 6484.000000 0.536054 -2.695790 0.000992
 6485.000000 0.428519 -2.524424 0.000869
 6486.000000 -1.443527 -2.267672 0.001035
 6487.000000 0.302674 -2.493559 0.000921
 6488.000000 -0.435378 -2.321674 0.000961
 6489.000000 -0.286446 -2.737539 0.000839
 6490.000000 0.491950 -2.568179 0.001609
 6491.000000 0.470254 -2.762975 0.001012
 6492.000000 0.362217 -2.949064 0.001610
 6493.000000 0.430801 2.738959 0.001413
 6494.000000 0.557713 -2.249697 0.001729
 6495.000000 -0.094126 -2.530112 0.000200
 6496.000000 -0.659307 2.874591 0.001141
 6497.000000 -0.013626 -2.790870 0.000170
 6498.000000 0.019592 -1.594883 0.000445
 6499.000000 0.363570 -2.134016 0.000432
 6500.000000 0.361748 -1.877724 0.001128
 6501.000000 0.536535 -2.730330 0.000559
 6502.000000 0.305535 -2.631841 0.000382
 6503.000000 -1.192566 2.740292 0.000566
 6504.000000 0.356273 3.044488 0.000208
 6505.000000 -0.284919 -2.638601 0.000361
 6506.000000 0.282654 -2.166911 0.001459
 6507.000000 0.143816 -2.866325 0.000410
 6508.000000 0.402544 -2.261014 0.004763
 6509.000000 0.683054 -1.954289 0.004082
 6510.000000 0.402810 -2.094440 0.004713
 6511.000000 0.427022 -2.326896 0.004072
 6512.000000 0.282283 -2.414915 0.005676
 6513.000000 0.471051 -2.726049 0.000476
 6514.000000 0.244872 -2.988539 0.000353
 6515.000000 1.694820 2.630265 0.000198
 6516.000000 0.487641 -2.721266 0.000168
 6517.000000 0.404244 -2.298752 0.000190
 6518.000000 -0.055647 -2.934293 0.000639
 6519.000000 0.200240 -2.520748 0.000638
 6520.000000 0.236321 -1.965632 0.000687
 6521.000000 0.128596 -2.630481 0.000570
 6522.000000 0.082129 -2.764517 0.000483
 6523.000000 0.269270 -2.939270 0.000432
 6524.000000 0.078960 -3.003835 0.000383
 6525.000000 0.149035 -2.947809 0.000407
 6526.000000 0.338481 -2.977689 0.000444
 6527.000000 0.204852 -2.801480 0.000510
 6528.000000 -0.003155 -2.618903 0.000659
 6529.000000 0.067504 -2.907204 0.000568
 6530.000000 0.394527 -2.284699 0.001074
 6531.000000 0.270052 -2.710644 0.001596
 6532.000000 0.433700 -2.679930 0.000350
 6533.000000 0.115999 -2.753792 0.000808
 6534.000000 -0.309714 2.712059 0.000302
 6535.000000 0.281535 -2.903485 0.000909
 6536.000000 0.537840 -3.015957 0.000434
 6537.000000 -1.642658 -2.929660 0.001228
 6538.000000 -1.012417 -2.746178 0.000737
 6539.000000 0.214103 -1.670771 0.000200
 6540.000000 0.364376 -2.634328 0.000665
 6541.000000 0.216258 -2.708910 0.000985
 6542.000000 0.234638 -3.124463 0.000302
 6543.000000 0.335574 -2.829791 0.000143
 6544.000000 0.536370 2.858332 0.000435
 6545.000000 0.344179 -3.025387 0.001916
 6546.000000 0.183966 2.672148 0.000439
 6547.000000 0.402188 2.268336 0.000330
 6548.000000 -1.502470 -2.902280 0.000507
 6549.000000 1.487825 -2.706867 0.000557
 6550.000000 0.334779 -3.081874 0.000771
 6551.000000 -0.323407 -2.989859 0.000288
 6552.000000 -0.018236 -2.662237 0.000418
 6553.000000 -0.336302 -3.041133 0.000284
 6554.000000 0.343703 3.096013 0.000288
 6555.000000 0.497905 2.620306 0.000524
 6556.000000 0.745879 -2.537959 0.000355
 6557.000000 0.295018 -2.798276 0.000428
 6558.000000 0.127299 -2.597742 0.000788
 6559.000000 0.393735 -1.529573 0.000464
 6560.000000 -0.444025 -2.459710 0.001547
 6561.000000 0.431583 -2.963562 0.000850
 6562.000000 0.940799 -2.663521 0.000179
 6563.000000 -1.453144 2.800285 0.000961
 6564.000000 -1.280640 2.895588 0.001373
 6565.000000 0.294975 2.774643 0.001024
 6566.000000 1.081802 -2.378473 0.000165
 6567.000000 0.094017 2.712440 0.000655
 6568.000000 -1.892696 -3.024923 0.001313
 6569.000000 0.497151 -2.019781 0.000686
 6570.000000 -1.058577 -2.749715 0.000784
 6571.000000 0.509145 -2.624005 0.000377
 6572.000000 0.394779 2.486335 0.000599
 6573.000000 0.292528 -3.048195 0.000181
 6574.000000 0.254521 -2.828046 0.000223
 6575.000000 0.442806 -3.101881 0.000801
 6576.000000 0.466699 -3.014022 0.000360
 6577.000000 -1.251118 2.821948 0.001251
 6578.000000 0.524672 -2.717981 0.000732
 6579.000000 0.745077 -2.898742 0.000873
 6580.000000 0.327765 2.799950 0.000225
 6581.000000 0.522861 -2.661673 0.000150
 6582.000000 -1.442299 2.587094 0.000478
 6583.000000 0.344010 -2.728321 0.000317
 6584.000000 -0.404079 -2.620009 0.000393
 6585.000000 -1.451923 -2.583847 0.000250
 6586.000000 0.819988 2.737444 0.000104
 6587.000000 0.459510 -2.865243 0.000787
 6588.000000 -0.366316 -2.547969 0.000154
 6589.000000 1.704535 -2.939730 0.000347
 6590.000000 -0.322528 -2.441287 0.000174
 6591.000000 0.505587 -2.342243 0.000611
 6592.000000 1.208591 -2.535631 0.000286
 6593.000000 -0.901812 -2.820903 0.000090
 6594.000000 -1.286153 -2.931368 0.001167
 6595.000000 0.340578 2.714414 0.000618
 6596.000000 0.487759 -3.005858 0.000559
 6597.000000 0.304916 -2.769787 0.000638
 6598.000000 0.283570 -2.773344 0.000481
 6599.000000 -0.411546 2.786931 0.000127
 6600.000000 0.365003 -2.990718 0.001010
 6601.000000 0.453487 -2.704756 0.000779
 6602.000000 -1.062104 -2.689648 0.000954
 6603.000000 -1.447169 -2.878290 0.001301
 6604.000000 0.467149 2.788477 0.000413
 6605.000000 -1.446573 -3.010767 0.000981
 6606.000000 -1.532455 -2.732431 0.000975
 6607.000000 1.342276 2.814856 0.000563
 6608.000000 0.396966 2.744521 0.000732
 6609.000000 0.667144 -2.322260 0.001443
 6610.000000 0.233517 -2.968393 0.000397
 6611.000000 -0.262700 -2.715079 0.000971
 6612.000000 0.652543 -2.685989 0.000099
 6613.000000 -0.324062 3.137347 0.000327
 6614.000000 0.254559 -2.416610 0.000587
 6615.000000 1.004012 -3.110910 0.000306
 6616.000000 -0.200835 -2.769248 0.000113
 6617.000000 0.403513 2.657221 0.000340
 6618.000000 -0.345924 2.330962 0.000295
 6619.000000 -1.569006 -2.593449 0.000230
 6620.000000 -0.179172 3.042044 0.000575
 6621.000000 0.293304 -2.679635 0.000377
 6622.000000 0.488771 -2.438948 0.000424
 6623.000000 0.461962 -2.775123 0.000839
 6624.000000 0.258711 -2.557293 0.000622
 6625.000000 -0.247979 -2.830139 0.000322
 6626.000000 -1.409773 -2.631469 0.000674
 6627.000000 -0.073387 -3.011748 0.000573
 6628.000000 0.623708 -2.652735 0.000480
 6629.000000 -1.355960 -2.849426 0.000565
 6630.000000 1.105477 -2.199596 0.000544
 6631.000000 0.387298 -2.764742 0.000508
 6632.000000 0.174326 -2.366937 0.000508
 6633.000000 -0.235738 -2.786527 0.000522
 6634.000000 -1.630242 -2.780557 0.000979
 6635.000000 -1.926246 2.970964 0.000972
 6636.000000 -1.385804 3.028504 0.000903
 6637.000000 0.340273 -2.930162 0.001716
 6638.000000 0.461833 2.997427 0.001866
 6639.000000 0.365134 -3.033859 0.002319
 6640.000000 0.400594 -2.990198 0.001534
 6641.000000 0.493056 -2.831840 0.001468
 6642.000000 0.299400 3.105319 0.002060
 6643.000000 0.378250 3.032926 0.001763
 6644.000000 0.311966 -2.855070 0.001673
 6645.000000 -1.609014 -3.141410 0.001978
 6646.000000 -1.492689 -2.886492 0.001778
 6647.000000 0.530102 -3.125816 0.001484
 6648.000000 -0.688020 -3.115896 0.000929
 6649.000000 -0.419191 -2.632793 0.000346
 6650.000000 0.163715 2.737848 0.000215
 6651.000000 0.349891 -0.796677 0.000785
 6652.000000 1.462224 -2.286888 0.000377
 6653.000000 -2.533086 -2.628100 0.000451
 6654.000000 1.330982 -3.035280 0.001074
 6655.000000 -1.588359 -2.442583 0.000435
 6656.000000 0.258204 -2.688269 0.000455
 6657.000000 1.168952 -2.663816 0.000343
 6658.000000 -1.762833 -2.442624 0.000365
 6659.000000 1.188368 -2.668222 0.000559
 6660.000000 0.935298 -2.723199 0.000627
 6661.000000 0.295701 -2.726890 0.000322
 6662.000000 0.490920 -2.066774 0.001528
 6663.000000 -1.171044 -1.720190 0.001627
 6664.000000 -0.014127 3.085533 0.000206
 6665.000000 0.207891 -2.826877 0.000101
 6666.000000 0.450632 3.077359 0.000167
 6667.000000 -1.422633 -2.797085 0.000243
 6668.000000 -1.324486 2.911707 0.000729
 6669.000000 0.455399 -3.096402 0.000252
 6670.000000 1.619506 2.584609 0.000987
 6671.000000 0.426770 2.859525 0.001426
 6672.000000 0.426678 -2.212212 0.000859
 6673.000000 0.271381 3.024941 0.000114
 6674.000000 0.295716 2.361793 0.000157
 6675.000000 0.027177 -2.713297 0.000733
 6676.000000 0.014608 -2.266807 0.000257
 6677.000000 1.578776 -2.653187 0.000588
 6678.000000 -0.497126 -2.225899 0.000909
 6679.000000 -0.374867 2.796513 0.000368
 6680.000000 0.262105 -2.842425 0.001794
 6681.000000 0.312649 -3.098422 0.001063
 6682.000000 0.257783 -2.689538 0.000222
 6683.000000 -1.688667 -2.436461 0.000728
 6684.000000 0.117848 2.667574 0.000551
 6685.000000 -1.444135 -1.858480 0.000529
 6686.000000 0.519474 -2.722635 0.000624
 6687.000000 0.566269 2.681534 0.000576
 6688.000000 0.349144 3.130979 0.000513
 6689.000000 -0.462343 2.692729 0.000687
 6690.000000 0.337768 -2.113923 0.000821
 6691.000000 -0.489629 -2.564445 0.000335
 6692.000000 1.343374 3.047992 0.000853
 6693.000000 1.152489 -2.835049 0.000912
 6694.000000 1.673752 -3.107460 0.001005
 6695.000000 -0.012967 2.645372 0.001149
 6696.000000 -1.241409 2.931099 0.000554
 6697.000000 -1.309318 2.736266 0.001105
 6698.000000 0.423076 2.210708 0.000429
 6699.000000 -1.235379 2.997025 0.000111
 6700.000000 0.086474 2.880084 0.000247
 6701.000000 0.053356 -2.670187 0.000716
 6702.000000 0.392341 -2.389954 0.000511
 6703.000000 0.334522 -3.065153 0.002178
 6704.000000 -0.126720 -3.038008 0.000277
 6705.000000 0.238533 -2.209133 0.000382
 6706.000000 0.455162 2.943961 0.000256
 6707.000000 0.406307 2.813120 0.000473
 6708.000000 0.318866 -2.822356 0.000685
 6709.000000 0.423382 -2.679790 0.000635
 6710.000000 -0.159006 -2.514014 0.000329
 6711.000000 -1.525628 -2.942003 0.000102
 6712.000000 0.305860 -2.827996 0.000306
 6713.000000 -0.407105 3.062796 0.000961
 6714.000000 -1.138761 2.812261 0.001191
 6715.000000 0.887968 2.951420 0.000121
 6716.000000 0.388263 -2.678013 0.000810
 6717.000000 1.247789 -2.284269 0.000206
 6718.000000 0.540052 -2.892387 0.000231
 6719.000000 0.476471 -2.682988 0.000441
 6720.000000 -1.400912 2.979694 0.000468
 6721.000000 -1.335753 2.686936 0.000532
 6722.000000 0.523511 -2.177846 0.000219
 6723.000000 -0.720794 -2.657673 0.000293
 6724.000000 0.457397 3.049434 0.000982
 6725.000000 0.272274 2.837111 0.000303
 6726.000000 -1.553428 -2.640147 0.000298
 6727.000000 1.127949 2.724375 0.000185
 6728.000000 0.487450 2.819538 0.000144
 6729.000000 -1.210677 -2.298085 0.000386
 6730.000000 0.531318 2.084495 0.000729
 6731.000000 0.416825 -2.806593 0.000271
 6732.000000 -0.461497 2.779927 0.000101
 6733.000000 -1.316072 2.544018 0.001281
 6734.000000 0.092835 -2.925886 0.001234
 6735.000000 -1.014910 2.746856 0.000906
 6736.000000 0.489436 2.718139 0.001279
 6737.000000 0.262479 3.007427 0.001339
 6738.000000 0.344644 -2.950703 0.001521
 6739.000000 -1.052293 -2.721324 0.001856
 6740.000000 -1.271358 2.944571 0.001818
 6741.000000 0.127582 -2.844641 0.001763
 6742.000000 0.490184 -3.002530 0.001399
 6743.000000 0.259351 2.667424 0.001464
 6744.000000 0.357000 2.753002 0.001747
 6745.000000 -0.029737 -2.894729 0.001464
 6746.000000 0.369253 -3.127367 0.001544
 6747.000000 0.447593 2.781728 0.001297
 6748.000000 -1.546246 -2.705137 0.001250
 6749.000000 0.442958 2.970245 0.001075
 6750.000000 -1.369685 -3.016566 0.001085
 6751.000000 0.428265 -3.134081 0.001308
 6752.000000 -0.868620 -2.844120 0.002161
 6753.000000 -1.456043 2.967710 0.001763
 6754.000000 -1.310865 -3.068609 0.001746
 6755.000000 -1.519246 -3.132571 0.001124
 6756.000000 0.231324 -3.084985 0.002476
 6757.000000 0.049550 -1.803004 0.004035
 6758.000000 0.295526 -2.747981 0.000283
 6759.000000 0.422460 -2.873292 0.001607
 6760.000000 -0.455434 -2.677224 0.001873
 6761.000000 0.845496 -2.938789 0.000853
 6762.000000 -1.401247 -2.000028 0.001741
 6763.000000 -1.181091 -2.180999 0.002871
 6764.000000 -1.413174 3.051577 0.000656
 6765.000000 -0.426747 -2.848381 0.001672
 6766.000000 1.565071 -2.649991 0.000642
 6767.000000 -1.705557 -2.368999 0.000290
 6768.000000 0.141602 -1.557612 0.001047
 6769.000000 0.331176 -2.820258 0.000598
 6770.000000 -1.258626 2.978493 0.001149
 6771.000000 -0.135267 2.988846 0.001733
 6772.000000 0.349254 2.573961 0.000867
 6773.000000 -1.298755 2.350142 0.000834
 6774.000000 -0.264871 -2.906549 0.000738
 6775.000000 0.375570 -2.768567 0.000663
 6776.000000 0.332164 -2.776819 0.001222
 6777.000000 0.007180 -2.660910 0.001801
 6778.000000 0.192890 3.023428 0.002191
 6779.000000 0.346463 2.943146 0.002201
 6780.000000 0.343135 -3.002825 0.001793
 6781.000000 0.281001 -2.942816 0.001198
 6782.000000 0.287441 -2.520181 0.000698
 6783.000000 -0.843143 -2.318641 0.001183
 6784.000000 -0.278675 -2.741607 0.000484
 6785.000000 -0.210492 -2.705563 0.000483
 6786.000000 -0.263224 -2.743387 0.000434
 6787.000000 -0.034104 -2.958359 0.000623
 6788.000000 1.286073 -2.619602 0.000671
 6789.000000 0.686746 -2.823195 0.000864
 6790.000000 -0.525664 -2.500500 0.001110
 6791.000000 0.324343 2.983149 0.000774
 6792.000000 0.552358 -2.438041 0.000670
 6793.000000 0.159761 3.046247 0.001330
 6794.000000 0.352758 -2.730407 0.001286
 6795.000000 0.365046 -2.467938 0.000409
 6796.000000 -0.402437 -2.999592 0.000455
 6797.000000 -0.441981 -2.594834 0.000974
 6798.000000 0.369502 2.843828 0.001379
 6799.000000 0.396823 2.621834 0.000593
 6800.000000 0.266077 -2.603879 0.000161
 6801.000000 0.396190 2.696621 0.000248
 6802.000000 0.849168 -2.567011 0.000543
 6803.000000 0.119036 -2.871257 0.004547
 6804.000000 0.367876 -2.252055 0.000914
 6805.000000 1.016199 -3.002157 0.001732
 6806.000000 0.492902 3.008033 0.000193
 6807.000000 -1.548075 -2.829930 0.000301
 6808.000000 1.686624 2.401568 0.001381
 6809.000000 -1.355373 -3.114956 0.001132
 6810.000000 0.466259 -2.143188 0.000324
 6811.000000 0.375956 -2.666642 0.000781
 6812.000000 -0.432802 -2.714419 0.000219
 6813.000000 0.069090 -3.051816 0.001851
 6814.000000 0.004375 2.860948 0.000372
 6815.000000 -1.095793 -2.997857 0.001173
 6816.000000 0.426844 -2.992671 0.000598
 6817.000000 0.403057 3.041892 0.001033
 6818.000000 -1.012608 2.718629 0.004379
 6819.000000 1.220826 -2.914033 0.001693
 6820.000000 1.131596 2.761018 0.001496
 6821.000000 1.529781 2.805393 0.001806
 6822.000000 0.373555 2.877543 0.002206
 6823.000000 1.262524 2.443192 0.001878
 6824.000000 1.399900 -3.007326 0.001579
 6825.000000 -0.438377 -3.116038 0.001606
 6826.000000 1.345097 -3.043374 0.001636
 6827.000000 0.347972 -2.890098 0.002489
 6828.000000 0.364955 -2.878223 0.002228
 6829.000000 -0.438140 2.749602 0.001536
 6830.000000 1.082769 -2.905610 0.001509
 6831.000000 0.783540 -3.044475 0.003204
 6832.000000 -0.446935 2.502596 0.001522
 6833.000000 -0.474550 2.838999 0.001257
 6834.000000 1.333522 2.785604 0.001625
 6835.000000 1.293311 2.291263 0.001456
 6836.000000 0.901160 2.738420 0.001999
 6837.000000 0.228557 3.098349 0.001573
 6838.000000 1.329144 -2.034521 0.001202
 6839.000000 1.574445 -2.577906 0.002157
 6840.000000 0.107127 -2.335138 0.001993
 6841.000000 0.332491 -1.988138 0.002073
 6842.000000 0.231230 -2.222410 0.002579
 6843.000000 -0.263460 -2.038729 0.003271
 6844.000000 1.313741 -2.332647 0.001456
 6845.000000 -0.375469 -2.442263 0.002137
 6846.000000 -0.401838 -2.182998 0.002212
 6847.000000 1.427720 -2.913043 0.001684
 6848.000000 1.524021 -2.416713 0.002159
 6849.000000 0.253878 -2.097396 0.001247
 6850.000000 0.355497 -3.015630 0.001223
 6851.000000 0.313227 -2.793537 0.001906
 6852.000000 -1.538407 3.078558 0.000456
 6853.000000 0.236797 -2.348891 0.000194
 6854.000000 0.393928 -2.821646 0.000521
 6855.000000 -1.415377 -2.571827 0.000093
 6856.000000 0.383050 3.124186 0.000589
 6857.000000 1.743529 -2.503163 0.000213
 6858.000000 1.371692 -2.550372 0.000062
 6859.000000 1.079677 -2.746470 0.000209
 6860.000000 0.876454 -3.133764 0.001606
 6861.000000 -0.220461 2.771622 0.000838
 6862.000000 0.149723 -2.759595 0.001689
 6863.000000 0.240835 2.906390 0.002422
 6864.000000 0.222971 -2.490938 0.002803
 6865.000000 0.244953 -3.077156 0.001049
 6866.000000 -1.229540 2.654859 0.001264
 6867.000000 0.425359 -2.205852 0.000345
 6868.000000 0.444490 -3.100518 0.002102
 6869.000000 0.311590 -2.754463 0.001206
 6870.000000 0.217126 -2.610874 0.001576
 6871.000000 -0.070338 -2.692388 0.001658
 6872.000000 0.138754 -2.849836 0.001645
 6873.000000 0.225330 -2.969870 0.001772
 6874.000000 0.242957 3.084141 0.001699
 6875.000000 0.301692 3.118292 0.000490
 6876.000000 0.398437 -2.924828 0.000349
 6877.000000 0.319768 -2.633956 0.000188
 6878.000000 0.615629 -2.386253 0.000457
 6879.000000 -0.741877 -2.505930 0.000809
 6880.000000 0.221749 -2.757619 0.002489
 6881.000000 0.504967 2.898259 0.001515
 6882.000000 0.444197 2.920704 0.000833
 6883.000000 0.320578 3.014320 0.003699
 6884.000000 0.258333 -2.647926 0.003951
 6885.000000 0.323948 -2.916498 0.003228
 6886.000000 0.307609 -2.957650 0.003795
 6887.000000 0.388747 3.074852 0.003866
 6888.000000 0.132113 2.943555 0.003756
 6889.000000 0.317488 -2.988794 0.004139
 6890.000000 0.259207 2.689918 0.003676
 6891.000000 0.240654 3.018405 0.003857
 6892.000000 0.269900 2.782551 0.002748
 6893.000000 0.271024 3.122176 0.002230
 6894.000000 0.133357 2.898085 0.002506
 6895.000000 0.384357 -2.574896 0.000359
 6896.000000 -0.030421 -2.868774 0.000759
 6897.000000 0.342488 2.947938 0.004756
 6898.000000 0.394799 2.774079 0.003027
 6899.000000 0.408297 -2.400426 0.004036
 6900.000000 1.737999 2.625336 0.003634
 6901.000000 -0.403444 3.114381 0.003552
 6902.000000 -0.442280 -1.740297 0.003519
 6903.000000 1.238144 -2.235182 0.003031
 6904.000000 -0.388785 -2.575090 0.004296
 6905.000000 -0.314650 2.663769 0.003589
 6906.000000 -0.368643 2.708939 0.003222
 6907.000000 1.333632 -2.934077 0.002458
 6908.000000 1.758915 2.995474 0.003194
 6909.000000 1.109022 2.799598 0.004204
 6910.000000 1.407951 -3.026220 0.003075
 6911.000000 -0.404374 2.999606 0.003089
 6912.000000 -0.323178 2.453100 0.003896
 6913.000000 1.394852 2.800771 0.002738
 6914.000000 -0.080646 -2.820589 0.006210
 6915.000000 -0.462909 -2.993527 0.003635
 6916.000000 1.397936 2.066287 0.003761
 6917.000000 0.742643 2.544684 0.002735
 6918.000000 1.711832 2.911089 0.002668
 6919.000000 1.683164 2.624193 0.003927
 6920.000000 1.249898 2.798190 0.002179
 6921.000000 1.214101 2.811403 0.002445
 6922.000000 -0.158811 2.692346 0.003354
 6923.000000 1.123870 -2.879409 0.002542
 6924.000000 -0.324034 3.141415 0.003044
 6925.000000 -0.312887 -3.037680 0.004229
 6926.000000 -0.410043 2.911041 0.003439
 6927.000000 -0.301012 2.688185 0.003142
 6928.000000 1.207128 2.623061 0.003058
 6929.000000 -0.173576 2.698884 0.003059
 6930.000000 -0.303063 -3.103512 0.005747
 6931.000000 -0.379240 -2.925908 0.007536
 6932.000000 1.096141 2.689430 0.003473
 6933.000000 -0.395583 2.744432 0.003305
 6934.000000 -0.324421 2.800974 0.003083
 6935.000000 1.779376 2.745633 0.002874
 6936.000000 -0.349902 2.796298 0.003201
 6937.000000 -0.325829 3.011652 0.003098
 6938.000000 1.482761 -2.832382 0.002403
 6939.000000 -0.227562 2.883517 0.003407
 6940.000000 -0.382293 3.099138 0.003734
 6941.000000 -0.344734 2.694342 0.002954
 6942.000000 -0.515288 2.861468 0.003609
 6943.000000 -0.294835 2.519584 0.005451
 6944.000000 -0.504039 2.967170 0.003718
 6945.000000 -0.430549 2.917307 0.003791
 6946.000000 -0.401861 2.800071 0.005670
 6947.000000 -0.148519 -2.949905 0.006857
 6948.000000 -0.301359 2.890873 0.004350
 6949.000000 -0.322679 2.660995 0.002946
 6950.000000 -0.531499 2.686528 0.002577
 6951.000000 1.531131 2.432825 0.002303
 6952.000000 -0.529174 -3.021872 0.003640
 6953.000000 1.609512 -2.910882 0.002857
 6954.000000 1.162737 2.755540 0.002419
 6955.000000 1.293228 2.910802 0.003210
 6956.000000 -0.203865 -3.070609 0.003180
 6957.000000 1.503678 -2.612391 0.002648
 6958.000000 0.155575 3.034538 0.003353
 6959.000000 1.416526 2.447322 0.003701
 6960.000000 -0.545961 -2.959846 0.003351
 6961.000000 -0.269624 -2.894662 0.006279
 6962.000000 1.422265 2.513498 0.003671
 6963.000000 1.269738 2.898521 0.003220
 6964.000000 -0.286519 2.808207 0.005456
 6965.000000 -0.283471 -3.117158 0.003562
 6966.000000 -0.419628 2.733802 0.002393
 6967.000000 -0.414311 2.696152 0.003154
 6968.000000 -0.266801 -3.086306 0.005555
 6969.000000 1.332340 2.719612 0.003673
 6970.000000 1.171893 2.763213 0.002870
 6971.000000 -0.410122 2.831487 0.006647
 6972.000000 -0.260314 2.536655 0.003008
 6973.000000 -0.282748 2.488840 0.003471
 6974.000000 1.776849 2.621182 0.003077
 6975.000000 -0.269577 2.855366 0.003127
 6976.000000 1.042530 2.805889 0.003122
 6977.000000 -0.286757 2.996913 0.002893
 6978.000000 -0.332628 2.886415 0.003151
 6979.000000 -0.424368 2.803590 0.003124
 6980.000000 -0.531376 2.936538 0.002899
 6981.000000 0.998272 2.732579 0.003055
 6982.000000 -0.215358 2.765366 0.003521
 6983.000000 -0.516871 2.703291 0.003228
 6984.000000 -0.360794 2.691541 0.004071
 6985.000000 -0.370766 3.093055 0.003163
 6986.000000 1.601547 2.758418 0.003910
 6987.000000 -0.273944 2.450691 0.003547
 6988.000000 -0.322216 2.732464 0.003131
 6989.000000 1.138151 -3.035357 0.003690
 6990.000000 -0.360447 2.644340 0.002870
 6991.000000 -0.391867 2.921394 0.003444
 6992.000000 -0.456082 2.804584 0.002874
 6993.000000 -0.341774 2.768201 0.003322
 6994.000000 1.311351 2.856262 0.002439
 6995.000000 -0.324943 2.726683 0.003645
 6996.000000 -0.436743 -2.865460 0.002999
 6997.000000 -0.357100 2.791453 0.003325
 6998.000000 1.349148 2.692504 0.002323
 6999.000000 1.086191 3.034810 0.003178
 7000.000000 -0.373617 2.866730 0.003346
 7001.000000 -0.349333 2.997414 0.003586
 7002.000000 0.989899 2.235975 0.003583
 7003.000000 1.371312 2.716916 0.003737
 7004.000000 1.308489 2.669517 0.003296
 7005.000000 -0.470839 2.899164 0.003496
 7006.000000 -0.388209 2.907622 0.004718
 7007.000000 1.291220 2.493764 0.003571
 7008.000000 1.071393 2.858309 0.002793
 7009.000000 1.562603 2.556689 0.003471
 7010.000000 -0.364206 2.945094 0.003626
 7011.000000 -0.337549 -3.065283 0.003420
 7012.000000 1.852857 2.744668 0.002974
 7013.000000 -0.353135 2.533411 0.002609
 7014.000000 -0.278501 2.727032 0.003081
 7015.000000 -0.416927 2.757916 0.002193
 7016.000000 1.119313 2.529603 0.003310
 7017.000000 -0.088379 3.055612 0.003461
 7018.000000 -0.463574 2.256134 0.002777
 7019.000000 -0.313763 2.809935 0.003322
 7020.000000 1.180138 2.952916 0.002409
 7021.000000 -0.297161 -2.973473 0.003068
 7022.000000 -0.279757 -3.052113 0.003067
 7023.000000 0.063274 3.030215 0.005237
 7024.000000 0.084300 3.003661 0.005046
 7025.000000 0.011012 -2.969711 0.005327
 7026.000000 0.151678 -2.900610 0.004122
 7027.000000 -0.027326 -3.001537 0.005486
 7028.000000 -0.015179 2.926723 0.005428
 7029.000000 0.177772 3.107170 0.005439
 7030.000000 0.139286 2.936115 0.004421
 7031.000000 0.030041 -3.033552 0.005317
 7032.000000 0.078326 3.009529 0.004321
 7033.000000 0.373809 -1.922170 0.005303
 7034.000000 0.019626 -2.743250 0.004970
 7035.000000 0.203456 -3.039761 0.004257
 7036.000000 0.275266 3.121089 0.005974
 7037.000000 0.118843 -2.697354 0.004063
 7038.000000 0.202690 2.906562 0.004934
 7039.000000 0.124497 2.538559 0.005690
 7040.000000 0.065813 2.559756 0.005992
 7041.000000 0.102004 -2.984833 0.004652
 7042.000000 0.013329 2.720431 0.004537
 7043.000000 0.686858 -2.954369 0.004076
 7044.000000 0.043922 3.107562 0.004761
 7045.000000 0.055536 -2.904701 0.004274
 7046.000000 -0.324686 2.836360 0.003143
 7047.000000 0.121945 2.914607 0.005220
 7048.000000 0.661148 2.359296 0.006083
 7049.000000 0.083059 2.934159 0.005091
 7050.000000 0.277752 2.587654 0.005045
 7051.000000 0.082525 -2.935983 0.004580
 7052.000000 0.556981 -3.075003 0.004761
 7053.000000 0.189702 3.094893 0.005054
 7054.000000 -0.004998 -3.033423 0.005165
 7055.000000 0.290214 -2.728872 0.004773
 7056.000000 0.261090 -2.916068 0.005269
 7057.000000 -0.049133 3.102903 0.005419
 7058.000000 -0.027950 -3.033869 0.004116
 7059.000000 0.183990 -2.234158 0.004637
 7060.000000 0.106168 2.954132 0.004997
 7061.000000 0.655782 -3.087001 0.004755
 7062.000000 0.297147 2.687949 0.004452
 7063.000000 0.239573 2.952675 0.004869
 7064.000000 0.046629 -2.788351 0.001306
 7065.000000 -0.643577 -2.558089 0.000278
 7066.000000 0.465299 -2.001671 0.001572
 7067.000000 0.407521 -2.450906 0.001517
 7068.000000 0.216003 -2.296872 0.001548
 7069.000000 0.304138 -2.019824 0.003054
 7070.000000 0.195049 -2.394008 0.002141
 7071.000000 0.279838 -2.259473 0.001943
 7072.000000 0.285788 -2.408692 0.003092
 7073.000000 0.301024 -1.970704 0.002911
 7074.000000 0.415061 -1.889968 0.003380
 7075.000000 0.369932 -2.317208 0.003709
 7076.000000 0.175545 -2.657578 0.001419
 7077.000000 0.846280 -2.102302 0.000546
 7078.000000 0.150044 -2.240438 0.002156
 7079.000000 0.270822 -2.349555 0.000928
 7080.000000 -1.463677 -2.096597 0.001135
 7081.000000 0.085478 2.955964 0.000966
 7082.000000 0.418493 -2.792581 0.000797
 7083.000000 1.009259 -2.445838 0.000503
 7084.000000 -0.356458 -2.538651 0.000133
 7085.000000 0.379824 -2.765754 0.000300
 7086.000000 -0.005043 -2.385997 0.000532
 7087.000000 0.128834 2.686909 0.001187
 7088.000000 0.456351 -3.058483 0.000555
 7089.000000 0.491131 -2.651899 0.000151
 7090.000000 -1.289725 -2.857712 0.000328
 7091.000000 0.114777 -3.099800 0.000373
 7092.000000 -1.603512 -2.214613 0.000453
 7093.000000 0.254265 2.764895 0.000093
 7094.000000 -0.352624 -2.750733 0.000912
 7095.000000 -0.452455 3.132589 0.000816
 7096.000000 -0.490867 2.994835 0.000844
 7097.000000 1.484992 3.088914 0.000859
 7098.000000 1.382519 -2.773102 0.000871
 7099.000000 1.129610 -3.027637 0.000743
 7100.000000 -0.295994 2.899058 0.000938
 7101.000000 -0.426744 -3.067595 0.000836
 7102.000000 -0.384429 2.551190 0.000999
 7103.000000 -0.300425 2.987586 0.000841
 7104.000000 -0.269302 2.798580 0.001038
 7105.000000 0.890518 3.047560 0.000738
 7106.000000 1.413078 2.857190 0.000930
 7107.000000 -0.214902 -2.855707 0.000794
 7108.000000 -0.429321 2.484254 0.000793
 7109.000000 0.642656 -2.906442 0.000861
 7110.000000 1.060859 2.461383 0.000825
 7111.000000 1.254975 2.944100 0.000824
 7112.000000 0.160038 -1.902312 0.001582
 7113.000000 0.450972 -1.780498 0.002008
 7114.000000 0.328664 -1.850760 0.002058
 7115.000000 -1.144127 -2.890171 0.000756
 7116.000000 0.492259 -2.397003 0.000668
 7117.000000 0.302394 -2.977454 0.001733
 7118.000000 0.462361 -2.065141 0.000310
 7119.000000 0.140892 2.618770 0.000797
 7120.000000 -0.997032 2.927760 0.000369
 7121.000000 0.067492 -2.732722 0.001725
 7122.000000 0.382342 -3.006611 0.001413
 7123.000000 0.243722 -2.954448 0.001499
 7124.000000 0.301416 2.602437 0.001471
 7125.000000 1.055646 -2.684994 0.000764
 7126.000000 -1.679483 -2.675380 0.001165
 7127.000000 -0.879318 2.953691 0.000132
 7128.000000 -1.525634 -2.666397 0.000654
 7129.000000 0.360626 2.846570 0.000447
 7130.000000 -0.380594 -2.733466 0.000155
 7131.000000 0.416580 3.080325 0.000447
 7132.000000 -1.182427 -3.034228 0.002202
 7133.000000 -1.258394 2.976199 0.000307
 7134.000000 0.312291 3.031708 0.000598
 7135.000000 -0.420652 -2.191581 0.000199
 7136.000000 0.398121 -2.169110 0.005783
 7137.000000 -0.157346 -2.141305 0.000608
 7138.000000 0.226397 -2.805636 0.000227
 7139.000000 1.181882 -2.537038 0.001113
 7140.000000 0.502904 2.709900 0.000824
 7141.000000 0.257727 -3.066735 0.001407
 7142.000000 1.437705 -2.708303 0.000850
 7143.000000 -0.646002 -2.767050 0.000729
 7144.000000 0.373030 -2.855648 0.000194
 7145.000000 1.297111 -2.235295 0.000625
 7146.000000 0.915561 -2.741365 0.000178
 7147.000000 -0.957021 -2.442793 0.000847
 7148.000000 -1.271515 2.832062 0.000530
 7149.000000 0.314587 2.825513 0.001291
 7150.000000 0.296515 2.768705 0.000665
 7151.000000 -1.092005 -2.643052 0.000521
 7152.000000 0.399520 -2.678885 0.000076
 7153.000000 0.453522 2.664879 0.000386
 7154.000000 0.257759 -2.621295 0.000358
 7155.000000 0.446767 -2.278981 0.000261
 7156.000000 -0.067877 -2.867108 0.000220
 7157.000000 -0.163873 -2.703801 0.000466
 7158.000000 0.439631 -2.849656 0.000526
 7159.000000 1.047068 -2.193075 0.000463
 7160.000000 -0.165017 -2.874064 0.001897
 7161.000000 -0.145525 3.049662 0.001929
 7162.000000 -0.347557 2.685583 0.000136
 7163.000000 -0.414519 -2.645546 0.000608
 7164.000000 -0.133928 -2.765831 0.000618
 7165.000000 -0.128250 -2.594261 0.000792
 7166.000000 0.982808 -2.847006 0.000294
 7167.000000 -0.404290 -2.945814 0.002284
 7168.000000 0.571789 2.773630 0.001008
 7169.000000 -1.111805 -2.829307 0.000553
 7170.000000 0.133793 -3.099180 0.000243
 7171.000000 0.320454 -3.029184 0.000687
 7172.000000 -0.307662 -2.964588 0.000739
 7173.000000 -1.561572 -2.549426 0.000764
 7174.000000 -0.408185 -2.861442 0.000739
 7175.000000 -0.332726 -2.829305 0.000728
 7176.000000 0.292590 -2.701273 0.001117
 7177.000000 -0.858715 -2.976848 0.000688
 7178.000000 0.266288 2.953760 0.000230
 7179.000000 0.324911 -2.715983 0.000313
 7180.000000 0.197276 -2.898115 0.000491
 7181.000000 -1.935740 -2.795915 0.000184
 7182.000000 0.405730 -2.659098 0.000403
 7183.000000 0.433822 -2.535588 0.000449
 7184.000000 -0.333621 -2.004509 0.000369
 7185.000000 0.183521 -2.726518 0.000374
 7186.000000 -1.590266 -2.508337 0.000323
 7187.000000 -0.012054 3.056089 0.000721
 7188.000000 0.297865 3.066101 0.000400
 7189.000000 0.359512 -2.972128 0.000500
 7190.000000 -0.330442 -2.984347 0.000400
 7191.000000 -1.435888 -3.020776 0.000654
 7192.000000 -1.704933 2.926068 0.002949
 7193.000000 -0.181797 -3.092954 0.000269
 7194.000000 0.497548 -2.719223 0.000422
 7195.000000 0.391072 -3.116227 0.000999
 7196.000000 1.233938 -2.834461 0.000062
 7197.000000 -1.438968 2.600091 0.000583
 7198.000000 0.235516 -2.903892 0.000283
 7199.000000 1.523040 -3.083697 0.000400
 7200.000000 -0.286343 -3.031807 0.001128
 7201.000000 0.809263 -2.289505 0.000601
 7202.000000 1.553896 3.093540 0.000683
 7203.000000 0.217144 -2.500852 0.000806
 7204.000000 0.205888 -1.126913 0.000560
 7205.000000 0.200189 -2.645188 0.000363
 7206.000000 0.364241 -2.720021 0.000152
 7207.000000 1.168451 -3.114473 0.000310
 7208.000000 0.313962 3.016143 0.000398
 7209.000000 0.401967 2.813974 0.000431
 7210.000000 -0.583391 -3.098348 0.000191
 7211.000000 -0.911515 -2.584019 0.000660
 7212.000000 1.891351 -2.822199 0.000958
 7213.000000 -1.430227 -2.924028 0.001893
 7214.000000 0.207081 2.726855 0.000780
 7215.000000 -0.506057 -3.051780 0.000764
 7216.000000 -0.285122 -3.028682 0.000996
 7217.000000 0.336721 2.621971 0.000200
 7218.000000 0.274260 -2.916328 0.000341
 7219.000000 0.484839 -2.525957 0.000349
 7220.000000 1.397644 -2.448538 0.000627
 7221.000000 0.201233 -2.867231 0.000479
 7222.000000 0.243094 -2.650025 0.000562
 7223.000000 1.439284 -2.553529 0.000122
 7224.000000 -1.137696 -1.947239 0.000341
 7225.000000 -0.318940 -2.424214 0.000133
 7226.000000 0.212090 -3.061768 0.000081
 7227.000000 1.280223 2.829846 0.000441
 7228.000000 0.427428 -2.456398 0.000078
 7229.000000 -1.054996 2.951491 0.000397
 7230.000000 0.451933 -1.889402 0.002223
 7231.000000 0.250686 -2.240802 0.001022
 7232.000000 -0.541616 -2.780251 0.000233
 7233.000000 -0.147872 -2.743511 0.000167
 7234.000000 0.106271 -2.911859 0.000297
 7235.000000 -1.298719 2.707307 0.000750
 7236.000000 -0.281008 -2.769812 0.000365
 7237.000000 -1.487983 2.916483 0.000518
 7238.000000 -0.414658 -2.780307 0.000807
 7239.000000 0.078077 -2.869716 0.000773
 7240.000000 -0.755882 -2.259491 0.000222
 7241.000000 0.385102 -2.951418 0.000651
 7242.000000 -0.397426 -2.932156 0.000344
 7243.000000 -1.372844 -2.817458 0.000463
 7244.000000 1.582490 -2.742294 0.001617
 7245.000000 -0.455614 -2.724740 0.001792
 7246.000000 -0.445570 -2.829283 0.000688
 7247.000000 -0.328031 2.643889 0.001285
 7248.000000 -0.304594 3.047072 0.001862
 7249.000000 0.397838 -2.906866 0.000280
 7250.000000 -0.014170 2.818162 0.000387
 7251.000000 1.115184 -2.374049 0.000188
 7252.000000 -0.102178 -3.087521 0.000566
 7253.000000 -0.505162 -2.860234 0.000506
 7254.000000 -0.383631 2.287828 0.003629
 7255.000000 -0.382985 2.888986 0.002912
 7256.000000 -0.268528 2.873565 0.003774
 7257.000000 1.161020 2.915667 0.003269
 7258.000000 -0.437639 2.689786 0.002543
 7259.000000 -0.474451 3.064695 0.003521
 7260.000000 1.257456 2.632312 0.002527
 7261.000000 -0.461449 2.473019 0.003978
 7262.000000 -0.283509 2.779352 0.002962
 7263.000000 1.645034 2.639963 0.004108
 7264.000000 -0.494610 2.631725 0.003308
 7265.000000 -0.403648 2.780724 0.003835
 7266.000000 -0.356851 2.947077 0.004080
 7267.000000 1.475451 2.548585 0.003074
 7268.000000 1.127705 2.434424 0.003053
 7269.000000 1.031612 -3.099882 0.003817
 7270.000000 -0.008411 3.096608 0.003670
 7271.000000 -0.339237 2.736309 0.003244
 7272.000000 -0.301346 -2.969606 0.003303
 7273.000000 -0.389415 2.670231 0.002920
 7274.000000 -0.516922 2.685031 0.002701
 7275.000000 1.209238 2.755325 0.002858
 7276.000000 -0.261777 2.525066 0.003412
 7277.000000 -0.379647 2.719609 0.003248
 7278.000000 1.075631 2.626327 0.002616
 7279.000000 0.952376 -2.992976 0.002713
 7280.000000 1.194166 2.915468 0.002307
 7281.000000 -0.313496 2.676649 0.002860
 7282.000000 -0.372024 2.815725 0.002646
 7283.000000 -0.246563 2.894008 0.003060
 7284.000000 -0.455915 2.911019 0.003359
 7285.000000 0.862894 2.756878 0.002944
 7286.000000 -0.275052 -3.113918 0.005392
 7287.000000 -0.204256 2.941640 0.002538
 7288.000000 1.418932 2.776271 0.002450
 7289.000000 -0.224209 2.700617 0.003465
 7290.000000 -0.232701 2.879216 0.003385
 7291.000000 1.352761 2.644941 0.002731
 7292.000000 -0.287075 3.106232 0.002426
 7293.000000 0.423723 -3.077878 0.002520
 7294.000000 0.946895 2.902705 0.002531
 7295.000000 -0.408251 -3.116919 0.004188
 7296.000000 -0.389899 2.784623 0.003428
 7297.000000 -0.470888 -3.013418 0.003614
 7298.000000 1.259204 2.936792 0.003498
 7299.000000 1.368552 2.725493 0.003203
 7300.000000 1.253497 2.830626 0.002869
 7301.000000 0.988277 2.592200 0.003935
 7302.000000 0.908198 -2.778489 0.002504
 7303.000000 -0.364960 2.655750 0.002427
 7304.000000 -0.195923 2.676045 0.003661
 7305.000000 0.900557 2.952503 0.003174
 7306.000000 1.562761 2.531801 0.003157
 7307.000000 1.370159 2.952342 0.002621
 7308.000000 -0.401136 -3.019884 0.003497
 7309.000000 0.789648 -2.982791 0.003468
 7310.000000 1.364694 2.917534 0.002966
 7311.000000 1.251387 2.936631 0.002528
 7312.000000 -0.431553 2.807255 0.002803
 7313.000000 -0.323814 2.676055 0.005010
 7314.000000 -0.329644 2.748019 0.002951
 7315.000000 -0.340402 2.832826 0.003731
 7316.000000 -0.116082 2.646623 0.003161
 7317.000000 1.219669 2.819505 0.002965
 7318.000000 -0.461046 2.185674 0.004042
 7319.000000 -0.214979 2.846290 0.003233
 7320.000000 -0.392209 2.424146 0.002371
 7321.000000 -0.330561 2.746939 0.003464
 7322.000000 1.466906 2.706735 0.002537
 7323.000000 -0.382456 2.680701 0.003325
 7324.000000 -0.435514 -3.053838 0.006400
 7325.000000 -0.242903 -2.957095 0.005093
 7326.000000 -0.450642 3.028621 0.005376
 7327.000000 1.358695 2.935893 0.002943
 7328.000000 1.178219 -2.957611 0.003407
 7329.000000 1.041050 3.127823 0.002774
 7330.000000 -0.361375 2.843617 0.003063
 7331.000000 -0.283009 -3.101837 0.003546
 7332.000000 -0.175063 2.784569 0.003613
 7333.000000 -0.115473 2.505913 0.003214
 7334.000000 1.067382 2.836697 0.003083
 7335.000000 -0.457296 2.765891 0.003258
 7336.000000 -0.411496 3.013071 0.003286
 7337.000000 -0.345560 2.808999 0.003234
 7338.000000 -0.318438 2.812694 0.002440
 7339.000000 1.303674 3.033581 0.003118
 7340.000000 1.159209 -2.813370 0.003551
 7341.000000 1.406501 -3.013303 0.002631
 7342.000000 1.131955 2.725493 0.003330
 7343.000000 1.257860 2.558147 0.002744
 7344.000000 -0.353917 -2.957503 0.002859
 7345.000000 0.957386 -2.900065 0.003509
 7346.000000 -0.383427 2.431274 0.002989
 7347.000000 -0.261741 2.845455 0.003487
 7348.000000 -0.303699 3.015030 0.003108
 7349.000000 1.403656 2.824467 0.002858
 7350.000000 0.961314 2.262256 0.002890
 7351.000000 1.801385 -2.893290 0.003076
 7352.000000 1.098339 2.571233 0.003311
 7353.000000 -0.318396 2.764925 0.003626
 7354.000000 -0.299269 2.958394 0.002761
 7355.000000 -0.363447 2.763287 0.002794
 7356.000000 -0.355680 2.798236 0.003326
 7357.000000 1.272811 2.761309 0.003006
 7358.000000 0.893529 2.697588 0.003325
 7359.000000 -0.302552 2.737284 0.003452
 7360.000000 1.402548 3.017849 0.003229
 7361.000000 -0.536994 2.864485 0.004417
 7362.000000 0.961831 -3.044503 0.003180
 7363.000000 1.105328 2.941713 0.003340
 7364.000000 -0.361402 2.586730 0.002927
 7365.000000 -0.389502 2.939835 0.003109
 7366.000000 -0.312789 2.817360 0.003714
 7367.000000 1.434210 -2.834296 0.002565
 7368.000000 1.002546 2.534256 0.002917
 7369.000000 -0.288450 2.985107 0.003041
 7370.000000 -0.406832 2.887160 0.005902
 7371.000000 1.182649 2.481791 0.002724
 7372.000000 1.079250 3.040152 0.002866
 7373.000000 1.442764 2.958087 0.002763
 7374.000000 1.292242 2.794785 0.003001
 7375.000000 1.438280 2.609542 0.002885
 7376.000000 1.214183 2.755590 0.002514
 7377.000000 -0.256152 2.951276 0.003044
 7378.000000 -0.470070 2.945729 0.002795
 7379.000000 1.387211 2.670854 0.002904
 7380.000000 -0.523993 2.737316 0.002577
 7381.000000 1.743689 -2.987114 0.002997
 7382.000000 -0.240658 2.831961 0.003366
 7383.000000 -0.291786 3.024229 0.007027
 7384.000000 -0.394546 -3.005875 0.005838
 7385.000000 -0.329251 3.014414 0.005415
 7386.000000 -0.191868 -3.085366 0.005537
 7387.000000 1.545394 2.556830 0.002975
 7388.000000 1.340854 2.659097 0.003140
 7389.000000 -0.322903 2.667268 0.003320
 7390.000000 1.267174 3.113429 0.002697
 7391.000000 -0.395733 -3.057419 0.003734
 7392.000000 -0.405287 -2.949052 0.003795
 7393.000000 1.221662 -2.904393 0.002674
 7394.000000 -0.349623 2.672372 0.001668
 7395.000000 -0.513582 2.929543 0.003303
 7396.000000 -0.309973 2.684847 0.003063
 7397.000000 -0.249756 -3.135530 0.005834
 7398.000000 -0.486319 -2.950024 0.003781
 7399.000000 -0.261189 3.074206 0.003343
 7400.000000 0.679549 -2.732101 0.002620
 7401.000000 -0.367583 -3.119051 0.002723
 7402.000000 1.554643 2.921032 0.003418
 7403.000000 -0.272092 2.790996 0.003225
 7404.000000 1.059714 2.536492 0.003406
 7405.000000 0.958859 2.911609 0.003140
 7406.000000 1.146977 2.768835 0.002881
 7407.000000 -0.145485 -3.104669 0.003614
 7408.000000 -0.492905 2.834750 0.002881
 7409.000000 -0.369826 2.777823 0.002859
 7410.000000 -0.344277 2.862104 0.003397
 7411.000000 -0.162253 3.089953 0.006181
 7412.000000 -0.442880 2.957532 0.002699
 7413.000000 -0.401154 2.751759 0.003113
 7414.000000 1.418444 2.743196 0.002386
 7415.000000 1.244975 2.730023 0.002774
 7416.000000 1.228477 3.018500 0.002499
 7417.000000 1.463372 2.728977 0.002589
 7418.000000 -0.427255 3.045569 0.002948
 7419.000000 -0.432219 2.794004 0.003659
 7420.000000 -0.305364 2.557706 0.002266
 7421.000000 -0.405776 2.700016 0.003306
 7422.000000 -0.433506 -3.112527 0.003529
 7423.000000 -0.491670 -3.130974 0.003516
 7424.000000 -0.477347 2.834191 0.002613
 7425.000000 -0.105290 2.619534 0.003667
 7426.000000 -0.411443 -3.111385 0.002453
 7427.000000 1.151474 -2.969938 0.003299
 7428.000000 1.946362 2.592782 0.003192
 7429.000000 0.992256 2.807663 0.003356
 7430.000000 -0.392521 2.714379 0.003399
 7431.000000 1.266751 2.950128 0.003485
 7432.000000 -0.374982 -3.013290 0.004718
 7433.000000 1.028050 -3.087322 0.002623
 7434.000000 1.418830 -3.066188 0.003421
 7435.000000 1.254013 2.690359 0.002600
 7436.000000 1.113286 -2.935391 0.002493
 7437.000000 -0.179864 2.981382 0.003142
 7438.000000 -0.360957 2.765111 0.002267
 7439.000000 -0.334344 2.775274 0.002630
 7440.000000 -0.362276 2.834536 0.003561
 7441.000000 1.382874 2.849094 0.003128
 7442.000000 0.993221 3.101965 0.003394
 7443.000000 -0.490298 2.558655 0.003219
 7444.000000 -0.440636 2.751803 0.003502
 7445.000000 -0.355044 2.871887 0.003066
 7446.000000 -0.430880 2.856331 0.002443
 7447.000000 -0.361635 3.131788 0.003248
 7448.000000 1.171773 2.527262 0.003341
 7449.000000 -0.304442 2.812481 0.004951
 7450.000000 0.020001 2.998730 0.004070
 7451.000000 -0.385451 -3.092862 0.003306
 7452.000000 -0.418275 2.730717 0.003399
 7453.000000 -0.105451 2.857577 0.003599
 7454.000000 -0.460457 2.941254 0.003679
 7455.000000 -0.314711 2.884178 0.004911
 7456.000000 -0.469156 2.719602 0.004569
 7457.000000 -0.430202 2.642682 0.003857
 7458.000000 -0.383182 2.679069 0.002988
 7459.000000 -0.482043 -2.937798 0.003437
 7460.000000 -0.505847 -2.858788 0.003230
 7461.000000 0.024359 -2.620824 0.001081
 7462.000000 1.388102 -2.505774 0.000868
 7463.000000 -0.328078 -2.672110 0.000596
 7464.000000 -0.388498 -2.424619 0.000652
 7465.000000 0.541969 -2.588862 0.000154
 7466.000000 1.287300 -3.036520 0.001725
 7467.000000 0.501969 -3.036700 0.001061
 7468.000000 0.351654 -2.893655 0.000764
 7469.000000 -1.671250 -3.128040 0.000945
 7470.000000 0.307339 2.625871 0.000701
 7471.000000 -0.990279 -2.854712 0.000286
 7472.000000 -1.136327 2.481028 0.000887
 7473.000000 -1.029302 -2.847184 0.000456
 7474.000000 -0.367305 2.687114 0.000549
 7475.000000 -0.340148 -2.893834 0.000253
 7476.000000 -1.186218 3.077024 0.000279
 7477.000000 1.036778 -2.626144 0.000510
 7478.000000 -0.354106 -2.369483 0.000429
 7479.000000 -0.380821 -2.363308 0.001039
 7480.000000 -0.614513 -2.560659 0.000873
 7481.000000 1.009229 -2.115445 0.000733
 7482.000000 -0.484034 -2.858851 0.001006
 7483.000000 1.798899 -2.876439 0.002338
 7484.000000 0.210079 -2.768555 0.000814
 7485.000000 0.411424 -2.749064 0.000429
 7486.000000 -0.340354 -2.746811 0.000615
 7487.000000 -1.278093 -2.988605 0.000242
 7488.000000 0.366133 -2.738390 0.000389
 7489.000000 0.226400 -2.726087 0.000239
 7490.000000 0.404421 3.037641 0.000601
 7491.000000 0.473982 2.775932 0.002283
 7492.000000 -0.014214 -2.518348 0.000165
 7493.000000 -1.252528 -2.749941 0.000261
 7494.000000 0.230522 -3.133074 0.000615
 7495.000000 -0.505817 -2.655856 0.000118
 7496.000000 0.293197 -2.786723 0.000224
 7497.000000 -1.566993 2.620271 0.001439
 7498.000000 -0.485445 -2.934939 0.000304
 7499.000000 -0.363605 -2.715053 0.001095
 7500.000000 -0.185310 2.676938 0.000256
 7501.000000 -0.123224 -2.731069 0.001249
 7502.000000 -1.428346 -2.662872 0.000634
 7503.000000 -1.125173 2.973090 0.000926
 7504.000000 -1.033672 -2.838098 0.000785
 7505.000000 0.477593 2.830307 0.000500
 7506.000000 0.070910 3.049068 0.000763
 7507.000000 0.363767 3.029607 0.002386
 7508.000000 1.399704 -2.577075 0.000117
 7509.000000 -0.332735 2.652260 0.000307
 7510.000000 -0.011464 -2.914396 0.000178
 7511.000000 0.197903 -2.695019 0.000226
 7512.000000 0.371002 -2.709230 0.000254
 7513.000000 -1.572158 -1.923916 0.002546
 7514.000000 0.154809 -2.065626 0.001228
 7515.000000 -0.803426 -2.555606 0.000913
 7516.000000 2.302229 -2.697540 0.000207
 7517.000000 -0.375221 -3.034394 0.001091
 7518.000000 0.841631 -2.732923 0.000517
 7519.000000 -0.390979 -2.643836 0.000219
 7520.000000 0.800225 -2.197296 0.000427
 7521.000000 -1.669116 2.940426 0.001428
 7522.000000 0.497128 -3.138107 0.000235
 7523.000000 0.188725 -2.629851 0.000799
 7524.000000 1.121276 -2.571104 0.000162
 7525.000000 -0.942486 2.661434 0.000630
 7526.000000 0.291938 -2.805783 0.000631
 7527.000000 0.365998 -2.652908 0.000328
 7528.000000 -0.274607 -2.603673 0.000538
 7529.000000 0.456216 -2.851927 0.000100
 7530.000000 0.002045 -2.929474 0.000143
 7531.000000 -1.127772 -2.480592 0.000804
 7532.000000 1.090688 -2.164436 0.000401
 7533.000000 0.421300 -2.653377 0.000611
 7534.000000 -2.006525 2.598297 0.000697
 7535.000000 -1.128370 3.042033 0.000414
 7536.000000 0.383914 -2.540879 0.001102
 7537.000000 -0.477766 2.731965 0.000229
 7538.000000 0.116313 -2.656044 0.001006
 7539.000000 -1.637281 -2.393321 0.000311
 7540.000000 -0.362855 -2.177344 0.001088
 7541.000000 0.030409 2.516103 0.000551
 7542.000000 -0.016712 -2.744966 0.000640
 7543.000000 0.433549 3.060112 0.000986
 7544.000000 0.494990 2.910996 0.001122
 7545.000000 -1.218580 3.094848 0.000852
 7546.000000 -1.020795 -3.016634 0.000400
 7547.000000 0.258030 -2.738693 0.000146
 7548.000000 0.309242 -2.217323 0.000227
 7549.000000 0.368744 -2.109256 0.001187
 7550.000000 0.482055 3.069419 0.000411
 7551.000000 -0.759959 -2.379885 0.000287
 7552.000000 -1.458795 -2.652829 0.000415
 7553.000000 0.792619 -2.603334 0.000415
 7554.000000 -2.034956 -1.897623 0.001436
 7555.000000 -1.141049 -2.616336 0.000909
 7556.000000 0.393177 -2.951213 0.000186
 7557.000000 -1.273441 -2.883129 0.000224
 7558.000000 0.317579 -2.139777 0.000617
 7559.000000 1.219860 -2.670151 0.000283
 7560.000000 -0.442323 -2.617750 0.000886
 7561.000000 -0.391679 -2.786505 0.000606
 7562.000000 -0.324295 -2.540372 0.001662
 7563.000000 0.282734 -3.008404 0.001145
 7564.000000 0.083230 -2.830454 0.000699
 7565.000000 0.360231 -2.626623 0.001189
 7566.000000 1.156955 -2.237914 0.001181
 7567.000000 1.326826 -2.719970 0.001035
 7568.000000 -1.768653 -2.649495 0.001469
 7569.000000 0.379985 -2.924427 0.002168
 7570.000000 0.992938 -2.800477 0.000356
 7571.000000 0.238814 -2.720513 0.000219
 7572.000000 -0.330187 -2.721903 0.000354
 7573.000000 0.382932 -2.337525 0.000581
 7574.000000 0.697036 2.766539 0.000422
 7575.000000 0.380427 -2.669139 0.000616
 7576.000000 0.435804 -3.032915 0.000374
 7577.000000 0.291080 -2.352307 0.000403
 7578.000000 0.363338 -2.649504 0.000442
 7579.000000 0.298551 -2.177017 0.000704
 7580.000000 0.366937 -2.979421 0.000480
 7581.000000 0.213916 -2.927883 0.000598
 7582.000000 -1.477571 -2.746383 0.000530
 7583.000000 0.253799 -2.895739 0.000788
 7584.000000 0.322552 -2.731952 0.000527
 7585.000000 -1.899823 -2.397587 0.000303
 7586.000000 1.025002 2.583439 0.000472
 7587.000000 0.323302 -3.079609 0.000750
 7588.000000 0.289844 -2.757624 0.000739
 7589.000000 0.220073 -2.861392 0.001580
 7590.000000 0.060494 2.643841 0.002171
 7591.000000 0.408122 2.890757 0.001844
 7592.000000 0.466850 3.047585 0.002644
 7593.000000 -0.479414 3.095625 0.000818
 7594.000000 -0.290049 -3.096655 0.000969
 7595.000000 1.636837 2.999541 0.002729
 7596.000000 -0.406065 -2.510374 0.001657
 7597.000000 0.237718 -3.073868 0.003178
 7598.000000 0.176648 3.010103 0.001634
 7599.000000 0.123142 -2.270141 0.002685
 7600.000000 -1.585535 2.850334 0.002553
 7601.000000 -1.161511 -2.517500 0.000460
 7602.000000 1.543553 -2.819653 0.002424
 7603.000000 0.890914 -1.878405 0.001244
 7604.000000 1.633366 -2.296133 0.000279
 7605.000000 -0.235482 2.744019 0.000769
 7606.000000 0.590830 3.106990 0.000097
 7607.000000 -0.438889 -2.829206 0.000526
 7608.000000 0.093400 2.820169 0.000750
 7609.000000 0.311007 -3.038909 0.000554
 7610.000000 0.326978 -2.760885 0.000565
 7611.000000 0.220750 2.546499 0.000697
 7612.000000 0.139605 -3.083755 0.000716
 7613.000000 0.065739 -2.441164 0.000864
 7614.000000 0.318088 -2.024550 0.000504
 7615.000000 -1.238334 -2.897448 0.001275
 7616.000000 -0.404424 -2.604274 0.000469
 7617.000000 -0.384641 -2.681341 0.000409
 7618.000000 0.321148 -2.162620 0.003863
 7619.000000 0.648615 -1.993200 0.004551
 7620.000000 -0.095616 -2.684387 0.001495
 7621.000000 0.490326 -2.794971 0.000909
 7622.000000 -0.371243 -2.721410 0.000735
 7623.000000 0.397933 -2.704382 0.000417
 7624.000000 -1.292928 2.673040 0.000603
 7625.000000 1.676802 -2.691107 0.000117
 7626.000000 0.285218 -3.028905 0.000192
 7627.000000 -1.079227 -2.885962 0.001457
 7628.000000 -0.883009 3.004940 0.000596
 7629.000000 1.172461 2.816042 0.000893
 7630.000000 -0.496278 2.751944 0.001778
 7631.000000 -0.501884 -2.880151 0.001736
 7632.000000 0.470283 2.631193 0.000887
 7633.000000 0.296378 -2.485997 0.002673
 7634.000000 0.961310 -2.027749 0.002058
 7635.000000 0.304060 2.472325 0.000965
 7636.000000 0.376336 -2.621912 0.000277
 7637.000000 0.338404 -3.027734 0.001129
 7638.000000 -1.032306 -2.715897 0.000936
 7639.000000 -1.990685 -2.923040 0.001285
 7640.000000 0.284136 3.067703 0.000411
 7641.000000 0.413862 -2.290864 0.001329
 7642.000000 0.385966 -2.402914 0.000375
 7643.000000 -1.065149 -2.929068 0.001452
 7644.000000 0.255365 -3.019358 0.001458
 7645.000000 -0.422963 -3.065658 0.000711
 7646.000000 -0.448643 -2.896477 0.001141
 7647.000000 -1.431460 2.886497 0.000671
 7648.000000 -0.457949 -3.066810 0.000945
 7649.000000 -1.283261 2.653948 0.000286
 7650.000000 -1.087121 -2.613853 0.000256
 7651.000000 0.067896 -2.906234 0.000393
 7652.000000 0.243536 -2.652148 0.000307
 7653.000000 0.377658 -2.485325 0.000668
 7654.000000 0.391511 -2.994721 0.001396
 7655.000000 0.216805 2.917759 0.001469
 7656.000000 0.223269 -2.932044 0.001048
 7657.000000 0.244244 2.597812 0.000974
 7658.000000 0.364539 -2.808083 0.001512
 7659.000000 0.410043 3.030967 0.001573
 7660.000000 0.462000 -3.020028 0.001378
 7661.000000 0.438968 3.091641 0.001287
 7662.000000 0.439134 2.843593 0.000952
 7663.000000 0.369482 -3.072322 0.001207
 7664.000000 0.388588 -2.913038 0.001135
 7665.000000 0.354975 -3.001299 0.001203
 7666.000000 0.206186 -2.896031 0.001052
 7667.000000 -0.289456 2.566399 0.000719
 7668.000000 -0.164521 3.038996 0.000979
 7669.000000 -1.168502 2.699661 0.001054
 7670.000000 -1.241367 2.925339 0.000770
 7671.000000 -1.790467 -1.585047 0.000168
 7672.000000 -1.552031 3.118854 0.000803
 7673.000000 -1.463466 -3.090329 0.001007
 7674.000000 0.850545 -2.746344 0.001098
 7675.000000 0.157653 -2.770373 0.000654
 7676.000000 -0.536562 3.043047 0.001197
 7677.000000 0.202927 -2.779134 0.001414
 7678.000000 0.236364 -2.745848 0.001553
 7679.000000 0.302637 -2.471153 0.001198
 7680.000000 -0.041673 -2.803329 0.001530
 7681.000000 0.215988 -2.876327 0.001450
 7682.000000 0.155657 -2.709757 0.001432
 7683.000000 0.236448 -2.765392 0.001074
 7684.000000 -0.368852 -2.799167 0.000955
 7685.000000 1.475526 -2.741286 0.000550
 7686.000000 1.344634 -2.754783 0.001390
 7687.000000 0.221244 -2.691268 0.000547
 7688.000000 0.247316 3.119432 0.000410
 7689.000000 -1.293452 -2.792881 0.000263
 7690.000000 0.896508 -2.629158 0.000267
 7691.000000 -0.738397 2.764685 0.001284
 7692.000000 -0.040952 2.848878 0.002287
 7693.000000 -0.841812 -2.854813 0.000824
 7694.000000 -0.027965 -2.651178 0.000175
 7695.000000 0.180753 -2.721372 0.000735
 7696.000000 0.507545 -2.440680 0.000614
 7697.000000 -0.306088 2.154842 0.000282
 7698.000000 0.281356 -2.454437 0.000758
 7699.000000 0.392621 -2.420998 0.000511
 7700.000000 -0.205553 -2.091595 0.001174
 7701.000000 -1.260895 -2.609074 0.000471
 7702.000000 -1.380848 -2.561286 0.000587
 7703.000000 -1.539674 -2.526183 0.000537
 7704.000000 0.280484 3.047356 0.001032
 7705.000000 0.374883 -2.773691 0.000673
 7706.000000 -0.890484 -2.782752 0.000136
 7707.000000 0.017633 -2.229519 0.000243
 7708.000000 0.183223 -3.091954 0.000569
 7709.000000 -0.433592 -2.720801 0.000307
 7710.000000 -0.104663 -2.341245 0.000211
 7711.000000 0.397112 -2.746622 0.000514
 7712.000000 -0.383659 -2.651411 0.000285
 7713.000000 0.552365 -2.756749 0.001483
 7714.000000 0.429656 -1.830023 0.000514
 7715.000000 -0.465985 -2.674925 0.000295
 7716.000000 -0.331239 -2.667955 0.000657
 7717.000000 0.414815 -2.350674 0.000162
 7718.000000 0.169710 -2.346133 0.000124
 7719.000000 0.828602 -2.110479 0.000394
 7720.000000 0.297755 -2.022123 0.000563
 7721.000000 -0.150109 -1.305594 0.000869
 7722.000000 0.341290 -2.595722 0.000378
 7723.000000 0.430004 -1.950289 0.000652
 7724.000000 0.242931 2.926038 0.000439
 7725.000000 -1.119006 -2.847844 0.000730
 7726.000000 0.384635 2.729301 0.000376
 7727.000000 -0.280782 -2.091078 0.000534
 7728.000000 1.473131 -2.776908 0.000565
 7729.000000 -0.201024 -2.582824 0.001237
 7730.000000 -0.460548 -2.695646 0.000430
 7731.000000 -0.952732 -3.071646 0.000408
 7732.000000 0.435931 2.710592 0.001096
 7733.000000 -1.561276 2.744933 0.000805
 7734.000000 0.267926 -2.846503 0.000513
 7735.000000 0.356121 -2.963793 0.000495
 7736.000000 0.457504 -2.598955 0.000732
 7737.000000 0.282930 -2.833391 0.000297
 7738.000000 -1.180988 -2.645612 0.000286
 7739.000000 -0.661171 -2.628328 0.001295
 7740.000000 0.169472 3.023905 0.000154
 7741.000000 0.336444 2.984276 0.002587
 7742.000000 0.306147 2.878243 0.002654
 7743.000000 0.410018 2.895191 0.001358
 7744.000000 0.367014 -3.083763 0.001386
 7745.000000 0.215060 -2.931249 0.001127
 7746.000000 0.066041 3.112445 0.003114
 7747.000000 0.248393 -1.700810 0.000609
 7748.000000 0.012585 -2.069030 0.000381
 7749.000000 0.313476 -2.719065 0.001920
 7750.000000 1.349130 2.787590 0.000983
 7751.000000 1.482786 2.948094 0.001614
 7752.000000 0.187881 -2.726852 0.001622
 7753.000000 0.326245 -2.373967 0.001045
 7754.000000 0.821646 -2.932398 0.000357
 7755.000000 0.477573 2.913451 0.000742
 7756.000000 0.497983 2.956935 0.000489
 7757.000000 0.451216 -3.060493 0.000918
 7758.000000 0.474712 2.936534 0.001900
 7759.000000 -1.125378 -2.751926 0.000547
 7760.000000 0.336312 -2.250204 0.001199
 7761.000000 -0.392222 3.081269 0.000685
 7762.000000 1.445140 2.715478 0.000817
 7763.000000 1.043694 -2.703082 0.000166
 7764.000000 -1.351187 -2.845875 0.000352
 7765.000000 0.649308 -2.671839 0.000126
 7766.000000 0.403593 2.542205 0.000325
 7767.000000 -1.070565 -2.756073 0.000419
 7768.000000 0.315766 -2.367047 0.000483
 7769.000000 0.374559 -2.932596 0.000345
 7770.000000 -0.398101 2.796691 0.000984
 7771.000000 -1.301451 2.410516 0.000712
 7772.000000 -0.773841 2.299074 0.000291
 7773.000000 -0.332594 -2.811945 0.000932
 7774.000000 0.406052 3.113281 0.000156
 7775.000000 -1.465324 -3.047920 0.000834
 7776.000000 1.275828 2.650707 0.000379
 7777.000000 0.272121 2.587803 0.000208
 7778.000000 1.040912 2.699884 0.000379
 7779.000000 -0.455763 -2.648649 0.000278
 7780.000000 0.228014 -2.931317 0.000260
 7781.000000 0.121353 2.565591 0.000173
 7782.000000 -1.835610 2.948070 0.000587
 7783.000000 1.256562 2.833086 0.000700
 7784.000000 0.314400 -2.697345 0.000197
 7785.000000 -0.484193 -2.187215 0.000779
 7786.000000 0.159667 -2.944985 0.000751
 7787.000000 -0.359305 -2.665455 0.001425
 7788.000000 0.362868 -2.827910 0.000233
 7789.000000 -1.091240 2.899085 0.000172
 7790.000000 -0.014903 -2.634887 0.000298
 7791.000000 0.459688 2.467455 0.000283
 7792.000000 1.216409 -2.632742 0.001268
 7793.000000 -0.431305 -2.904743 0.000640
 7794.000000 1.376673 -2.832976 0.000384
 7795.000000 0.189133 2.967225 0.001646
 7796.000000 0.395460 -2.746249 0.000402
 7797.000000 -1.360400 3.041191 0.000441
 7798.000000 0.251945 -2.945114 0.000388
 7799.000000 0.113988 -2.769224 0.000228
 7800.000000 0.152571 3.045082 0.000223
 7801.000000 0.441936 2.700328 0.000195
 7802.000000 0.196813 3.132508 0.000215
 7803.000000 1.536040 -2.709079 0.000798
 7804.000000 -0.351155 -2.049864 0.000970
 7805.000000 -0.502965 -1.977877 0.000288
 7806.000000 0.111611 3.116270 0.000977
 7807.000000 -1.234129 2.920062 0.000629
 7808.000000 0.353245 -3.032357 0.000148
 7809.000000 -0.236764 2.726131 0.000585
 7810.000000 0.626434 2.971333 0.000320
 7811.000000 0.317955 -2.556964 0.000234
 7812.000000 1.526597 -2.140630 0.001055
 7813.000000 -0.492300 -2.742751 0.001249
 7814.000000 0.431392 -2.293793 0.000756
 7815.000000 0.732893 -2.537987 0.000667
 7816.000000 0.480668 2.906770 0.000415
 7817.000000 0.291264 -2.793971 0.000421
 7818.000000 0.428947 -3.139547 0.000125
 7819.000000 0.101221 3.118896 0.000146
 7820.000000 -1.439357 -2.663052 0.000236
 7821.000000 0.487011 -2.739416 0.000543
 7822.000000 0.274694 -2.666357 0.000154
 7823.000000 0.480699 -2.634335 0.000065
 7824.000000 1.056788 -2.885211 0.000530
 7825.000000 0.386598 -2.814073 0.000916
 7826.000000 -1.006287 -2.657457 0.001185
 7827.000000 -0.193513 -2.698965 0.001886
 7828.000000 -0.155974 -2.613909 0.000846
 7829.000000 0.470426 -2.397146 0.000730
 7830.000000 -1.325810 -2.672050 0.000904
 7831.000000 0.463340 -2.292382 0.000664
 7832.000000 -0.429814 -2.585847 0.001189
 7833.000000 -0.314192 3.079171 0.000222
 7834.000000 1.080416 -3.057970 0.000759
 7835.000000 0.279644 -2.364647 0.000511
 7836.000000 -0.268409 -1.928793 0.000950
 7837.000000 0.321037 2.530646 0.000517
 7838.000000 -0.404093 -2.612877 0.000359
 7839.000000 0.129955 -2.257592 0.000576
 7840.000000 0.524764 -2.402419 0.000806
 7841.000000 0.119290 -2.517818 0.001745
 7842.000000 0.252969 -2.696086 0.001604
 7843.000000 0.167679 -2.542975 0.001046
 7844.000000 -0.313325 -2.496126 0.000526
 7845.000000 0.052087 -2.527245 0.001708
 7846.000000 0.424308 -2.437015 0.001531
 7847.000000 0.157541 -2.125828 0.001899
 7848.000000 0.507250 -2.921827 0.001724
 7849.000000 -1.355115 -2.680518 0.000246
 7850.000000 0.269290 -3.038958 0.000394
 7851.000000 1.282633 -2.659724 0.000465
 7852.000000 0.316014 3.021028 0.000999
 7853.000000 -0.412841 -3.036757 0.000784
 7854.000000 0.615520 -2.020618 0.000743
 7855.000000 -1.225487 -2.766013 0.000837
 7856.000000 -0.226920 -2.710124 0.001123
 7857.000000 0.471266 -2.696189 0.001515
 7858.000000 0.268103 -2.641680 0.001100
 7859.000000 0.420020 -3.055033 0.000970
 7860.000000 0.173806 2.760114 0.001659
 7861.000000 -0.249481 -2.415592 0.001009
 7862.000000 0.345131 -2.707310 0.000707
 7863.000000 0.202795 -1.193962 0.001007
 7864.000000 -1.384084 -2.578323 0.001150
 7865.000000 -1.351592 -2.758222 0.001295
 7866.000000 0.362460 -2.744873 0.000725
 7867.000000 0.145867 -2.894768 0.004406
 7868.000000 0.172785 3.028533 0.005751
 7869.000000 -0.041630 3.098912 0.005152
 7870.000000 0.147039 3.032561 0.005129
 7871.000000 0.072265 2.996530 0.004491
 7872.000000 -0.705014 3.130702 0.003382
 7873.000000 1.129754 3.106805 0.002697
 7874.000000 -0.200559 2.710280 0.001450
 7875.000000 -0.552714 -3.034080 0.002155
 7876.000000 -0.332786 3.070192 0.003556
 7877.000000 -0.230880 2.827220 0.003451
 7878.000000 -0.503912 -3.054486 0.003839
 7879.000000 -0.469474 -2.976077 0.002929
 7880.000000 -0.470892 2.482725 0.003270
 7881.000000 -0.172305 -3.136128 0.004669
 7882.000000 1.542987 2.851390 0.003245
 7883.000000 -0.089450 -2.984244 0.002662
 7884.000000 -0.386598 -3.122710 0.003919
 7885.000000 -0.521289 2.988843 0.003188
 7886.000000 -0.437040 -2.334940 0.005671
 7887.000000 -0.473452 -2.444931 0.005401
 7888.000000 -0.308953 -3.107308 0.002745
 7889.000000 1.443937 2.806118 0.003328
 7890.000000 1.062266 2.552413 0.002943
 7891.000000 -0.502004 2.735390 0.002812
 7892.000000 1.514229 2.610127 0.003086
 7893.000000 -0.400232 2.783695 0.003229
 7894.000000 0.956267 2.833866 0.002915
 7895.000000 -0.095821 2.639602 0.003719
 7896.000000 -0.435278 2.525058 0.002494
 7897.000000 -0.358487 2.892921 0.003497
 7898.000000 1.353894 2.702827 0.003152
 7899.000000 -0.420233 -3.010677 0.002832
 7900.000000 -0.209531 2.479567 0.004222
 7901.000000 0.828008 2.578363 0.003132
 7902.000000 -0.092444 2.831466 0.004555
 7903.000000 -0.152836 2.665559 0.003358
 7904.000000 -0.125271 -2.874358 0.003437
 7905.000000 -0.326940 -3.019680 0.003542
 7906.000000 -0.277005 -2.725867 0.006914
 7907.000000 -0.331055 -2.969834 0.007562
 7908.000000 -0.251998 2.860222 0.005380
 7909.000000 -0.400590 3.022375 0.005881
 7910.000000 -0.469078 2.927423 0.003905
 7911.000000 -0.404060 2.952099 0.002765
 7912.000000 -0.261470 2.836421 0.002856
 7913.000000 -0.493732 2.633596 0.003461
 7914.000000 1.158853 2.851231 0.003994
 7915.000000 0.957976 2.656065 0.003326
 7916.000000 -0.378604 2.675419 0.003252
 7917.000000 -0.338077 2.921355 0.003028
 7918.000000 -0.208003 -2.988823 0.002846
 7919.000000 -0.363348 2.860295 0.003431
 7920.000000 -0.134657 3.107123 0.003291
 7921.000000 -0.321303 -2.750262 0.003017
 7922.000000 -0.405829 2.772775 0.002777
 7923.000000 -0.389398 2.844354 0.003187
 7924.000000 1.298847 2.587172 0.003378
 7925.000000 -0.093689 2.678902 0.002112
 7926.000000 1.464384 -2.776696 0.003382
 7927.000000 -0.278833 3.094465 0.003516
 7928.000000 -0.446614 2.805582 0.003631
 7929.000000 1.113662 2.719450 0.003123
 7930.000000 1.152965 2.757302 0.002850
 7931.000000 0.920976 2.587830 0.002670
 7932.000000 1.293398 2.731030 0.002658
 7933.000000 1.353277 2.723204 0.003289
 7934.000000 -0.517690 2.750611 0.002815
 7935.000000 1.554036 2.812627 0.003301
 7936.000000 1.102329 2.759210 0.003017
 7937.000000 -0.264330 2.789115 0.003494
 7938.000000 -0.446029 -3.113126 0.003198
 7939.000000 -0.396263 2.908939 0.002798
 7940.000000 -0.335395 -2.910351 0.005640
 7941.000000 -0.040534 2.751845 0.002880
 7942.000000 -0.207596 2.663958 0.002842
 7943.000000 -0.468421 2.656722 0.003493
 7944.000000 -0.311886 2.872626 0.003254
 7945.000000 -0.068524 2.746385 0.003555
 7946.000000 -0.476332 -3.097630 0.002863
 7947.000000 -0.338085 3.044848 0.003067
 7948.000000 -0.145765 -3.138963 0.003139
 7949.000000 1.594308 2.255637 0.002362
 7950.000000 -0.496967 2.768570 0.003133
 7951.000000 -0.317887 2.516754 0.002747
 7952.000000 -0.535452 3.026692 0.002156
 7953.000000 1.729782 -2.899778 0.001143
 7954.000000 0.785703 2.637914 0.001300
 7955.000000 0.432929 2.850122 0.001579
 7956.000000 0.265638 2.776763 0.001467
 7957.000000 0.396632 -2.805642 0.000312
 7958.000000 -0.421638 -2.963421 0.000266
 7959.000000 -0.457653 2.893007 0.000331
 7960.000000 0.092067 -2.918561 0.000091
 7961.000000 0.262059 -2.862117 0.000301
 7962.000000 -1.241681 2.676316 0.000394
 7963.000000 -1.362595 -2.972587 0.000506
 7964.000000 -0.424934 -2.569566 0.000866
 7965.000000 0.475662 -2.629407 0.000254
 7966.000000 -0.384247 3.034070 0.000536
 7967.000000 0.442054 3.042511 0.000484
 7968.000000 -1.035206 2.749568 0.000296
 7969.000000 0.342002 -2.626129 0.000562
 7970.000000 0.516863 -1.916557 0.000318
 7971.000000 0.111069 -2.965887 0.000373
 7972.000000 -0.197796 3.091790 0.000175
 7973.000000 0.326198 -3.109682 0.000823
 7974.000000 1.529488 2.433897 0.000145
 7975.000000 -0.157821 -2.996487 0.001086
 7976.000000 1.698996 -2.590116 0.000323
 7977.000000 -1.272950 -2.718018 0.000915
 7978.000000 0.331375 -2.567400 0.000636
 7979.000000 1.451871 -2.827390 0.000986
 7980.000000 -1.423233 -2.678856 0.000819
 7981.000000 -1.355217 -2.610850 0.000837
 7982.000000 0.346079 -2.836258 0.000904
 7983.000000 0.296677 -2.728113 0.000630
 7984.000000 1.330959 -2.593532 0.000815
 7985.000000 -0.413092 2.961624 0.000551
 7986.000000 -1.063381 -2.727404 0.000664
 7987.000000 -0.500336 -2.675534 0.001090
 7988.000000 0.372385 2.776517 0.000723
 7989.000000 0.315314 -2.728210 0.000440
 7990.000000 0.368223 -2.402377 0.000690
 7991.000000 0.064358 -2.800241 0.000702
 7992.000000 -0.274882 -2.489841 0.000989
 7993.000000 0.389694 -2.051984 0.001972
 7994.000000 0.232658 -2.364389 0.001453
 7995.000000 0.247879 -2.728023 0.001870
 7996.000000 0.356594 -2.316133 0.004384
 7997.000000 0.294054 -2.346435 0.002995
 7998.000000 0.288289 -2.441165 0.003606
 7999.000000 0.187295 -2.794516 0.004520
 8000.000000 0.415778 -2.613301 0.003425
 8001.000000 0.245079 -2.024937 0.002804
 8002.000000 0.171314 -2.374281 0.003469
 8003.000000 0.377554 -2.231307 0.001869
 8004.000000 0.358201 -2.855517 0.002846
 8005.000000 0.306605 -1.574058 0.002192
 8006.000000 0.253116 -2.177102 0.002420
 8007.000000 0.236822 -2.276264 0.002473
 8008.000000 0.315161 -1.560118 0.001848
 8009.000000 0.139240 -2.383114 0.002361
 8010.000000 0.185202 -2.649953 0.002251
 8011.000000 0.261923 -1.625682 0.001588
 8012.000000 0.377842 -2.533804 0.001616
 8013.000000 0.206315 -2.035840 0.002090
 8014.000000 0.395120 -2.498719 0.001050
 8015.000000 0.343475 -3.065275 0.002597
 8016.000000 0.390038 -2.932703 0.003910
 8017.000000 0.388877 -1.956074 0.001536
 8018.000000 -1.482396 -3.126429 0.001951
 8019.000000 0.090219 -2.823441 0.004936
 8020.000000 -0.044791 -2.356936 0.002791
 8021.000000 0.230580 3.091920 0.002933
 8022.000000 0.050182 -2.672009 0.004590
 8023.000000 0.313737 -2.807942 0.003962
 8024.000000 0.432426 -2.697361 0.003727
 8025.000000 0.328840 -3.061095 0.002827
 8026.000000 0.261015 -2.994587 0.002726
 8027.000000 0.710070 -2.614510 0.001705
 8028.000000 0.271215 -2.049002 0.001414
 8029.000000 0.203859 -2.785712 0.001281
 8030.000000 0.327787 -2.684065 0.001324
 8031.000000 -1.622804 2.963798 0.000647
 8032.000000 0.223053 -2.836539 0.000314
 8033.000000 0.418385 2.863274 0.000705
 8034.000000 1.395453 -2.912323 0.000778
 8035.000000 0.306890 2.932947 0.000204
 8036.000000 -1.643591 2.925248 0.000598
 8037.000000 0.323495 3.106825 0.000119
 8038.000000 0.405754 -1.958319 0.000330
 8039.000000 -1.871438 -2.651624 0.000551
 8040.000000 -0.312683 -2.986443 0.000867
 8041.000000 -0.276894 -2.711745 0.000190
 8042.000000 -0.104092 -2.498790 0.000399
 8043.000000 0.462163 -2.629035 0.000287
 8044.000000 -0.364498 -2.586916 0.000386
 8045.000000 1.446119 -2.653384 0.000355
 8046.000000 1.354012 -2.615155 0.000818
 8047.000000 0.479124 -2.618838 0.000768
 8048.000000 -0.351176 -2.346168 0.000956
 8049.000000 1.481828 -2.782939 0.000774
 8050.000000 -0.449277 -2.867676 0.000521
 8051.000000 0.427845 2.679498 0.000998
 8052.000000 0.313881 -2.996771 0.000161
 8053.000000 -0.530199 -2.708922 0.000430
 8054.000000 -0.387478 -2.851154 0.000432
 8055.000000 -1.369569 -2.677398 0.000391
 8056.000000 -0.601589 -2.330287 0.001115
 8057.000000 -0.486546 -2.582673 0.001099
 8058.000000 -0.450565 -2.081616 0.001503
 8059.000000 0.232715 -2.560665 0.001284
 8060.000000 -0.812886 -1.898223 0.001249
 8061.000000 -0.390567 -2.187436 0.000614
 8062.000000 0.286991 -2.489075 0.000270
 8063.000000 1.268285 -2.623991 0.000410
 8064.000000 0.218584 -2.792372 0.000384
 8065.000000 1.879234 -2.314339 0.000202
 8066.000000 -0.520228 -3.023190 0.002242
 8067.000000 -0.405353 2.713870 0.000415
 8068.000000 0.594992 2.571419 0.000365
 8069.000000 0.367252 -2.645427 0.000428
 8070.000000 1.318962 -2.169471 0.000377
 8071.000000 0.379316 2.963237 0.000335
 8072.000000 0.188437 -2.804568 0.000289
 8073.000000 -1.379318 3.090503 0.000444
 8074.000000 0.149407 2.733861 0.000106
 8075.000000 0.203342 2.841882 0.000692
 8076.000000 -0.314870 -2.687979 0.000443
 8077.000000 1.220023 -2.614145 0.000534
 8078.000000 0.423003 3.129161 0.000662
 8079.000000 -0.026509 3.103221 0.000233
 8080.000000 0.096926 3.048914 0.000123
 8081.000000 1.364131 -2.113293 0.001098
 8082.000000 1.092357 -2.724056 0.000248
 8083.000000 -0.497503 -2.655388 0.000212
 8084.000000 0.325330 -3.087744 0.000465
 8085.000000 0.472522 -2.820320 0.000483
 8086.000000 0.195849 -2.393944 0.001115
 8087.000000 0.321660 -2.483719 0.001211
 8088.000000 0.343464 -2.793538 0.001219
 8089.000000 0.312914 -2.628804 0.000782
 8090.000000 -1.299128 -2.624585 0.000803
 8091.000000 -1.385772 -2.627192 0.001209
 8092.000000 0.961930 -2.686984 0.001114
 8093.000000 0.857768 -2.827018 0.000935
 8094.000000 0.395632 2.892605 0.001275
 8095.000000 -0.006385 -3.088622 0.002937
 8096.000000 -0.263368 2.854490 0.003564
 8097.000000 -0.383548 2.779408 0.003446
 8098.000000 1.433585 3.055096 0.002691
 8099.000000 -0.330001 2.852392 0.003571
 8100.000000 1.452651 2.997322 0.003002
 8101.000000 -0.329149 2.432259 0.003370
 8102.000000 1.378191 2.675759 0.003201
 8103.000000 1.175709 2.619010 0.003622
 8104.000000 -0.402647 2.909267 0.002949
 8105.000000 1.122544 2.977884 0.003287
 8106.000000 -0.420515 2.761745 0.003120
 8107.000000 -0.500005 2.859556 0.002071
 8108.000000 -0.393654 2.890967 0.003542
 8109.000000 0.128064 2.728467 0.003158
 8110.000000 1.040867 2.606798 0.003677
 8111.000000 -0.341052 2.642246 0.003411
 8112.000000 -0.351183 2.617503 0.002579
 8113.000000 -0.348721 2.835375 0.003445
 8114.000000 -0.535340 -2.948153 0.003195
 8115.000000 -0.174942 2.786256 0.003281
 8116.000000 -0.400084 2.919258 0.004378
 8117.000000 0.810472 2.854441 0.003115
 8118.000000 1.288177 2.637127 0.002682
 8119.000000 -0.084797 2.778429 0.003343
 8120.000000 -0.106680 2.649625 0.002300
 8121.000000 -0.343043 2.650595 0.003813
 8122.000000 -0.373625 3.037187 0.003450
 8123.000000 1.385558 -2.996814 0.003556
 8124.000000 -0.478858 2.921380 0.002929
 8125.000000 -0.470599 2.979796 0.003674
 8126.000000 0.664917 -3.043758 0.003372
 8127.000000 -0.495343 2.746196 0.003824
 8128.000000 1.363384 -3.136719 0.003133
 8129.000000 1.705050 2.576530 0.002887
 8130.000000 1.524379 2.469490 0.003423
 8131.000000 -0.421930 2.790908 0.003268
 8132.000000 -0.398531 2.782791 0.002846
 8133.000000 -0.183174 2.704876 0.003179
 8134.000000 -0.447921 2.719269 0.003117
 8135.000000 -0.387607 2.876355 0.003675
 8136.000000 -0.379042 2.958093 0.003847
 8137.000000 -0.400812 3.113256 0.003469
 8138.000000 -0.392599 2.830098 0.003345
 8139.000000 -0.468301 -3.079503 0.003340
 8140.000000 -0.205074 2.798477 0.003559
 8141.000000 0.925184 2.776816 0.003239
 8142.000000 -0.513616 2.865006 0.002958
 8143.000000 -0.369398 2.713009 0.003285
 8144.000000 1.123262 2.935418 0.002635
 8145.000000 1.373806 2.832442 0.002956
 8146.000000 1.340554 2.402654 0.003696
 8147.000000 -0.426792 2.763266 0.003602
 8148.000000 1.281606 3.078859 0.002632
 8149.000000 1.431992 2.665132 0.003620
 8150.000000 -0.319656 2.990469 0.003536
 8151.000000 -0.300828 3.075867 0.003380
 8152.000000 -0.321083 2.982002 0.003053
 8153.000000 -0.369589 -2.930605 0.005976
 8154.000000 -0.454960 2.783456 0.005797
 8155.000000 -0.203173 2.993247 0.005253
 8156.000000 -0.270340 2.723385 0.005985
 8157.000000 -0.411189 2.966014 0.006695
 8158.000000 -0.310805 2.537524 0.002818
 8159.000000 1.212290 2.865196 0.003692
 8160.000000 1.221487 3.052604 0.003290
 8161.000000 1.448004 2.702568 0.002662
 8162.000000 1.147263 2.832495 0.002736
 8163.000000 -0.300965 2.737542 0.004658
 8164.000000 -0.114374 2.797188 0.004324
 8165.000000 -0.312997 2.835724 0.006631
 8166.000000 -0.455519 -2.948681 0.006185
 8167.000000 -0.186007 2.748400 0.002932
 8168.000000 1.124330 -2.978036 0.002767
 8169.000000 -0.342113 2.996745 0.003056
 8170.000000 1.714453 3.130756 0.003417
 8171.000000 -0.391598 3.099953 0.003302
 8172.000000 -0.284473 3.113616 0.003284
 8173.000000 0.714310 2.792489 0.003642
 8174.000000 0.938694 -3.138702 0.004352
 8175.000000 1.065359 2.879305 0.002144
 8176.000000 1.268999 2.953100 0.002534
 8177.000000 1.246700 2.933648 0.003619
 8178.000000 1.152727 3.061739 0.002635
 8179.000000 -0.143210 2.689706 0.003063
 8180.000000 -0.102545 -2.871992 0.003320
 8181.000000 1.361248 2.917054 0.002748
 8182.000000 1.633409 2.721376 0.002895
 8183.000000 -0.333263 2.661346 0.002709
 8184.000000 1.153352 2.787672 0.002999
 8185.000000 1.438671 2.710615 0.003481
 8186.000000 -0.516160 3.134030 0.002929
 8187.000000 -0.374853 2.764306 0.003144
 8188.000000 -0.307674 2.824909 0.003489
 8189.000000 -0.489561 2.540796 0.003071
 8190.000000 -0.342876 3.047421 0.003143
 8191.000000 -0.367100 2.987651 0.003724
 8192.000000 -0.684667 -3.069973 0.002403
 8193.000000 -0.205302 2.776926 0.002647
 8194.000000 -0.216969 -2.988611 0.003232
 8195.000000 -0.332930 2.498536 0.002725
 8196.000000 -0.183967 2.846529 0.002879
 8197.000000 -0.460879 2.886408 0.003302
 8198.000000 1.385762 3.031663 0.003000
 8199.000000 0.846149 -3.109828 0.002373
 8200.000000 1.696961 2.872862 0.003012
 8201.000000 -0.471972 2.862691 0.003470
 8202.000000 -0.179654 2.341731 0.003258
 8203.000000 -0.394403 2.801977 0.003461
 8204.000000 -0.341818 2.738192 0.003438
 8205.000000 -0.382528 3.087167 0.003260
 8206.000000 -0.387052 3.064549 0.004317
 8207.000000 -0.149560 -3.003248 0.006895
 8208.000000 -0.430771 3.137179 0.006456
 8209.000000 -0.351114 3.040646 0.006263
 8210.000000 -0.337929 2.994923 0.005807
 8211.000000 -0.456274 -2.996378 0.006224
 8212.000000 -0.234816 -3.014188 0.005867
 8213.000000 -0.235691 -3.090620 0.006888
 8214.000000 1.187369 2.716805 0.003373
 8215.000000 0.850047 2.923379 0.002633
 8216.000000 -0.088035 2.570628 0.003304
 8217.000000 -0.371983 3.098549 0.002739
 8218.000000 -0.224063 2.825279 0.003037
 8219.000000 1.108450 2.708493 0.003559
 8220.000000 -0.308552 2.844981 0.002934
 8221.000000 -0.300768 3.007721 0.002828
 8222.000000 -0.303247 2.981202 0.003003
 8223.000000 0.906972 2.746671 0.003255
 8224.000000 -0.304977 2.461272 0.002934
 8225.000000 -0.509356 -2.880763 0.003037
 8226.000000 1.242252 -2.984699 0.004013
 8227.000000 -0.340869 2.808164 0.003606
 8228.000000 -0.230388 2.760593 0.003352
 8229.000000 -0.220738 2.762737 0.003522
 8230.000000 -0.169791 2.400388 0.002845
 8231.000000 -0.411196 2.786410 0.003105
 8232.000000 1.182893 -2.801703 0.002814
 8233.000000 -0.255758 3.131848 0.003215
 8234.000000 -0.483240 2.897624 0.003674
 8235.000000 1.197998 2.700301 0.003017
 8236.000000 -0.394520 -2.682719 0.004598
 8237.000000 1.174113 3.035281 0.002638
 8238.000000 1.173632 2.081093 0.003670
 8239.000000 -0.419998 3.111778 0.003822
 8240.000000 -0.338255 3.027610 0.003945
 8241.000000 -0.402123 2.839642 0.004082
 8242.000000 -0.078971 3.057393 0.003432
 8243.000000 0.690125 2.790161 0.002626
 8244.000000 -0.453963 2.977273 0.004942
 8245.000000 -0.292975 2.610151 0.003322
 8246.000000 -0.024984 3.032901 0.004684
 8247.000000 1.318254 2.857520 0.003220
 8248.000000 -0.418606 -3.026972 0.003213
 8249.000000 -0.260738 3.092276 0.003218
 8250.000000 -0.329621 -3.123994 0.002734
 8251.000000 -0.290703 2.780210 0.003430
 8252.000000 1.577558 2.944615 0.002463
 8253.000000 -0.409040 -2.956466 0.003582
 8254.000000 1.867662 -2.926816 0.003506
 8255.000000 1.275161 2.672304 0.003542
 8256.000000 1.234480 3.076965 0.003814
 8257.000000 -0.363751 2.971799 0.003485
 8258.000000 -0.445469 2.772967 0.003822
 8259.000000 1.135200 2.751625 0.002241
 8260.000000 -0.455382 -3.053272 0.002768
 8261.000000 -0.336149 2.882705 0.003431
 8262.000000 1.345341 2.678078 0.003390
 8263.000000 -0.432636 2.579280 0.002949
 8264.000000 -0.372200 2.661809 0.005453
 8265.000000 -0.351076 -3.048367 0.003006
 8266.000000 1.213448 2.682413 0.003427
 8267.000000 -0.191906 2.953141 0.002910
 8268.000000 -0.287939 2.463693 0.002754
 8269.000000 1.083250 2.935948 0.003279
 8270.000000 1.308879 2.744462 0.002994
 8271.000000 -0.271092 3.122957 0.003471
 8272.000000 -0.147894 2.509500 0.003240
 8273.000000 -0.331118 -2.981292 0.002921
 8274.000000 -0.417765 2.907648 0.003095
 8275.000000 0.155771 -3.126858 0.006505
 8276.000000 0.299414 2.577618 0.005402
 8277.000000 0.373503 -1.797763 0.003294
 8278.000000 -0.658372 -2.615426 0.003729
 8279.000000 0.828640 -2.926890 0.003587
 8280.000000 -0.600815 -2.078937 0.003462
 8281.000000 0.591423 -2.552228 0.003852
 8282.000000 -0.575942 -2.015791 0.004884
 8283.000000 -0.558337 -2.791388 0.002564
 8284.000000 -0.626037 -2.514218 0.004497
 8285.000000 1.551657 -2.451349 0.003049
 8286.000000 -0.678548 -2.347528 0.003152
 8287.000000 -0.660271 -2.481353 0.004648
 8288.000000 -0.701898 -2.563767 0.003910
 8289.000000 0.024028 -2.387384 0.004803
 8290.000000 0.405814 -2.309748 0.001200
 8291.000000 0.365578 -1.964511 0.004265
 8292.000000 0.318387 -2.193748 0.002539
 8293.000000 0.180063 -2.316890 0.004102
 8294.000000 0.028029 -2.655774 0.004191
 8295.000000 0.045234 -2.456898 0.004657
 8296.000000 0.253491 -2.370482 0.003855
 8297.000000 0.243664 -2.471967 0.004882
 8298.000000 0.212627 -2.596221 0.004450
 8299.000000 0.415656 -2.429820 0.004087
 8300.000000 0.103859 -2.301290 0.003507
 8301.000000 0.326206 -2.684305 0.003931
 8302.000000 0.201907 -1.962895 0.003640
 8303.000000 0.440388 3.079066 0.001418
 8304.000000 0.341597 -2.697258 0.000426
 8305.000000 0.202417 -2.890290 0.001592
 8306.000000 0.274104 -2.341147 0.000999
 8307.000000 -1.177118 -2.458995 0.001761
 8308.000000 -0.366855 3.100841 0.000695
 8309.000000 0.590020 2.796062 0.000392
 8310.000000 0.445576 -2.329590 0.000210
 8311.000000 0.318012 -2.960925 0.000660
 8312.000000 -0.265676 -2.438288 0.000820
 8313.000000 -0.608466 -2.752757 0.000614
 8314.000000 -0.270997 2.775482 0.000648
 8315.000000 -0.413804 -2.820129 0.000414
 8316.000000 -0.404933 -2.816352 0.000324
 8317.000000 -1.421288 -2.619724 0.000546
 8318.000000 0.484961 -2.613861 0.000297
 8319.000000 0.458192 -2.352050 0.000216
 8320.000000 0.465861 2.503026 0.000531
 8321.000000 0.509854 -2.896760 0.000588
 8322.000000 -0.407002 -2.670260 0.000590
 8323.000000 -1.139771 2.912108 0.000154
 8324.000000 0.234364 -2.729494 0.000548
 8325.000000 -1.245657 3.116248 0.000574
 8326.000000 -0.722443 -2.370297 0.000152
 8327.000000 -0.055066 -1.859249 0.000953
 8328.000000 1.175811 2.699259 0.000701
 8329.000000 0.478716 2.762712 0.000178
 8330.000000 0.307645 -3.005936 0.000718
 8331.000000 -0.272590 -2.779683 0.000338
 8332.000000 -1.138964 3.120251 0.000477
 8333.000000 -0.393509 -2.725079 0.000427
 8334.000000 -1.301952 2.762798 0.000442
 8335.000000 -0.045403 -2.297278 0.001280
 8336.000000 -0.372477 -2.411771 0.001245
 8337.000000 1.432182 -2.234588 0.001058
 8338.000000 0.389255 -2.445975 0.000657
 8339.000000 0.442861 -2.152930 0.000388
 8340.000000 -1.085778 -2.797790 0.000606
 8341.000000 0.435051 -2.834626 0.000196
 8342.000000 -0.982010 -2.500198 0.000515
 8343.000000 -1.261546 -2.872933 0.000169
 8344.000000 1.175410 -2.697560 0.000299
 8345.000000 -1.162279 2.603569 0.000357
 8346.000000 1.606799 -2.732023 0.000322
 8347.000000 0.061166 2.791999 0.000169
 8348.000000 0.250453 -2.590844 0.001568
 8349.000000 0.369399 -2.671050 0.000873
 8350.000000 0.392230 -3.027924 0.000304
 8351.000000 -0.341802 -2.678865 0.000402
 8352.000000 -1.548885 -2.944752 0.000165
 8353.000000 -0.479603 3.107911 0.000802
 8354.000000 0.352476 2.772391 0.000326
 8355.000000 0.344561 2.653207 0.000164
 8356.000000 0.074832 -2.947586 0.000418
 8357.000000 1.317782 -2.398782 0.000885
 8358.000000 0.475587 -2.670136 0.000484
 8359.000000 -0.372380 -2.711355 0.001006
 8360.000000 0.474251 -2.759834 0.001326
 8361.000000 -0.061032 -2.695753 0.000221
 8362.000000 0.256858 -2.604825 0.000548
 8363.000000 0.377209 3.141513 0.001043
 8364.000000 0.669058 -2.754586 0.000506
 8365.000000 -0.315223 -2.836450 0.000555
 8366.000000 0.440335 -2.863234 0.000430
 8367.000000 -0.003542 -2.697124 0.000451
 8368.000000 0.006536 -2.665846 0.000522
 8369.000000 -1.335877 -3.065327 0.000974
 8370.000000 0.126253 -2.837141 0.000127
 8371.000000 0.373886 -2.303261 0.002040
 8372.000000 0.227249 -1.911379 0.001141
 8373.000000 -1.433582 2.846514 0.000475
 8374.000000 0.000576 -3.138234 0.000227
 8375.000000 -1.290471 -2.638099 0.000686
 8376.000000 -0.303350 -2.631565 0.000197
 8377.000000 1.381848 3.078596 0.000840
 8378.000000 0.210333 -3.015570 0.000849
 8379.000000 0.452423 -2.655256 0.000916
 8380.000000 -1.322673 -2.369177 0.000865
 8381.000000 0.782484 -2.814675 0.000328
 8382.000000 1.564804 -2.764830 0.000679
 8383.000000 0.165230 -2.639515 0.000675
 8384.000000 0.184369 2.738388 0.000229
 8385.000000 0.394470 -2.374741 0.000428
 8386.000000 0.318424 -2.741923 0.000151
 8387.000000 1.024639 -2.298844 0.000219
 8388.000000 -0.392592 -2.719121 0.000723
 8389.000000 0.613988 3.000991 0.000184
 8390.000000 -0.230535 -2.545017 0.000307
 8391.000000 -0.676250 -2.960750 0.001421
 8392.000000 -0.346509 -2.536061 0.000753
 8393.000000 0.261507 2.995985 0.000221
 8394.000000 0.479200 -2.987887 0.000445
 8395.000000 1.394544 -2.643991 0.000306
 8396.000000 0.110732 -2.242051 0.000277
 8397.000000 -1.212625 -2.022555 0.000274
 8398.000000 0.473333 -2.771708 0.002866
 8399.000000 0.308934 -2.768287 0.005217
 8400.000000 0.309040 -2.700461 0.003055
 8401.000000 0.468291 -2.554918 0.001008
 8402.000000 0.081320 -1.998173 0.000421
 8403.000000 0.244439 2.929860 0.000831
 8404.000000 0.175163 -2.598198 0.000285
 8405.000000 -0.041416 -2.397422 0.001301
 8406.000000 1.258858 -2.647607 0.001274
 8407.000000 -1.510133 -2.896817 0.001161
 8408.000000 0.427709 -2.955506 0.001131
 8409.000000 -1.432969 -2.782307 0.001111
 8410.000000 -0.394955 -2.778253 0.001565
 8411.000000 0.329502 -2.061946 0.002065
 8412.000000 0.171704 -2.713991 0.000368
 8413.000000 -0.307763 -2.641008 0.001296
 8414.000000 0.184113 -2.628493 0.001039
 8415.000000 -0.026515 -2.699183 0.000169
 8416.000000 1.626788 -1.711474 0.000451
 8417.000000 -0.189703 -2.830436 0.001047
 8418.000000 0.411577 -2.733698 0.000699
 8419.000000 0.816910 -2.713823 0.001072
 8420.000000 -0.106141 -2.215975 0.000846
 8421.000000 1.309647 2.815914 0.000442
 8422.000000 1.263385 -2.721377 0.000436
 8423.000000 -0.516934 -2.813896 0.001513
 8424.000000 0.453625 3.091182 0.001370
 8425.000000 -0.421266 -2.751219 0.001000
 8426.000000 -1.277908 2.697602 0.000311
 8427.000000 0.163227 2.859646 0.000214
 8428.000000 0.453299 -2.870759 0.000468
 8429.000000 0.398948 2.852176 0.000299
 8430.000000 -1.247611 2.753102 0.000205
 8431.000000 0.433792 -1.970743 0.001358
 8432.000000 0.268900 -2.056771 0.001457
 8433.000000 0.251606 -1.977700 0.001372
 8434.000000 0.182735 -2.209630 0.000948
 8435.000000 0.268113 -2.729347 0.001655
 8436.000000 0.184360 -2.285014 0.002165
 8437.000000 0.312439 -2.310027 0.001901
 8438.000000 0.390262 -2.438309 0.003306
 8439.000000 0.399225 -2.509960 0.001231
 8440.000000 0.406440 -2.304737 0.001534
 8441.000000 0.267533 -2.557056 0.001987
 8442.000000 0.307826 -2.372226 0.002991
 8443.000000 0.407216 -1.526308 0.002546
 8444.000000 0.136193 -2.352830 0.003111
 8445.000000 0.236596 -2.200778 0.003654
 8446.000000 0.252033 -2.457518 0.001940
 8447.000000 0.388235 -2.362390 0.001660
 8448.000000 0.208161 -1.994763 0.002065
 8449.000000 0.373827 -1.380548 0.003354
 8450.000000 0.404876 -2.452884 0.003666
 8451.000000 0.390335 -1.866674 0.004375
 8452.000000 0.280769 -2.426895 0.003804
 8453.000000 0.338503 -1.961883 0.005327
 8454.000000 0.398778 -2.581084 0.002269
 8455.000000 0.327771 -2.700511 0.002851
 8456.000000 0.429487 -2.093962 0.002944
 8457.000000 0.258748 -2.318979 0.001639
 8458.000000 0.309638 -2.193901 0.001788
 8459.000000 0.212354 -2.228720 0.001973
 8460.000000 0.270270 -2.362876 0.003164
 8461.000000 0.196146 -2.610857 0.002702
 8462.000000 0.484551 -2.229006 0.000243
 8463.000000 0.416594 -2.771198 0.000586
 8464.000000 0.309409 3.019149 0.000731
 8465.000000 1.087508 -2.752946 0.000706
 8466.000000 0.435162 -2.737073 0.000563
 8467.000000 -1.318695 -3.088484 0.000874
 8468.000000 0.328360 -2.223665 0.000901
 8469.000000 -0.288820 -2.691480 0.000938
 8470.000000 0.380048 -2.752410 0.000545
 8471.000000 0.354483 -2.846131 0.000333
 8472.000000 0.488944 -2.544300 0.000264
 8473.000000 0.454495 -2.556625 0.001151
 8474.000000 -0.383247 -2.571335 0.000132
 8475.000000 0.997117 -2.786525 0.000118
 8476.000000 -0.033609 -2.439376 0.000947
 8477.000000 -0.434880 -2.741265 0.000848
 8478.000000 -1.650163 -2.722517 0.000787
 8479.000000 -0.214244 -3.099994 0.000801
 8480.000000 -0.361256 2.908946 0.000493
 8481.000000 0.205296 2.964640 0.000349
 8482.000000 1.037514 -2.419558 0.001895
 8483.000000 1.414562 -1.690042 0.001909
 8484.000000 1.248508 -2.709431 0.001250
 8485.000000 0.917930 -2.363398 0.000713
 8486.000000 1.363925 -2.587045 0.000444
 8487.000000 0.003359 -2.496320 0.000949
 8488.000000 -1.346981 -2.250831 0.000724
 8489.000000 -1.272597 -2.798386 0.000693
 8490.000000 -1.373332 -2.511711 0.000471
 8491.000000 0.401968 -2.871809 0.001205
 8492.000000 0.331937 -2.931947 0.002352
 8493.000000 0.367719 -2.722797 0.001736
 8494.000000 0.238417 -2.888807 0.000629
 8495.000000 -0.279568 2.404359 0.000662
 8496.000000 -1.491721 2.887246 0.000497
 8497.000000 0.716232 -2.319539 0.000294
 8498.000000 0.363842 -3.108275 0.000683
 8499.000000 -1.166981 -2.967763 0.001236
 8500.000000 -0.029338 2.763857 0.000961
 8501.000000 0.355318 2.716328 0.001829
 8502.000000 0.374292 2.705078 0.000559
 8503.000000 -0.286904 -2.876204 0.000773
 8504.000000 -1.284855 -2.599052 0.001039
 8505.000000 0.409092 -3.051191 0.000478
 8506.000000 0.349878 2.465889 0.001143
 8507.000000 -0.277258 -2.859291 0.001144
 8508.000000 -0.287623 -2.484140 0.001193
 8509.000000 -0.443317 -2.267841 0.000284
 8510.000000 0.362294 -2.686890 0.000417
 8511.000000 0.478437 -2.872799 0.000358
 8512.000000 -0.238742 -2.221550 0.001459
 8513.000000 0.334892 -2.204457 0.000190
 8514.000000 0.215545 2.573524 0.000302
 8515.000000 0.369845 -2.814879 0.000070
 8516.000000 -1.344590 -2.776889 0.000815
 8517.000000 0.533321 -2.836011 0.001159
 8518.000000 -0.444647 -2.698561 0.000272
 8519.000000 0.397985 -2.175837 0.000171
 8520.000000 0.279933 -2.666935 0.000287
 8521.000000 -0.283203 -2.769099 0.000144
 8522.000000 -1.267558 -2.545888 0.000193
 8523.000000 0.395371 -2.718340 0.000539
 8524.000000 0.250062 -2.116726 0.000367
 8525.000000 0.464149 -2.836818 0.000499
 8526.000000 1.610269 2.680401 0.001357
 8527.000000 1.474598 -2.854233 0.000867
 8528.000000 -0.359956 -2.965781 0.001471
 8529.000000 -0.496584 -3.030549 0.000973
 8530.000000 -0.411998 2.683763 0.001321
 8531.000000 -0.335165 2.687144 0.001427
 8532.000000 0.081343 -2.822577 0.000235
 8533.000000 0.471174 -2.267434 0.000730
 8534.000000 1.152391 -2.163965 0.001551
 8535.000000 1.440561 -2.422729 0.001414
 8536.000000 -1.012036 -2.383590 0.001017
 8537.000000 1.380332 -2.719614 0.001486
 8538.000000 0.371070 -2.845600 0.001324
 8539.000000 0.246331 -2.848232 0.001440
 8540.000000 0.419281 -3.086898 0.001071
 8541.000000 0.372351 -2.317008 0.000946
 8542.000000 0.283058 -1.733474 0.001557
 8543.000000 0.188291 -2.724259 0.003777
 8544.000000 0.960676 -2.836421 0.001035
 8545.000000 0.397127 -2.635938 0.001330
 8546.000000 -1.462863 -2.255784 0.000514
 8547.000000 -0.231195 -2.851021 0.000568
 8548.000000 0.251278 -2.678087 0.000179
 8549.000000 1.165399 -2.650093 0.000215
 8550.000000 0.382600 2.771901 0.000261
 8551.000000 0.285549 -2.168241 0.001585
 8552.000000 -0.405801 3.075729 0.000757
 8553.000000 -1.193644 2.634848 0.000971
 8554.000000 0.054596 -2.593447 0.001525
 8555.000000 0.212276 -2.317763 0.001209
 8556.000000 0.394841 -1.943465 0.000479
 8557.000000 -0.166542 -2.706497 0.000665
 8558.000000 0.285325 3.021546 0.000236
 8559.000000 -1.619231 -2.854899 0.000118
 8560.000000 1.014832 -2.750874 0.000214
 8561.000000 -0.255530 -2.810003 0.000640
 8562.000000 -0.392950 -2.633927 0.000645
 8563.000000 -1.015871 -2.398499 0.000315
 8564.000000 0.387958 -2.773529 0.000276
 8565.000000 0.420683 -2.241931 0.000731
 8566.000000 0.960972 -2.356584 0.000990
 8567.000000 1.044227 -2.499678 0.001943
 8568.000000 0.278551 -2.650395 0.000536
 8569.000000 0.986879 -2.018808 0.000864
 8570.000000 0.829798 -2.160092 0.001159
 8571.000000 0.398762 -1.482886 0.000195
 8572.000000 1.038965 -1.702746 0.000545
 8573.000000 0.559375 -2.093773 0.001182
 8574.000000 -0.562941 -2.836677 0.000857
 8575.000000 1.227880 -1.973236 0.000918
 8576.000000 0.475125 -2.848868 0.001681
 8577.000000 0.400647 2.980884 0.000283
 8578.000000 -0.031598 2.643653 0.000188
 8579.000000 0.486341 -2.802606 0.000796
 8580.000000 0.027785 -2.702184 0.002591
 8581.000000 0.167439 -3.001904 0.000706
 8582.000000 0.392449 -2.598797 0.001300
 8583.000000 0.070466 -2.026985 0.002351
 8584.000000 0.687854 -2.710294 0.000465
 8585.000000 0.290060 -2.528837 0.001538
 8586.000000 0.227707 2.472507 0.000217
 8587.000000 -0.215936 2.613025 0.000912
 8588.000000 1.117332 -3.135058 0.000888
 8589.000000 0.393791 -2.828140 0.001143
 8590.000000 0.095889 -3.080432 0.000259
 8591.000000 0.309633 -2.774313 0.000551
 8592.000000 0.326543 -2.630957 0.000366
 8593.000000 -0.235108 -2.230880 0.000438
 8594.000000 0.239581 -2.695136 0.000119
 8595.000000 0.216179 -2.400871 0.000571
 8596.000000 0.248569 -2.747679 0.001353
 8597.000000 0.089011 2.929045 0.000633
 8598.000000 -0.911892 2.998188 0.000463
 8599.000000 0.215164 2.503107 0.000708
 8600.000000 -0.408565 -2.806699 0.000638
 8601.000000 -0.444197 2.891259 0.000684
 8602.000000 0.211859 -2.588945 0.000303
 8603.000000 -0.226932 -2.432809 0.000238
 8604.000000 -0.152382 -2.930917 0.001987
 8605.000000 0.344432 -2.859116 0.001461
 8606.000000 0.610708 -2.858543 0.001528
 8607.000000 -0.084786 2.914844 0.000635
 8608.000000 -1.627333 -2.496334 0.000327
 8609.000000 -1.317258 -2.606451 0.000258
 8610.000000 0.319836 -2.767909 0.000902
 8611.000000 -0.324778 -2.625499 0.000901
 8612.000000 -0.453342 -2.892759 0.000224
 8613.000000 0.405674 2.868089 0.000428
 8614.000000 1.379630 -2.807842 0.000237
 8615.000000 -0.511467 -2.463769 0.000846
 8616.000000 0.373237 -2.784304 0.001299
 8617.000000 0.435699 -2.753307 0.001426
 8618.000000 0.956653 -2.507529 0.000721
 8619.000000 -1.096846 2.850009 0.000577
 8620.000000 -1.592132 2.869496 0.000628
 8621.000000 -0.471323 -2.535393 0.000611
 8622.000000 0.446521 -2.648167 0.000353
 8623.000000 0.333571 3.084487 0.000889
 8624.000000 0.094864 -2.883464 0.002043
 8625.000000 0.029658 -2.904305 0.002101
 8626.000000 -1.587383 -1.950243 0.000148
 8627.000000 -1.076482 -2.762185 0.000465
 8628.000000 0.583807 -2.678914 0.000408
 8629.000000 0.360214 -2.472956 0.000868
 8630.000000 0.920068 -2.802805 0.000924
 8631.000000 0.870166 -2.905098 0.000501
 8632.000000 -0.056888 -2.889745 0.000572
 8633.000000 0.882362 -2.729197 0.000576
 8634.000000 0.353198 -2.802257 0.000198
 8635.000000 0.427560 -2.378849 0.000600
 8636.000000 0.983619 -2.782919 0.000415
 8637.000000 -0.500501 -2.463455 0.000203
 8638.000000 1.237469 -2.828414 0.001384
 8639.000000 -0.374224 2.811721 0.001464
 8640.000000 -0.177963 2.749588 0.001442
 8641.000000 -0.260080 -3.023263 0.000760
 8642.000000 0.486273 2.980371 0.002339
 8643.000000 0.372108 3.125627 0.000773
 8644.000000 0.079508 -2.675727 0.000462
 8645.000000 0.362247 -1.804288 0.000822
 8646.000000 0.422209 -2.811667 0.000528
 8647.000000 0.382791 -3.001783 0.000301
 8648.000000 0.353831 3.045952 0.000359
 8649.000000 0.296662 -2.963023 0.000131
 8650.000000 0.324808 3.096919 0.000833
 8651.000000 -0.403754 -3.136992 0.000877
 8652.000000 -0.419995 -2.819500 0.001093
 8653.000000 -1.482867 -3.067141 0.001068
 8654.000000 -1.006243 2.531016 0.000185
 8655.000000 0.474684 -2.790645 0.000073
 8656.000000 0.246144 -2.663853 0.000386
 8657.000000 0.293522 -2.451223 0.000134
 8658.000000 -1.618923 -2.823058 0.000444
 8659.000000 -1.295935 -2.851844 0.000478
 8660.000000 1.671792 3.011408 0.000584
 8661.000000 0.829726 -2.632568 0.000470
 8662.000000 1.469169 -2.056189 0.000620
 8663.000000 -0.183124 -2.833449 0.001359
 8664.000000 0.978470 -2.533497 0.000722
 8665.000000 -1.186510 -2.818637 0.000502
 8666.000000 1.485266 -2.698510 0.000348
 8667.000000 -1.702372 -2.904048 0.000505
 8668.000000 -0.517690 -2.595047 0.000134
 8669.000000 0.933005 -2.954465 0.000943
 8670.000000 0.992798 -2.690696 0.000197
 8671.000000 1.048501 -2.738822 0.000358
 8672.000000 0.467999 -2.710530 0.000219
 8673.000000 0.392420 -2.631882 0.000645
 8674.000000 0.211562 -2.642457 0.001063
 8675.000000 0.891520 -2.762440 0.000278
 8676.000000 0.447858 2.571011 0.000369
 8677.000000 0.414793 -2.632577 0.000640
 8678.000000 -0.403694 -2.775400 0.000819
 8679.000000 -1.282498 -2.676961 0.000173
 8680.000000 0.077331 -2.256684 0.000821
 8681.000000 0.366145 -2.336762 0.000681
 8682.000000 0.372760 -1.606190 0.000447
 8683.000000 -1.425823 -2.313252 0.000629
 8684.000000 0.434123 -2.983101 0.000126
 8685.000000 0.355365 2.830456 0.000413
 8686.000000 -0.230224 -3.090679 0.000185
 8687.000000 0.488215 -2.786852 0.000485
 8688.000000 0.138394 -2.765009 0.000515
 8689.000000 0.099949 -2.334290 0.000510
 8690.000000 0.184722 -2.577811 0.000502
 8691.000000 0.230015 -2.780264 0.000512
 8692.000000 0.354228 -2.700213 0.000523
 8693.000000 0.265482 -1.655834 0.000450
 8694.000000 0.324368 -2.773481 0.000987
 8695.000000 0.022270 -2.080855 0.000625
 8696.000000 -1.199039 -2.362402 0.001889
 8697.000000 0.427720 -2.694831 0.000534
 8698.000000 -0.344720 2.656149 0.001232
 8699.000000 0.880801 -2.897475 0.000852
 8700.000000 -0.385330 -2.571260 0.000342
 8701.000000 -0.262110 -2.657634 0.001292
 8702.000000 -0.192524 -2.623528 0.000883
 8703.000000 -0.389631 -3.138889 0.000706
 8704.000000 -1.612099 3.082859 0.001497
 8705.000000 -0.492722 2.623649 0.000404
 8706.000000 1.689210 -2.981481 0.000542
 8707.000000 0.328650 -2.331444 0.000203
 8708.000000 0.356171 -2.201010 0.000270
 8709.000000 0.457569 -2.801276 0.001011
 8710.000000 -1.150762 -3.102366 0.000735
 8711.000000 0.371110 -2.830080 0.001108
 8712.000000 0.439460 2.542947 0.000513
 8713.000000 -1.063910 -3.118712 0.002103
 8714.000000 -0.494969 -2.889486 0.001091
 8715.000000 0.346027 -2.977266 0.000786
 8716.000000 1.135887 2.777023 0.000954
 8717.000000 -0.043745 -2.975164 0.001283
 8718.000000 0.786331 2.564839 0.001027
 8719.000000 0.600263 3.094826 0.000518
 8720.000000 0.198829 -2.693629 0.000691
 8721.000000 -1.444051 -2.863191 0.001546
 8722.000000 -1.345579 -2.138784 0.002092
 8723.000000 0.099976 -2.373409 0.000734
 8724.000000 0.607786 -2.319151 0.000306
 8725.000000 1.014678 -2.898745 0.000421
 8726.000000 0.480671 -2.513860 0.000596
 8727.000000 -1.281814 -2.526464 0.000751
 8728.000000 -0.261898 2.785034 0.000658
 8729.000000 0.241655 -3.128758 0.001157
 8730.000000 -0.264977 2.689887 0.000742
 8731.000000 -0.437931 -3.041632 0.000910
 8732.000000 0.347991 -2.844774 0.000423
 8733.000000 0.474463 -2.412359 0.000667
 8734.000000 1.581131 2.364844 0.000912
 8735.000000 -1.035027 -2.744851 0.002575
 8736.000000 1.144777 -2.843546 0.000150
 8737.000000 -0.357744 -2.750609 0.000519
 8738.000000 0.182197 3.125856 0.000879
 8739.000000 0.403589 -2.273113 0.000411
 8740.000000 -1.621075 -2.810847 0.000093
 8741.000000 -0.294825 -2.519882 0.000158
 8742.000000 0.255522 -2.782279 0.000361
 8743.000000 0.192685 -2.088184 0.001520
 8744.000000 0.412028 -2.820710 0.000817
 8745.000000 0.596039 -2.952803 0.000173
 8746.000000 0.453380 -2.976978 0.001310
 8747.000000 -1.140493 3.000037 0.000208
 8748.000000 0.582005 -2.719525 0.000270
 8749.000000 -0.008616 -2.637044 0.000601
 8750.000000 -1.449594 -2.676835 0.000980
 8751.000000 1.036290 -2.113895 0.000662
 8752.000000 0.230607 -2.648766 0.000332
 8753.000000 -0.049944 -2.613805 0.000224
 8754.000000 1.406813 -2.305511 0.000601
 8755.000000 1.190168 -2.565181 0.000251
 8756.000000 -1.306726 -2.487343 0.000235
 8757.000000 -1.572776 -2.490630 0.000184
 8758.000000 0.264139 3.012717 0.003035
 8759.000000 0.337656 2.849111 0.002828
 8760.000000 0.299962 -2.332224 0.000709
 8761.000000 1.932014 -2.316441 0.000155
 8762.000000 1.206620 2.476778 0.000379
 8763.000000 0.466015 -2.694149 0.000718
 8764.000000 0.272285 -2.171843 0.000242
 8765.000000 -0.407893 -2.738969 0.000556
 8766.000000 0.215946 -2.679349 0.000490
 8767.000000 -0.501324 2.506011 0.000384
 8768.000000 -0.346564 -2.600127 0.000091
 8769.000000 -0.092645 -1.779419 0.001137
 8770.000000 1.287851 -2.956658 0.000947
 8771.000000 -1.400749 3.093534 0.001532
 8772.000000 0.310189 -2.818979 0.005332
 8773.000000 0.134344 3.133890 0.000454
 8774.000000 0.501411 -3.042493 0.000241
 8775.000000 0.351963 -2.868804 0.000317
 8776.000000 0.490025 -3.062633 0.000709
 8777.000000 0.157436 -1.895565 0.002530
 8778.000000 0.272089 2.815743 0.000795
 8779.000000 -0.282743 2.878980 0.000929
 8780.000000 0.043282 -3.096545 0.000695
 8781.000000 0.474206 -2.914553 0.000718
 8782.000000 -0.294015 -2.555528 0.001174
 8783.000000 1.413274 -2.832463 0.000932
 8784.000000 -1.593796 -2.928808 0.001203
 8785.000000 0.243691 -2.805148 0.001013
 8786.000000 0.353937 -2.419595 0.001206
 8787.000000 0.426911 3.104266 0.001294
 8788.000000 0.259247 -2.190072 0.001279
 8789.000000 0.172833 -2.699239 0.001282
 8790.000000 0.330373 -2.610419 0.000381
 8791.000000 -0.519237 -2.567802 0.001037
 8792.000000 0.089230 -3.027169 0.001438
 8793.000000 0.550426 2.919312 0.001057
 8794.000000 -1.748522 -2.934989 0.000842
 8795.000000 0.508348 -2.273763 0.000565
 8796.000000 0.122072 -2.205747 0.001375
 8797.000000 -0.304382 -2.724161 0.001439
 8798.000000 1.247877 -2.484243 0.001908
 8799.000000 -0.523057 -2.533931 0.001589
 8800.000000 -1.270015 3.044595 0.002930
 8801.000000 0.286141 -2.807449 0.002592
 8802.000000 1.326212 3.051765 0.000229
 8803.000000 -0.075083 2.756678 0.000189
 8804.000000 0.262691 -2.838850 0.000704
 8805.000000 0.315816 -2.331313 0.000342
 8806.000000 0.316380 3.106609 0.000263
 8807.000000 -1.428406 -2.192472 0.000193
 8808.000000 0.177751 2.701401 0.002280
 8809.000000 0.320001 -3.104829 0.002550
 8810.000000 0.335218 -3.056693 0.001770
 8811.000000 0.412012 3.048397 0.002917
 8812.000000 0.300542 -2.904179 0.000835
 8813.000000 0.345179 -1.456790 0.000867
 8814.000000 0.405087 -2.692488 0.001015
 8815.000000 -0.167152 2.725763 0.000150
 8816.000000 -0.879806 -2.762701 0.000118
 8817.000000 -1.266376 2.640789 0.000726
 8818.000000 0.185047 -2.857479 0.000260
 8819.000000 0.364660 -3.074199 0.000495
 8820.000000 -0.618016 2.451629 0.001877
 8821.000000 -0.235215 2.724407 0.002363
 8822.000000 0.433668 2.855704 0.002090
 8823.000000 1.032704 -2.979504 0.000683
 8824.000000 0.106342 -2.764596 0.000372
 8825.000000 1.160171 -2.607257 0.000214
 8826.000000 0.472795 -2.028873 0.000670
 8827.000000 -0.313359 -2.613944 0.000226
 8828.000000 0.620884 -2.572365 0.000446
 8829.000000 0.673261 -2.540210 0.000669
 8830.000000 0.235537 -2.742119 0.000259
 8831.000000 1.417322 -2.583268 0.000814
 8832.000000 0.310802 -2.855221 0.001034
 8833.000000 0.200882 -2.697918 0.001574
 8834.000000 -1.441760 -2.795518 0.001007
 8835.000000 -1.343006 -2.999855 0.001107
 8836.000000 0.169906 -2.881550 0.001134
 8837.000000 1.473333 -2.669045 0.000262
 8838.000000 0.819332 -2.746980 0.000387
 8839.000000 -1.548254 2.856032 0.000715
 8840.000000 -1.266303 3.031440 0.001106
 8841.000000 -1.362506 -3.117793 0.000377
 8842.000000 0.224634 -3.003795 0.000929
 8843.000000 0.316092 -3.087480 0.001053
 8844.000000 -0.300565 -2.814347 0.001401
 8845.000000 0.543016 2.982938 0.001228
 8846.000000 0.414687 -2.079184 0.000925
 8847.000000 0.304124 -2.753976 0.000918
 8848.000000 -0.046150 -2.901559 0.001619
 8849.000000 -0.537225 -2.709655 0.001814
 8850.000000 1.290398 -2.635307 0.001796
 8851.000000 1.586325 -2.014128 0.001653
 8852.000000 -0.426289 -2.399977 0.001494
 8853.000000 -0.412943 -2.839570 0.001524
 8854.000000 0.404783 -3.053354 0.000781
 8855.000000 -1.673515 -2.766392 0.000469
 8856.000000 -0.231803 2.976434 0.000251
 8857.000000 0.282978 2.410932 0.000902
 8858.000000 0.372151 2.989975 0.000410
 8859.000000 1.826653 2.478339 0.000531
 8860.000000 1.205138 -2.524396 0.000131
 8861.000000 -0.416038 -2.930993 0.000393
 8862.000000 1.281180 -2.973738 0.000772
 8863.000000 -0.478278 2.762889 0.000692
 8864.000000 -1.578639 3.092966 0.000430
 8865.000000 0.468800 2.884821 0.000524
 8866.000000 0.438762 2.962222 0.000564
 8867.000000 1.169420 -2.496629 0.000137
 8868.000000 0.057553 -2.921277 0.000981
 8869.000000 1.359532 -2.567092 0.000355
 8870.000000 -1.188795 -2.949797 0.000800
 8871.000000 0.978509 -2.918510 0.000314
 8872.000000 -0.425427 -2.617608 0.002746
 8873.000000 0.286334 2.924946 0.003889
 8874.000000 -1.248988 2.877711 0.000242
 8875.000000 -0.399280 -2.250249 0.000195
 8876.000000 1.236568 2.857446 0.000293
 8877.000000 0.329352 -2.660297 0.000395
 8878.000000 0.261599 2.840843 0.000110
 8879.000000 -0.408288 3.140029 0.000270
 8880.000000 -0.207397 2.701281 0.000822
 8881.000000 -0.409791 -2.967716 0.001137
 8882.000000 -0.405038 2.831594 0.001578
 8883.000000 -1.567036 2.821970 0.000307
 8884.000000 -0.099180 2.770238 0.001185
 8885.000000 -0.369984 2.942923 0.001105
 8886.000000 0.185261 2.601983 0.001078
 8887.000000 -1.561304 2.483569 0.000324
 8888.000000 -1.294302 -2.750187 0.000964
 8889.000000 0.363881 -3.048703 0.001666
 8890.000000 0.334381 -2.813619 0.000902
 8891.000000 1.191415 2.672777 0.001547
 8892.000000 -0.310824 2.645911 0.001430
 8893.000000 -0.651933 2.603173 0.000122
 8894.000000 -1.448769 -2.793206 0.000754
 8895.000000 1.512095 -2.631605 0.000316
 8896.000000 0.443740 -2.688899 0.000419
 8897.000000 -0.227786 -2.608095 0.000309
 8898.000000 0.406252 -2.375033 0.000901
 8899.000000 -0.054477 -2.143929 0.001414
 8900.000000 0.468893 2.685256 0.001141
 8901.000000 0.433229 2.879061 0.000445
 8902.000000 0.881594 -2.763912 0.000264
 8903.000000 0.180781 -2.744872 0.000173
 8904.000000 0.460223 -2.391874 0.000523
 8905.000000 0.421968 -1.526463 0.000109
 8906.000000 0.347220 -2.884697 0.000245
 8907.000000 0.975690 -2.574525 0.000219
 8908.000000 0.227853 2.958577 0.001023
 8909.000000 0.531134 2.916656 0.000786
 8910.000000 -0.179231 2.877215 0.000176
 8911.000000 0.423515 -2.264181 0.001060
 8912.000000 0.358203 -2.303346 0.000120
 8913.000000 1.054773 -2.326458 0.000902
 8914.000000 0.333490 -2.436415 0.000501
 8915.000000 0.266962 -2.529159 0.000228
 8916.000000 0.203477 3.096766 0.000607
 8917.000000 0.126354 3.026321 0.000213
 8918.000000 0.498761 -2.682514 0.000141
 8919.000000 1.872559 -2.720853 0.000489
 8920.000000 -0.233648 -2.784940 0.000181
 8921.000000 -1.449109 -2.858743 0.000193
 8922.000000 -0.364389 -2.475029 0.000159
 8923.000000 -0.337741 2.671246 0.000452
 8924.000000 -0.650051 -2.564812 0.000164
 8925.000000 1.348047 2.513156 0.000836
 8926.000000 1.374653 -2.556496 0.000442
 8927.000000 -0.019771 -2.737839 0.000135
 8928.000000 -0.388604 -2.587820 0.001375
 8929.000000 0.291813 -1.782881 0.000319
 8930.000000 1.353520 -3.109538 0.000908
 8931.000000 0.407578 -2.884011 0.000938
 8932.000000 0.303447 3.045312 0.001114
 8933.000000 0.869311 -2.705462 0.002513
 8934.000000 1.152645 2.713188 0.001510
 8935.000000 1.421255 2.593240 0.001526
 8936.000000 1.301705 2.574317 0.001188
 8937.000000 1.478340 -2.824086 0.000528
 8938.000000 0.421954 -2.761684 0.000154
 8939.000000 -0.462070 -2.723031 0.000721
 8940.000000 -1.354494 -2.955313 0.001380
 8941.000000 -0.469572 -2.593116 0.001090
 8942.000000 -0.288759 2.666678 0.000546
 8943.000000 0.304226 -3.049809 0.001382
 8944.000000 0.275857 -2.295811 0.000968
 8945.000000 0.367177 -2.277256 0.000952
 8946.000000 0.286902 -2.694630 0.000909
 8947.000000 0.289124 -2.038412 0.000655
 8948.000000 -0.360965 -2.919831 0.000427
 8949.000000 0.414305 -3.067656 0.000729
 8950.000000 0.316269 -2.662487 0.000641
 8951.000000 -0.788399 -2.812117 0.000624
 8952.000000 0.299985 -2.574220 0.002093
 8953.000000 0.884787 -2.046220 0.000773
 8954.000000 0.461747 -2.958175 0.000336
 8955.000000 -1.492748 -2.763913 0.000926
 8956.000000 -1.197079 -2.761721 0.000179
 8957.000000 1.141701 -2.034618 0.001701
 8958.000000 1.011536 -2.256017 0.001382
 8959.000000 1.563958 3.030315 0.000920
 8960.000000 1.094059 -2.752277 0.000802
 8961.000000 -1.710710 -2.741278 0.000364
 8962.000000 -1.488905 2.797761 0.000226
 8963.000000 0.152297 -2.954486 0.000401
 8964.000000 1.410895 2.392685 0.000560
 8965.000000 -0.378402 -2.697063 0.000895
 8966.000000 -0.918020 -2.835262 0.000622
 8967.000000 0.526581 -2.917696 0.000644
 8968.000000 -1.473357 -2.813625 0.000885
 8969.000000 -1.025347 -2.907332 0.000740
 8970.000000 1.055740 -2.683135 0.000206
 8971.000000 0.321901 -2.887126 0.001392
 8972.000000 0.152261 2.922464 0.001995
 8973.000000 0.368573 3.010463 0.000685
 8974.000000 0.081704 -3.070290 0.001662
 8975.000000 0.423630 2.673569 0.002260
 8976.000000 0.419981 -2.854518 0.002318
 8977.000000 0.374210 -3.025754 0.002449
 8978.000000 0.161516 3.131588 0.003593
 8979.000000 0.378691 2.945970 0.000978
 8980.000000 0.281658 2.997457 0.001417
 8981.000000 0.080520 2.972134 0.002077
 8982.000000 0.172722 -3.119449 0.001369
 8983.000000 0.198704 -2.939963 0.000831
 8984.000000 1.000528 2.749584 0.000834
 8985.000000 0.962975 -2.578527 0.000399
 8986.000000 -0.878626 3.048704 0.000946
 8987.000000 0.281420 -2.520899 0.000471
 8988.000000 0.284674 -2.163134 0.002698
 8989.000000 0.317801 -3.062130 0.000723
 8990.000000 0.392197 -2.932722 0.000712
 8991.000000 -0.362874 -2.706324 0.000951
 8992.000000 -0.221376 -2.587282 0.000399
 8993.000000 0.460524 -2.650072 0.000417
 8994.000000 1.521378 -3.068674 0.000666
 8995.000000 -0.387974 -2.843031 0.000509
 8996.000000 1.423380 -2.372150 0.000543
 8997.000000 1.182672 2.888696 0.001785
 8998.000000 0.021562 -2.700601 0.000658
 8999.000000 0.140511 -2.901627 0.000327
 9000.000000 0.171829 2.762779 0.000402
 9001.000000 0.281712 -2.481429 0.000243
 9002.000000 0.195384 -2.719753 0.000280
 9003.000000 0.511267 2.866932 0.001247
 9004.000000 -0.049794 -3.112363 0.000706
 9005.000000 1.140197 -2.405630 0.000400
 9006.000000 0.393174 -2.596201 0.000417
 9007.000000 -0.108160 -2.087897 0.000641
 9008.000000 0.713699 -2.455852 0.000456
 9009.000000 -1.452368 2.750019 0.000849
 9010.000000 -0.724915 -3.007624 0.000746
 9011.000000 0.308127 -2.549299 0.000602
 9012.000000 0.287774 -2.767498 0.000321
 9013.000000 0.109339 -2.575168 0.000798
 9014.000000 -0.065943 -2.716206 0.000987
 9015.000000 -0.387555 2.553143 0.000543
 9016.000000 1.268691 -3.122743 0.000624
 9017.000000 0.988927 2.845103 0.000769
 9018.000000 0.072647 -2.556182 0.000836
 9019.000000 -0.328482 -2.821927 0.001243
 9020.000000 -0.473052 -2.876286 0.000569
 9021.000000 -1.572826 3.113239 0.001882
 9022.000000 0.826973 -2.828744 0.000160
 9023.000000 0.302523 -2.741805 0.000708
 9024.000000 0.626881 -2.887288 0.000401
 9025.000000 -0.371746 2.585141 0.001524
 9026.000000 -0.428368 -2.743661 0.000142
 9027.000000 -0.150881 -2.822186 0.000976
 9028.000000 -0.332411 -3.005408 0.001274
 9029.000000 -0.350749 2.778470 0.000642
 9030.000000 -1.455295 3.114696 0.000328
 9031.000000 0.434744 -2.522037 0.000855
 9032.000000 1.169971 -2.285724 0.000198
 9033.000000 -0.887065 3.112166 0.000230
 9034.000000 0.409211 -2.677808 0.000335
 9035.000000 0.306024 -2.142654 0.000611
 9036.000000 1.680242 -2.208119 0.000805
 9037.000000 0.249075 -2.450993 0.000483
 9038.000000 0.455606 3.111719 0.000858
 9039.000000 0.267618 -2.386622 0.000468
 9040.000000 -0.684260 -2.554241 0.000343
 9041.000000 0.305771 -2.641112 0.000251
 9042.000000 -1.294531 -2.962522 0.000188
 9043.000000 -1.638755 2.689738 0.000157
 9044.000000 0.281158 3.044094 0.001259
 9045.000000 0.334398 -2.876370 0.001530
 9046.000000 0.377166 -2.266456 0.001993
 9047.000000 0.298934 -2.613151 0.002645
 9048.000000 0.141671 -2.764005 0.002875
 9049.000000 0.253191 -2.616876 0.003716
 9050.000000 0.236078 -3.093421 0.001760
 9051.000000 0.236254 -2.920400 0.003073
 9052.000000 0.177732 -2.954078 0.001783
 9053.000000 0.065254 -2.561042 0.003430
 9054.000000 0.277666 -3.043199 0.002504
 9055.000000 0.225754 -2.730560 0.003634
 9056.000000 0.337099 -1.990134 0.004706
 9057.000000 0.306027 -2.592612 0.002966
 9058.000000 0.423061 -2.968198 0.003299
 9059.000000 0.426006 2.934479 0.002083
 9060.000000 0.421255 3.081233 0.001198
 9061.000000 0.146672 -2.925870 0.001455
 9062.000000 0.235654 -2.863827 0.001136
 9063.000000 0.339561 2.856607 0.002107
 9064.000000 -0.073309 2.938087 0.000389
 9065.000000 0.335677 -2.329354 0.001105
 9066.000000 0.310505 -2.674838 0.001870
 9067.000000 0.183436 -2.242425 0.001810
 9068.000000 0.199666 -2.484352 0.001611
 9069.000000 0.036867 -2.175707 0.002066
 9070.000000 0.250959 -1.705937 0.001655
 9071.000000 0.195891 -2.046517 0.001082
 9072.000000 0.326410 -1.802130 0.002191
 9073.000000 0.171855 -2.266413 0.002129
 9074.000000 0.296141 -1.836786 0.002713
 9075.000000 0.293349 -2.378267 0.001828
 9076.000000 0.096100 -2.213021 0.001306
 9077.000000 0.383727 -2.167946 0.001976
 9078.000000 0.195990 -2.312226 0.001593
 9079.000000 0.350073 -1.960250 0.000986
 9080.000000 0.173418 -2.290601 0.001729
 9081.000000 0.248782 -2.345196 0.002072
 9082.000000 0.210990 -2.432840 0.002179
 9083.000000 0.348753 -2.288079 0.003857
 9084.000000 0.163840 -2.077125 0.001734
 9085.000000 0.334085 -2.596347 0.001953
 9086.000000 0.315465 -2.242129 0.003322
 9087.000000 0.191820 -2.227319 0.003241
 9088.000000 0.176927 -2.577682 0.002457
 9089.000000 0.307610 -1.853931 0.002587
 9090.000000 0.318023 -1.906676 0.001844
 9091.000000 0.263581 -2.204752 0.001869
 9092.000000 0.297692 -1.342966 0.003164
 9093.000000 0.395536 -2.131561 0.004275
 9094.000000 0.155431 -2.354858 0.002801
 9095.000000 0.237793 -1.951442 0.002737
 9096.000000 0.057287 -2.086820 0.002530
 9097.000000 0.360780 -1.973573 0.003214
 9098.000000 0.230342 -2.245227 0.002597
 9099.000000 0.298493 -2.310466 0.001763
 9100.000000 0.058388 -2.198886 0.002294
 9101.000000 -1.425308 -2.730596 0.000758
 9102.000000 -0.318189 2.535566 0.000647
 9103.000000 -0.406099 -2.219221 0.000540
 9104.000000 0.034988 -2.073652 0.000675
 9105.000000 0.267649 2.739036 0.000431
 9106.000000 0.471558 -2.607589 0.001057
 9107.000000 0.404177 -1.749354 0.000173
 9108.000000 -0.464712 -2.938087 0.000173
 9109.000000 -1.665260 -3.084731 0.000389
 9110.000000 -1.088050 -2.728183 0.000259
 9111.000000 -0.417342 -1.914992 0.000953
 9112.000000 -0.150768 -2.692579 0.000332
 9113.000000 -0.260323 -3.089871 0.000647
 9114.000000 0.475185 -2.371180 0.000404
 9115.000000 -1.317684 2.849243 0.000663
 9116.000000 -1.454022 -2.952618 0.001012
 9117.000000 -0.448890 -2.880141 0.000439
 9118.000000 1.383380 -2.610380 0.000585
 9119.000000 -1.237830 -2.845563 0.000271
 9120.000000 0.355259 -2.498533 0.000274
 9121.000000 0.282977 -2.708646 0.001286
 9122.000000 -0.090957 -2.706637 0.000865
 9123.000000 0.211133 -2.753957 0.000323
 9124.000000 1.430832 -2.619884 0.000329
 9125.000000 -0.492171 -3.012626 0.000365
 9126.000000 0.556483 3.035835 0.000652
 9127.000000 1.035808 -2.444583 0.000428
 9128.000000 -0.830918 -2.926873 0.000699
 9129.000000 0.301752 -3.048852 0.001597
 9130.000000 0.337335 -2.737571 0.000174
 9131.000000 0.519790 -2.450284 0.001297
 9132.000000 -1.255735 -2.445366 0.001114
 9133.000000 0.463659 -2.989581 0.000298
 9134.000000 1.906198 2.631692 0.000166
 9135.000000 -0.438932 -2.778406 0.000315
 9136.000000 0.049377 -2.860233 0.000380
 9137.000000 0.387933 2.823343 0.000633
 9138.000000 -1.515699 -2.725021 0.000554
 9139.000000 0.477687 2.771425 0.001158
 9140.000000 0.443976 -2.515885 0.000411
 9141.000000 1.407175 -3.108132 0.001049
 9142.000000 -0.507320 2.706577 0.000755
 9143.000000 0.348101 -2.518581 0.000766
 9144.000000 0.426721 -2.558398 0.000539
 9145.000000 -0.298369 -2.469240 0.001260
 9146.000000 0.222716 2.732180 0.000606
 9147.000000 0.402345 -3.131017 0.000687
 9148.000000 1.777971 -2.528373 0.000774
 9149.000000 -0.408167 -2.416073 0.000737
 9150.000000 1.096875 -2.549859 0.000392
 9151.000000 1.013719 -3.022127 0.001526
 9152.000000 0.179514 -2.999023 0.000636
 9153.000000 -0.437062 2.682231 0.000683
 9154.000000 -0.341268 2.880832 0.000610
 9155.000000 0.143295 -2.846600 0.000917
 9156.000000 -1.400528 3.084415 0.000291
 9157.000000 -0.034732 -3.098139 0.001728
 9158.000000 1.951564 -2.819242 0.000097
 9159.000000 1.624507 -2.747443 0.000896
 9160.000000 -1.243475 -2.814265 0.001008
 9161.000000 0.545977 -2.971094 0.000400
 9162.000000 1.116000 -2.635170 0.000312
 9163.000000 0.364468 -2.540249 0.000230
 9164.000000 0.195114 -2.263789 0.000189
 9165.000000 -0.463847 2.623692 0.000205
 9166.000000 0.387693 -2.716079 0.000309
 9167.000000 -1.253499 -2.667688 0.000258
 9168.000000 -1.728155 -2.252164 0.000400
 9169.000000 0.717843 -3.085092 0.000487
 9170.000000 -0.674262 -2.106666 0.000312
 9171.000000 0.720073 -2.154180 0.000577
 9172.000000 -0.389055 3.091637 0.000694
 9173.000000 -0.378012 2.595624 0.000602
 9174.000000 1.055270 2.733044 0.000528
 9175.000000 0.461994 -2.635344 0.001154
 9176.000000 0.413504 -2.727529 0.000788
 9177.000000 0.278330 -2.560213 0.002269
 9178.000000 0.135984 -3.036571 0.005989
 9179.000000 0.387431 -2.928441 0.001666
 9180.000000 0.078764 -2.535072 0.000895
 9181.000000 -0.331846 -3.018483 0.000210
 9182.000000 0.241933 -2.705720 0.000711
 9183.000000 -0.327225 -2.646782 0.000699
 9184.000000 0.434811 -3.056866 0.000291
 9185.000000 0.340992 -2.669206 0.000343
 9186.000000 0.325405 -2.537326 0.000439
 9187.000000 -1.243874 2.782692 0.000092
 9188.000000 -0.336847 -2.408593 0.001916
 9189.000000 1.002335 -2.428177 0.000255
 9190.000000 1.208730 -2.772256 0.000451
 9191.000000 1.260644 -2.804062 0.000561
 9192.000000 0.907358 -2.634035 0.000171
 9193.000000 0.257062 -2.632756 0.000482
 9194.000000 -1.637099 -2.227170 0.000175
 9195.000000 0.012320 -2.527755 0.000525
 9196.000000 0.320126 -2.354150 0.000317
 9197.000000 -0.152426 -2.801281 0.000342
 9198.000000 0.496968 -2.830603 0.000595
 9199.000000 -0.347574 -2.093963 0.000597
 9200.000000 0.236211 -2.893740 0.000234
 9201.000000 -1.578224 -2.471692 0.000315
 9202.000000 0.437242 -2.420461 0.000860
 9203.000000 1.231750 -2.677565 0.000911
 9204.000000 0.893709 -2.743853 0.000721
 9205.000000 0.435340 -2.956342 0.000760
 9206.000000 0.373518 -3.016406 0.000487
 9207.000000 0.036812 -3.051385 0.000282
 9208.000000 0.471156 2.693481 0.000905
 9209.000000 0.206748 -2.724059 0.000166
 9210.000000 0.417302 -2.484762 0.000589
 9211.000000 0.502230 -2.734310 0.000771
 9212.000000 0.145376 -2.043930 0.000660
 9213.000000 0.413309 2.541494 0.000760
 9214.000000 -1.384087 -2.747414 0.000802
 9215.000000 -0.493334 2.863629 0.000901
 9216.000000 -0.329722 -2.131501 0.000220
 9217.000000 -1.295974 -2.226157 0.000788
 9218.000000 -0.438120 -2.753991 0.001949
 9219.000000 0.385953 -2.867832 0.001675
 9220.000000 -0.352117 -2.759391 0.000832
 9221.000000 0.899829 -2.777481 0.001249
 9222.000000 -0.491175 -2.631046 0.000908
 9223.000000 0.513686 -2.221059 0.000411
 9224.000000 -1.604172 -2.203721 0.000467
 9225.000000 -1.548066 2.886417 0.000146
 9226.000000 0.938292 -2.998288 0.000799
 9227.000000 0.157427 -2.890478 0.000521
 9228.000000 0.074640 -2.303316 0.001165
 9229.000000 0.374684 -2.511122 0.000643
 9230.000000 0.384032 -2.277538 0.001004
 9231.000000 0.310154 -1.882454 0.003007
 9232.000000 0.324908 -2.340626 0.002185
 9233.000000 0.339651 -2.972388 0.001300
 9234.000000 0.220240 -2.446194 0.001031
 9235.000000 0.256602 -2.185614 0.001492
 9236.000000 0.440568 -2.829558 0.000977
 9237.000000 -0.064283 -2.603361 0.001426
 9238.000000 0.176390 -2.907915 0.000947
 9239.000000 0.436086 -2.394179 0.003070
 9240.000000 0.463910 -2.970753 0.002871
 9241.000000 0.261733 -2.887166 0.002023
 9242.000000 0.344847 -2.957681 0.002486
 9243.000000 0.356985 -2.488918 0.002303
 9244.000000 0.277780 -2.810815 0.002140
 9245.000000 0.272000 -2.260997 0.002237
 9246.000000 0.323668 -2.290809 0.002001
 9247.000000 0.368776 -2.520722 0.001480
 9248.000000 0.309751 -2.191036 0.002407
 9249.000000 0.273733 -2.596607 0.001950
 9250.000000 0.156070 -1.822867 0.002312
 9251.000000 0.437202 -2.142623 0.001973
 9252.000000 0.096318 -2.679792 0.002198
 9253.000000 0.063955 -2.168127 0.002232
 9254.000000 0.175387 -2.365173 0.003355
 9255.000000 0.316339 -2.042700 0.001942
 9256.000000 0.222137 -2.583778 0.002031
 9257.000000 0.228223 -2.467185 0.002595
 9258.000000 0.113652 -1.935270 0.002056
 9259.000000 0.214568 -1.637298 0.003103
 9260.000000 0.324828 -2.684445 0.001205
 9261.000000 0.388409 -1.864240 0.001227
 9262.000000 0.277018 -1.873202 0.002242
 9263.000000 0.166490 -2.200625 0.001269
 9264.000000 0.320555 -2.659283 0.000359
 9265.000000 0.244562 2.858800 0.000147
 9266.000000 -1.649857 -2.665656 0.000126
 9267.000000 0.357348 -2.506090 0.000221
 9268.000000 0.167383 -2.759505 0.000463
 9269.000000 1.233505 -2.822553 0.000630
 9270.000000 0.101745 2.454573 0.000368
 9271.000000 -0.286007 -2.846749 0.000752
 9272.000000 -0.357218 -2.775550 0.000635
 9273.000000 0.230110 -3.072637 0.000304
 9274.000000 -1.149689 2.619557 0.000177
 9275.000000 0.325423 -3.024424 0.002366
 9276.000000 0.328828 -2.892785 0.000128
 9277.000000 0.261698 -2.680259 0.000140
 9278.000000 0.142767 -2.474788 0.000275
 9279.000000 1.535853 -2.715549 0.000425
 9280.000000 1.158929 3.138441 0.000471
 9281.000000 0.467247 -2.789326 0.001120
 9282.000000 -0.400234 -2.347646 0.001205
 9283.000000 0.563519 -3.080260 0.000824
 9284.000000 1.138332 2.581246 0.000919
 9285.000000 0.993324 2.938889 0.001257
 9286.000000 -1.748983 -2.742796 0.000918
 9287.000000 0.210653 2.967630 0.002547
 9288.000000 0.189092 -2.939374 0.002625
 9289.000000 0.325616 -2.871738 0.002363
 9290.000000 0.327894 -2.751825 0.001218
 9291.000000 -0.357988 -2.774675 0.000366
 9292.000000 -1.309943 2.692579 0.001060
 9293.000000 -1.350575 2.676312 0.000285
 9294.000000 0.286951 -2.550518 0.000246
 9295.000000 -0.294509 -2.930042 0.000388
 9296.000000 -0.162859 2.499413 0.000215
 9297.000000 0.018989 3.004795 0.000602
 9298.000000 1.184585 -2.667471 0.000974
 9299.000000 1.220456 -2.697160 0.000574
 9300.000000 -0.334663 -2.879101 0.000776
 9301.000000 -0.322480 -2.481070 0.000797
 9302.000000 0.423335 -1.879284 0.000698
 9303.000000 0.102700 -2.677783 0.001516
 9304.000000 0.401232 -2.523122 0.001336
 9305.000000 1.210871 -2.731602 0.001629
 9306.000000 -0.365946 -2.691191 0.001288
 9307.000000 0.152773 2.748585 0.003497
 9308.000000 -1.082652 -2.663427 0.001060
 9309.000000 -0.207269 2.435311 0.002668
 9310.000000 -0.547800 3.138944 0.003355
 9311.000000 1.603000 2.652216 0.002397
 9312.000000 1.213414 2.534765 0.003820
 9313.000000 -1.352979 2.870415 0.003051
 9314.000000 -1.320029 -2.877128 0.003148
 9315.000000 -1.353925 -2.734493 0.004133
 9316.000000 -0.699059 3.125337 0.003753
 9317.000000 0.009071 2.962048 0.000657
 9318.000000 0.250555 -2.709085 0.001801
 9319.000000 1.329010 -2.745438 0.000523
 9320.000000 0.349087 2.750004 0.000559
 9321.000000 -0.336096 2.794834 0.000871
 9322.000000 1.683683 -3.030118 0.000181
 9323.000000 0.360087 2.922540 0.001691
 9324.000000 0.307783 -2.925470 0.003631
 9325.000000 0.440295 -2.479034 0.000435
 9326.000000 0.004189 -3.009945 0.000197
 9327.000000 0.389043 -2.745132 0.000581
 9328.000000 -1.389383 -2.955107 0.000230
 9329.000000 0.370456 2.594523 0.000193
 9330.000000 -1.387033 -2.557224 0.000245
 9331.000000 -0.143921 2.162370 0.000467
 9332.000000 0.207033 2.940968 0.000857
 9333.000000 0.221082 -2.715654 0.000360
 9334.000000 0.228304 -3.001771 0.000117
 9335.000000 0.640064 -3.129509 0.000671
 9336.000000 -0.263020 -2.905254 0.001019
 9337.000000 0.348918 -2.673864 0.000516
 9338.000000 0.218348 2.898930 0.000198
 9339.000000 0.250994 -2.990114 0.000206
 9340.000000 0.241034 3.002945 0.000432
 9341.000000 0.510932 -2.806910 0.000223
 9342.000000 0.145349 -2.991356 0.000849
 9343.000000 1.630188 2.356098 0.000877
 9344.000000 -0.433908 2.778537 0.001962
 9345.000000 -0.256503 3.055484 0.001823
 9346.000000 0.968760 3.129231 0.001089
 9347.000000 1.287101 2.787468 0.001328
 9348.000000 0.274028 -3.091086 0.001155
 9349.000000 0.301082 -2.759276 0.000768
 9350.000000 0.344051 -2.989407 0.001119
 9351.000000 0.423873 -2.624017 0.000385
 9352.000000 1.561968 2.779992 0.000252
 9353.000000 -1.140747 2.619440 0.000800
 9354.000000 0.491283 -3.079447 0.000808
 9355.000000 -0.485425 -2.869348 0.000968
 9356.000000 -0.002605 2.758899 0.000550
 9357.000000 -0.417257 -2.611827 0.000589
 9358.000000 -0.275054 -2.492728 0.001127
 9359.000000 -0.439752 -2.945434 0.000614
 9360.000000 -0.685270 -2.821772 0.000279
 9361.000000 -0.259667 -3.033450 0.001003
 9362.000000 -0.514516 -3.006348 0.001158
 9363.000000 0.264629 2.293678 0.000338
 9364.000000 -0.077192 -2.514654 0.000423
 9365.000000 0.334745 -3.117966 0.002314
 9366.000000 0.235476 -3.121209 0.000667
 9367.000000 0.287698 -2.650562 0.000157
 9368.000000 -0.486426 -2.574908 0.001133
 9369.000000 0.403236 -1.735666 0.001415
 9370.000000 -1.490167 -2.660724 0.001597
 9371.000000 0.356217 -2.270506 0.000879
 9372.000000 0.257644 3.130062 0.000920
 9373.000000 -0.812921 2.826707 0.000377
 9374.000000 0.401833 2.693583 0.001148
 9375.000000 -1.427722 2.977892 0.000321
 9376.000000 1.082837 -1.815750 0.000508
 9377.000000 -0.940301 3.090435 0.000695
 9378.000000 -1.339072 -2.589022 0.001379
 9379.000000 0.309413 -2.851567 0.003032
 9380.000000 0.196754 2.893500 0.001300
 9381.000000 0.169123 -2.848885 0.001833
 9382.000000 0.326433 -2.497181 0.000944
 9383.000000 -1.681890 -2.953824 0.001726
 9384.000000 0.072495 -2.788674 0.000302
 9385.000000 0.186932 -2.554604 0.000914
 9386.000000 0.235173 -2.297004 0.000831
 9387.000000 0.410529 -2.619042 0.000403
 9388.000000 0.231818 -2.791232 0.000234
 9389.000000 0.442150 -2.827608 0.001103
 9390.000000 0.605858 2.856464 0.000389
 9391.000000 0.284041 -2.646336 0.000413
 9392.000000 0.331147 -3.071666 0.000492
 9393.000000 -0.412565 -2.682964 0.001197
 9394.000000 0.436453 -2.710082 0.000124
 9395.000000 -1.572263 -2.558649 0.000289
 9396.000000 0.239969 -3.069144 0.000206
 9397.000000 -1.276475 2.997240 0.000385
 9398.000000 -0.423047 -2.871391 0.000428
 9399.000000 -1.066551 -2.654503 0.000371
 9400.000000 1.203308 -2.786237 0.001442
 9401.000000 0.571180 -2.298400 0.001434
 9402.000000 0.239906 -2.195464 0.000863
 9403.000000 1.174506 2.793928 0.000976
 9404.000000 1.768454 2.792263 0.000815
 9405.000000 -0.011676 2.733206 0.000711
 9406.000000 1.564798 -2.861640 0.000789
 9407.000000 0.299389 -2.846988 0.000788
 9408.000000 -1.063474 -2.626239 0.000718
 9409.000000 0.286253 -2.669394 0.000651
 9410.000000 -1.214636 -2.443873 0.000242
 9411.000000 0.352640 -2.716849 0.000707
 9412.000000 0.452583 -2.882283 0.000238
 9413.000000 0.312863 -2.937489 0.000907
 9414.000000 -1.082851 -3.019100 0.000779
 9415.000000 1.208955 2.860109 0.000582
 9416.000000 0.476737 -2.348094 0.000916
 9417.000000 -0.220296 -3.049902 0.000585
 9418.000000 -0.467996 3.039388 0.001477
 9419.000000 0.309995 -2.630190 0.003025
 9420.000000 0.016997 -2.387332 0.003376
 9421.000000 0.341123 -2.378777 0.003328
 9422.000000 0.391295 -2.249985 0.004380
 9423.000000 0.328201 -2.583652 0.004129
 9424.000000 0.340175 -2.322962 0.003357
 9425.000000 0.280331 -1.384170 0.003620
 9426.000000 0.314096 -2.550413 0.003498
 9427.000000 0.277660 -2.246076 0.003142
 9428.000000 0.316956 -2.607065 0.003643
 9429.000000 0.324436 -2.450820 0.003271
 9430.000000 0.391943 -2.453480 0.002475
 9431.000000 0.168626 -1.959304 0.002300
 9432.000000 0.213008 -2.886087 0.002887
 9433.000000 0.170479 -2.641235 0.003617
 9434.000000 0.369795 -2.329107 0.002758
 9435.000000 0.362370 -2.400353 0.001229
 9436.000000 0.322981 -2.180132 0.002831
 9437.000000 0.153657 -2.400861 0.002115
 9438.000000 0.251849 -2.440927 0.001913
 9439.000000 0.299947 -2.397888 0.003536
 9440.000000 0.246066 -1.858914 0.004061
 9441.000000 0.222655 -1.688641 0.003528
 9442.000000 0.238365 -2.018224 0.002502
 9443.000000 0.369937 -2.729081 0.002933
 9444.000000 0.322124 -1.992321 0.003010
 9445.000000 0.357531 -2.097151 0.002853
 9446.000000 -1.484257 -2.734202 0.000367
 9447.000000 0.221279 2.530032 0.000305
 9448.000000 0.240967 -3.072169 0.000734
 9449.000000 -0.377147 2.791575 0.000113
 9450.000000 0.521441 -1.880681 0.000207
 9451.000000 -0.310268 3.078050 0.000266
 9452.000000 -0.332093 -2.988129 0.000436
 9453.000000 -0.344466 -2.641799 0.000567
 9454.000000 -1.102354 -2.213362 0.000262
 9455.000000 0.429902 2.576689 0.000598
 9456.000000 -1.045780 -2.712140 0.000144
 9457.000000 -0.167488 -2.387320 0.000257
 9458.000000 0.214985 -2.720129 0.000489
 9459.000000 0.151994 -2.845372 0.001242
 9460.000000 -1.602120 -2.642793 0.000607
 9461.000000 -0.369209 -2.904746 0.000543
 9462.000000 1.291600 2.866054 0.000229
 9463.000000 -0.266542 2.939176 0.001251
 9464.000000 0.497291 -2.808730 0.001114
 9465.000000 -0.989972 3.076015 0.000250
 9466.000000 -1.477105 -2.017675 0.000587
 9467.000000 0.023134 -2.684076 0.001142
 9468.000000 -0.505701 -2.890377 0.000457
 9469.000000 -0.292608 3.023427 0.001057
 9470.000000 0.326862 -2.596444 0.000413
 9471.000000 0.373761 -3.117113 0.000886
 9472.000000 -0.562736 -2.984564 0.001471
 9473.000000 0.476484 3.093882 0.000863
 9474.000000 0.550798 -2.649276 0.000211
 9475.000000 -1.439273 -2.724746 0.000195
 9476.000000 0.315418 -2.237170 0.000142
 9477.000000 1.199791 -2.662737 0.000421
 9478.000000 0.320377 3.014823 0.000614
 9479.000000 0.240726 -2.648280 0.000249
 9480.000000 0.148181 -2.452483 0.000899
 9481.000000 0.074256 -2.506337 0.000573
 9482.000000 0.346625 -2.783043 0.000889
 9483.000000 0.210294 -2.714951 0.000783
 9484.000000 0.311828 -2.708098 0.000847
 9485.000000 0.353084 -2.335102 0.001167
 9486.000000 0.413943 -2.583111 0.000626
 9487.000000 -0.202656 -2.689233 0.000535
 9488.000000 -0.412549 -2.042625 0.000622
 9489.000000 -0.035414 -2.704174 0.000714
 9490.000000 0.041398 -2.567816 0.000517
 9491.000000 -0.456496 -2.671209 0.000486
 9492.000000 1.072794 -2.775745 0.000555
 9493.000000 1.439125 -2.806736 0.000678
 9494.000000 0.315776 -2.690495 0.000933
 9495.000000 -0.445636 -2.590277 0.000629
 9496.000000 -0.221119 -2.567589 0.001367
 9497.000000 0.098458 -2.514895 0.000600
 9498.000000 0.482294 -2.290974 0.000938
 9499.000000 1.218621 -2.817491 0.000853
 9500.000000 -1.577937 -2.540833 0.000613
 9501.000000 0.237028 -2.888859 0.000596
 9502.000000 0.206025 -2.736897 0.000568
 9503.000000 1.560748 -2.757555 0.000700
 9504.000000 -0.362915 -2.909884 0.000357
 9505.000000 0.487988 -2.702669 0.000501
 9506.000000 0.167862 -2.821417 0.000638
 9507.000000 0.399075 -2.729935 0.000487
 9508.000000 0.286668 -2.699168 0.001099
 9509.000000 0.330436 -2.849228 0.000622
 9510.000000 -0.183844 -2.795896 0.000442
 9511.000000 -1.160084 2.976488 0.000254
 9512.000000 1.021844 -2.399397 0.000468
 9513.000000 0.239094 -2.383442 0.000606
 9514.000000 0.409444 2.693799 0.000629
 9515.000000 1.510588 -2.725431 0.000369
 9516.000000 -1.536835 -2.624908 0.000429
 9517.000000 1.460552 -2.581604 0.000750
 9518.000000 -0.362086 -2.780755 0.000419
 9519.000000 -1.284976 3.004821 0.001077
 9520.000000 0.428296 -2.254995 0.000367
 9521.000000 -0.456210 -2.895358 0.000221
 9522.000000 -1.236074 3.033617 0.000274
 9523.000000 0.636478 -2.401467 0.000700
 9524.000000 0.458542 -2.572190 0.000179
 9525.000000 0.356181 2.720197 0.000874
 9526.000000 0.196851 2.663536 0.000859
 9527.000000 0.054261 -2.897599 0.000458
 9528.000000 0.396023 -2.363036 0.001938
 9529.000000 0.162261 -2.181885 0.002051
 9530.000000 0.186351 -2.658780 0.000661
 9531.000000 1.002243 -2.359464 0.001445
 9532.000000 0.339500 -2.587670 0.001212
 9533.000000 -0.938347 -2.896297 0.001259
 9534.000000 1.406366 -2.560755 0.000427
 9535.000000 0.489415 -2.854003 0.001331
 9536.000000 0.423098 2.934676 0.000167
 9537.000000 -1.116627 -2.947583 0.000754
 9538.000000 -0.859924 2.688624 0.000533
 9539.000000 -0.443652 -2.794244 0.000356
 9540.000000 0.377565 -2.666622 0.000133
 9541.000000 0.398384 3.075159 0.000334
 9542.000000 -0.325095 -2.697309 0.001006
 9543.000000 -0.457135 -2.677741 0.000200
 9544.000000 -0.604132 -2.726985 0.001041
 9545.000000 0.490040 -2.631069 0.000774
 9546.000000 -1.521804 2.548351 0.000808
 9547.000000 0.391515 -2.696334 0.001551
 9548.000000 0.158227 2.795134 0.000242
 9549.000000 0.987998 -2.771970 0.000252
 9550.000000 0.443986 2.958325 0.000217
 9551.000000 -1.448024 -3.014501 0.000389
 9552.000000 0.324984 2.706791 0.000322
 9553.000000 -1.375272 -2.802107 0.000520
 9554.000000 -1.518063 -2.379852 0.000525
 9555.000000 -0.419257 -2.570711 0.000640
 9556.000000 1.264086 -2.980078 0.000960
 9557.000000 -0.186291 2.634055 0.000590
 9558.000000 -0.218918 -2.804036 0.000291
 9559.000000 0.163702 -2.840101 0.000738
 9560.000000 -0.864429 -2.922025 0.000947
 9561.000000 0.551339 3.135728 0.001332
 9562.000000 -0.087421 2.726204 0.001346
 9563.000000 0.143708 -3.039663 0.000175
 9564.000000 -0.783474 3.130128 0.000465
 9565.000000 -1.397276 2.825667 0.000664
 9566.000000 0.161707 -2.891860 0.000307
 9567.000000 1.071947 2.955633 0.000152
 9568.000000 0.985476 -2.662979 0.000328
 9569.000000 -0.384260 -2.904650 0.001065
 9570.000000 0.269177 -2.719525 0.000978
 9571.000000 0.442529 -2.687216 0.001236
 9572.000000 -0.445059 3.071619 0.001259
 9573.000000 -0.437263 -2.893561 0.001157
 9574.000000 0.310499 -2.837071 0.001004
 9575.000000 0.271608 -2.671122 0.000856
 9576.000000 0.669071 -2.770005 0.001292
 9577.000000 0.093013 -2.725107 0.001208
 9578.000000 0.484567 -2.866154 0.001073
 9579.000000 1.250634 -2.604347 0.000794
 9580.000000 0.122826 -2.811923 0.000588
 9581.000000 0.687495 -2.786574 0.000541
 9582.000000 0.270639 -3.123016 0.000259
 9583.000000 1.630629 -2.951994 0.000747
 9584.000000 -0.237727 -3.001369 0.001283
 9585.000000 -0.231043 2.610667 0.001406
 9586.000000 0.215869 3.095951 0.001184
 9587.000000 -0.326979 3.120283 0.001365
 9588.000000 -1.500127 2.616031 0.000793
 9589.000000 -1.658866 3.134415 0.000875
 9590.000000 -1.482831 -2.847023 0.000616
 9591.000000 -0.617874 -2.643552 0.000412
 9592.000000 0.696999 -2.687448 0.000744
 9593.000000 0.417331 -2.561148 0.000778
 9594.000000 -1.176906 -2.686147 0.000699
 9595.000000 0.348618 -2.716439 0.000923
 9596.000000 1.647721 -2.683269 0.000773
 9597.000000 2.170558 -2.603088 0.000410
 9598.000000 -1.468023 -2.689166 0.000247
 9599.000000 -0.886477 -2.720721 0.000234
 9600.000000 -1.225305 -2.592239 0.000341
 9601.000000 0.240348 -2.877453 0.000977
 9602.000000 -1.307464 -2.445242 0.000347
 9603.000000 -0.303100 -2.762891 0.000250
 9604.000000 1.108331 2.821250 0.001305
 9605.000000 -0.067753 -2.895458 0.000402
 9606.000000 -1.642921 2.726381 0.000850
 9607.000000 -1.947459 3.031898 0.000666
 9608.000000 -1.621991 2.638226 0.001035
 9609.000000 -1.586865 -2.329562 0.001041
 9610.000000 0.998699 -3.060392 0.000990
 9611.000000 0.152762 -2.615460 0.000791
 9612.000000 0.438418 -2.592435 0.001187
 9613.000000 1.255695 -3.037135 0.000797
 9614.000000 0.284002 -3.104503 0.000887
 9615.000000 1.345570 -3.097948 0.000691
 9616.000000 1.538264 -2.790741 0.000615
 9617.000000 -0.441381 -3.006593 0.000996
 9618.000000 0.605295 2.909650 0.000764
 9619.000000 -0.459910 2.684291 0.000785
 9620.000000 -1.216660 2.821154 0.001406
 9621.000000 -0.468153 -2.701507 0.001160
 9622.000000 0.297818 -3.051797 0.000926
 9623.000000 -0.484112 2.920076 0.001103
 9624.000000 0.437221 3.113728 0.000950
 9625.000000 1.577882 -2.707521 0.000519
 9626.000000 1.325994 -2.747661 0.000441
 9627.000000 -0.452874 -2.682230 0.000468
 9628.000000 0.134533 -2.156559 0.000555
 9629.000000 0.414065 2.867519 0.000721
 9630.000000 -0.402804 -2.561768 0.000779
 9631.000000 -0.106040 -2.722959 0.000150
 9632.000000 1.492311 -2.969649 0.000639
 9633.000000 -0.648485 -3.134394 0.000723
 9634.000000 0.437572 2.581372 0.000676
 9635.000000 0.972561 2.968086 0.001094
 9636.000000 -0.012815 -2.964342 0.000620
 9637.000000 0.164326 -2.283297 0.001464
 9638.000000 -0.503502 -2.720650 0.000255
 9639.000000 0.119738 -1.996125 0.000380
 9640.000000 0.316043 -2.212086 0.002458
 9641.000000 0.240962 -2.631431 0.002588
 9642.000000 -0.226619 -1.918695 0.001959
 9643.000000 0.368647 -2.013898 0.000665
 9644.000000 0.251884 -2.406942 0.000757
 9645.000000 0.344080 -2.297335 0.000940
 9646.000000 0.220631 -2.594218 0.001731
 9647.000000 0.179538 -2.429247 0.001408
 9648.000000 0.220147 -2.006451 0.002532
 9649.000000 0.488786 -2.055052 0.000811
 9650.000000 0.234250 -2.655928 0.001125
 9651.000000 0.354036 -2.303217 0.000804
 9652.000000 0.222523 -2.376960 0.002230
 9653.000000 0.362870 -2.105233 0.001122
 9654.000000 0.219974 -2.237679 0.001263
 9655.000000 0.237781 -2.207207 0.001421
 9656.000000 0.255367 -2.029445 0.001142
 9657.000000 0.190182 -1.956814 0.001178
 9658.000000 0.266297 -2.319546 0.001704
 9659.000000 0.152890 -2.565261 0.002774
 9660.000000 0.033587 -1.960269 0.002048
 9661.000000 0.295708 -3.110442 0.002387
 9662.000000 0.373008 -2.168416 0.002038
 9663.000000 0.291465 -2.093443 0.002792
 9664.000000 0.175511 -2.428957 0.002015
 9665.000000 0.251773 -1.811712 0.002487
 9666.000000 0.341461 -2.420941 0.001926
 9667.000000 0.219510 -2.705818 0.002753
 9668.000000 0.310676 -2.498322 0.001638
 9669.000000 0.659005 -2.105212 0.002800
 9670.000000 0.396555 -2.050150 0.002888
 9671.000000 0.248991 -1.923243 0.003862
 9672.000000 0.221290 -2.426921 0.001709
 9673.000000 0.371802 -2.712627 0.001753
 9674.000000 0.262166 -2.345190 0.001206
 9675.000000 0.023874 -1.858735 0.002505
 9676.000000 0.240745 -1.874321 0.000831
 9677.000000 -1.445471 -2.553756 0.000802
 9678.000000 0.271563 -2.619317 0.000739
 9679.000000 -0.333083 -2.604843 0.001180
 9680.000000 0.177627 -3.072713 0.000934
 9681.000000 -0.055317 -2.612494 0.000669
 9682.000000 -1.755805 3.078395 0.000922
 9683.000000 -0.515782 -2.973098 0.001040
 9684.000000 0.425927 -2.536116 0.001032
 9685.000000 -0.508110 2.881399 0.000760
 9686.000000 -0.356416 -2.938228 0.000923
 9687.000000 -0.386996 -2.895981 0.000820
 9688.000000 0.441626 -2.176920 0.000229
 9689.000000 0.377908 -2.852674 0.000565
 9690.000000 0.142752 -2.801757 0.000456
 9691.000000 0.414266 -2.827562 0.000411
 9692.000000 0.308647 -2.858276 0.000577
 9693.000000 0.284956 -1.796470 0.000375
 9694.000000 -0.276169 -2.767858 0.000570
 9695.000000 0.123290 -2.933740 0.000568
 9696.000000 1.466895 -2.142782 0.000620
 9697.000000 0.328653 -1.439935 0.000341
 9698.000000 -0.280742 3.101855 0.000669
 9699.000000 0.949948 2.995607 0.000590
 9700.000000 1.474328 2.919218 0.000743
 9701.000000 -0.346334 -2.763790 0.000699
 9702.000000 -0.431744 -2.781776 0.000342
 9703.000000 0.549055 -2.668759 0.000455
 9704.000000 -1.303300 2.732480 0.000368
 9705.000000 0.436084 -2.305756 0.000683
 9706.000000 1.059908 3.076428 0.000812
 9707.000000 1.194950 -2.720391 0.000392
 9708.000000 0.453301 -1.744104 0.001443
 9709.000000 0.428181 -2.462216 0.002076
 9710.000000 0.361522 -2.625435 0.003316
 9711.000000 0.291131 -2.498928 0.002019
 9712.000000 0.256223 -2.842611 0.002140
 9713.000000 -1.254395 -2.041123 0.000343
 9714.000000 -1.261525 -2.606578 0.000102
 9715.000000 -0.898519 2.817703 0.000755
 9716.000000 0.437127 -2.910983 0.000616
 9717.000000 0.125744 -2.217134 0.000345
 9718.000000 0.285154 -2.576468 0.001465
 9719.000000 -1.293049 2.970345 0.001547
 9720.000000 0.951878 2.740439 0.002591
 9721.000000 -1.377012 2.548439 0.002639
 9722.000000 -0.442207 2.624282 0.001823
 9723.000000 1.696448 2.986056 0.002078
 9724.000000 1.338309 -3.065928 0.001364
 9725.000000 -0.320917 2.648869 0.001961
 9726.000000 1.377321 -3.052791 0.001975
 9727.000000 0.130151 2.508449 0.000743
 9728.000000 -0.507782 2.603596 0.000837
 9729.000000 0.332172 -2.886244 0.000861
 9730.000000 0.376560 -2.360849 0.000325
 9731.000000 -1.238941 -3.098645 0.000257
 9732.000000 -0.469629 -2.901125 0.000156
 9733.000000 0.555039 -2.855593 0.000636
 9734.000000 -1.625950 -2.589895 0.000932
 9735.000000 0.459546 -2.663784 0.000991
 9736.000000 -1.198178 -2.771699 0.000751
 9737.000000 -1.439551 -2.599556 0.000868
 9738.000000 -1.221286 -2.725302 0.001024
 9739.000000 1.301523 -2.639688 0.001026
 9740.000000 -0.743501 -2.991273 0.000705
 9741.000000 -0.498510 -2.760944 0.001520
 9742.000000 0.404955 -2.982730 0.001004
 9743.000000 -0.019018 -2.644417 0.001061
 9744.000000 -1.335502 -3.061740 0.001258
 9745.000000 0.392625 -2.356448 0.000973
 9746.000000 0.058024 -2.958412 0.000786
 9747.000000 -0.162180 -2.565726 0.001150
 9748.000000 1.040558 -2.472616 0.001016
 9749.000000 -0.240372 -2.760393 0.000835
 9750.000000 1.211674 -2.796053 0.001192
 9751.000000 0.265955 -2.803875 0.000320
 9752.000000 0.301074 -2.257964 0.000711
 9753.000000 0.241782 -2.520739 0.000148
 9754.000000 0.275808 -2.461154 0.000601
 9755.000000 -0.700140 -3.022941 0.000704
 9756.000000 0.263839 -2.685195 0.000220
 9757.000000 -1.428089 -2.934260 0.000453
 9758.000000 -0.308422 2.864888 0.000251
 9759.000000 -1.302287 -2.471694 0.000135
 9760.000000 0.321337 -2.347573 0.001388
 9761.000000 0.169374 -2.225100 0.001373
 9762.000000 -0.220071 -2.841390 0.000822
 9763.000000 0.321680 -2.100642 0.002697
 9764.000000 -0.201554 -2.680227 0.000287
 9765.000000 -0.515779 -2.660880 0.001521
 9766.000000 0.439448 -2.677611 0.000855
 9767.000000 0.333391 -2.847741 0.000218
 9768.000000 -1.665708 -1.899324 0.000150
 9769.000000 -0.459822 -3.089534 0.000429
 9770.000000 1.366584 2.796912 0.000272
 9771.000000 0.389934 -2.987839 0.000262
 9772.000000 0.016087 -2.090683 0.000412
 9773.000000 1.518852 -2.632709 0.000398
 9774.000000 -0.431292 -2.555859 0.000241
 9775.000000 -0.314802 -2.278804 0.000485
 9776.000000 0.383754 -2.658030 0.000638
 9777.000000 0.357741 -2.060757 0.000078
 9778.000000 0.272921 -2.504239 0.000263
 9779.000000 0.263542 -2.467142 0.001131
 9780.000000 -0.768900 2.865835 0.000371
 9781.000000 -1.506567 -2.106436 0.000742
 9782.000000 0.210189 -2.986324 0.001143
 9783.000000 1.113339 2.726572 0.001028
 9784.000000 -0.242609 -1.992804 0.001906
 9785.000000 0.367482 3.064593 0.000274
 9786.000000 0.363670 3.045521 0.000561
 9787.000000 -0.375695 -2.423736 0.000444
 9788.000000 1.039377 -2.852312 0.000313
 9789.000000 0.246898 -2.711718 0.000650
 9790.000000 0.401510 -2.904251 0.000321
 9791.000000 -0.509098 -2.774330 0.000132
 9792.000000 0.404556 2.825983 0.000340
 9793.000000 0.413126 -2.847793 0.001648
 9794.000000 -1.319630 3.061175 0.000468
 9795.000000 -0.399041 -2.950000 0.000191
 9796.000000 -0.342053 -2.911800 0.000818
 9797.000000 0.376767 3.095779 0.000752
 9798.000000 0.427446 2.949274 0.000669
 9799.000000 0.437044 -2.411291 0.000548
 9800.000000 -1.390714 2.709043 0.000231
 9801.000000 0.017214 -3.140482 0.000376
 9802.000000 -0.018142 -2.841399 0.000259
 9803.000000 0.772738 -2.282757 0.000547
 9804.000000 1.137010 -1.976167 0.001516
 9805.000000 -0.375314 2.340007 0.000198
 9806.000000 -0.434224 -2.694076 0.000696
 9807.000000 -0.249352 -2.674300 0.001412
 9808.000000 -0.568369 -2.751876 0.000671
 9809.000000 0.311243 -1.557942 0.000200
 9810.000000 0.467765 2.712760 0.000187
 9811.000000 0.449226 2.920818 0.000127
 9812.000000 0.866245 2.595728 0.000945
 9813.000000 -0.343780 2.755472 0.001417
 9814.000000 -0.319776 2.790862 0.001361
 9815.000000 1.106020 2.890809 0.002061
 9816.000000 -0.193074 -2.489246 0.002145
 9817.000000 0.994074 2.783114 0.001097
 9818.000000 1.586972 2.901734 0.001445
 9819.000000 -0.402885 2.607161 0.004253
 9820.000000 1.080775 -3.029909 0.001381
 9821.000000 -0.529278 -2.517989 0.000421
 9822.000000 -0.401630 -2.179427 0.001673
 9823.000000 -0.432767 -2.504051 0.002547
 9824.000000 -0.290007 -2.600154 0.000809
 9825.000000 -0.580253 -2.992459 0.000684
 9826.000000 0.428014 2.749571 0.000475
 9827.000000 0.470078 2.737659 0.000487
 9828.000000 0.508131 -3.043908 0.000325
 9829.000000 -1.236041 -2.901310 0.000453
 9830.000000 0.488027 2.864625 0.000214
 9831.000000 0.334159 2.468081 0.001297
 9832.000000 0.706544 -2.765833 0.000167
 9833.000000 -0.454082 -2.922021 0.000760
 9834.000000 -0.236392 -2.672720 0.000553
 9835.000000 -0.256724 -2.519259 0.000753
 9836.000000 -1.400153 -2.184911 0.000175
 9837.000000 0.197100 -2.864017 0.000184
 9838.000000 -1.406113 -2.699896 0.000391
 9839.000000 -0.605912 -2.652601 0.000920
 9840.000000 0.232281 -2.849195 0.000490
 9841.000000 0.359697 -1.975292 0.000324
 9842.000000 1.313496 -2.465493 0.000137
 9843.000000 1.046287 -2.779568 0.002206
 9844.000000 1.140405 -2.500946 0.000553
 9845.000000 1.547739 -2.549091 0.000197
 9846.000000 1.303548 -2.788556 0.000228
 9847.000000 -0.807119 -2.177441 0.000900
 9848.000000 -1.220520 -2.904948 0.002922
 9849.000000 -1.760626 -2.039918 0.000876
 9850.000000 -0.433915 -2.341983 0.000456
 9851.000000 0.448403 -2.731263 0.000169
 9852.000000 -1.829227 2.617496 0.000330
 9853.000000 0.353306 -2.910496 0.000444
 9854.000000 0.427534 -2.039833 0.000933
 9855.000000 0.411990 2.789695 0.001052
 9856.000000 -0.476774 -2.776015 0.001207
 9857.000000 0.979183 -2.880491 0.000375
 9858.000000 -0.300054 -1.934656 0.000730
 9859.000000 0.358477 3.003773 0.000240
 9860.000000 -0.355598 -2.624046 0.000536
 9861.000000 0.193100 2.490383 0.000667
 9862.000000 -0.269017 -2.275027 0.000766
 9863.000000 -0.462523 -2.764492 0.000309
 9864.000000 1.205689 -2.513652 0.000215
 9865.000000 -0.413039 -2.678567 0.000291
 9866.000000 -1.057578 -2.558744 0.000313
 9867.000000 0.447876 -2.584009 0.000785
 9868.000000 0.490671 -2.696235 0.001102
 9869.000000 0.362099 -2.886255 0.000799
 9870.000000 1.522215 -2.792748 0.000376
 9871.000000 1.255503 -2.696233 0.000315
 9872.000000 -0.216722 -3.051291 0.000273
 9873.000000 0.795794 2.741137 0.000401
 9874.000000 0.440672 2.976903 0.000263
 9875.000000 0.285244 -2.071591 0.000737
 9876.000000 0.384426 2.719223 0.000244
 9877.000000 0.362250 -2.556306 0.000253
 9878.000000 -0.017915 -2.652056 0.002286
 9879.000000 -0.463280 -2.927954 0.000881
 9880.000000 1.375587 -2.782110 0.000490
 9881.000000 -0.490281 -2.759453 0.000233
 9882.000000 0.093948 3.046111 0.000565
 9883.000000 0.421565 -2.764136 0.000337
 9884.000000 1.111040 -3.095086 0.001456
 9885.000000 0.441529 -2.460577 0.000437
 9886.000000 0.188010 -2.783030 0.000365
 9887.000000 0.248149 2.898233 0.000358
 9888.000000 1.297089 -2.718930 0.000456
 9889.000000 0.190413 -2.719869 0.000164
 9890.000000 0.472716 2.536262 0.000442
 9891.000000 1.505601 -3.043316 0.000896
 9892.000000 0.379845 3.058577 0.001453
 9893.000000 1.094020 -2.664309 0.000212
 9894.000000 -1.310460 3.020393 0.000277
 9895.000000 0.758349 3.048946 0.001607
 9896.000000 -0.608536 -2.625067 0.001309
 9897.000000 0.643447 2.715037 0.002103
 9898.000000 -1.443376 -3.101125 0.000315
 9899.000000 -1.075884 -2.994934 0.000629
 9900.000000 0.016286 -2.169471 0.000694
 9901.000000 0.293764 3.031357 0.000351
 9902.000000 0.075836 -2.279059 0.000503
 9903.000000 1.469803 -2.643314 0.001779
 9904.000000 0.174893 -2.145148 0.000711
 9905.000000 0.321534 2.949293 0.000666
 9906.000000 1.486748 -2.935055 0.000564
 9907.000000 0.076713 -2.054431 0.001578
 9908.000000 0.181068 -2.752169 0.001647
 9909.000000 0.011506 -2.296254 0.002250
 9910.000000 -0.314283 -2.601922 0.002475
 9911.000000 -0.157929 -2.121763 0.002173
 9912.000000 0.285617 -2.611702 0.003394
 9913.000000 1.264818 -2.840452 0.000130
 9914.000000 0.386635 -2.725804 0.000358
 9915.000000 0.202195 -3.123921 0.001060
 9916.000000 -0.288338 -3.068549 0.000299
 9917.000000 0.547017 -2.648015 0.000314
 9918.000000 -0.383691 2.979743 0.000190
 9919.000000 0.279516 -2.790470 0.000520
 9920.000000 0.378452 -2.281226 0.000581
 9921.000000 0.253857 -2.872178 0.000795
 9922.000000 -0.224298 -2.943574 0.000837
 9923.000000 -0.036948 -2.571785 0.000567
 9924.000000 0.283958 -2.748386 0.000502
 9925.000000 0.102733 -2.614130 0.000454
 9926.000000 0.301224 -2.413902 0.000483
 9927.000000 0.517205 -2.724422 0.000291
 9928.000000 0.335459 -1.730890 0.000974
 9929.000000 0.096485 -2.501174 0.001417
 9930.000000 0.226286 -2.325347 0.000769
 9931.000000 0.108645 -2.063160 0.001724
 9932.000000 0.108226 -2.305216 0.002264
 9933.000000 0.202018 -1.905642 0.002318
 9934.000000 0.351273 -1.945373 0.000762
 9935.000000 0.506062 -2.056555 0.001794
 9936.000000 0.310724 -2.413648 0.002232
 9937.000000 0.444728 -1.575522 0.001431
 9938.000000 0.287699 -2.179375 0.000783
 9939.000000 0.265415 -2.430228 0.001797
 9940.000000 0.132900 -2.298267 0.003632
 9941.000000 0.345208 -2.655316 0.003258
 9942.000000 0.261181 -2.421161 0.003267
 9943.000000 0.299780 -2.337050 0.003244
 9944.000000 0.302385 -2.345667 0.000879
 9945.000000 0.484027 -2.573372 0.000459
 9946.000000 -0.392226 -2.732762 0.001254
 9947.000000 1.282087 -2.581490 0.000531
 9948.000000 -0.378789 -2.950334 0.000734
 9949.000000 1.181135 3.083970 0.000637
 9950.000000 1.283449 -2.838286 0.000443
 9951.000000 -1.834022 2.713749 0.000092
 9952.000000 0.326254 -2.813311 0.001013
 9953.000000 -0.206856 -2.809036 0.000465
 9954.000000 0.052939 -2.635696 0.000279
 9955.000000 0.288927 -2.495604 0.000304
 9956.000000 -0.414566 -2.641848 0.000507
 9957.000000 0.346768 -1.949626 0.001924
 9958.000000 0.347507 -2.927290 0.001019
 9959.000000 -0.332600 -2.735276 0.000185
 9960.000000 -1.572785 -2.874993 0.000256
 9961.000000 1.445047 -2.695025 0.001407
 9962.000000 0.404001 -2.248531 0.000695
 9963.000000 1.573835 -2.085452 0.000394
 9964.000000 0.675151 -2.949054 0.000130
 9965.000000 -1.070594 -2.481889 0.000643
 9966.000000 0.132167 -2.571992 0.000609
 9967.000000 0.523658 -2.907021 0.000224
 9968.000000 0.518401 -2.365052 0.000511
 9969.000000 -1.102764 2.923429 0.001634
 9970.000000 -1.749684 -2.709180 0.001563
 9971.000000 0.361835 -2.818630 0.002028
 9972.000000 0.423491 2.966298 0.001783
 9973.000000 0.611454 2.477952 0.000735
 9974.000000 -1.279394 -2.220213 0.005950
 9975.000000 -0.340021 -2.979413 0.000442
 9976.000000 -1.263433 -3.131435 0.000294
 9977.000000 1.339256 -2.525853 0.000339
 9978.000000 0.415521 -2.781469 0.000559
 9979.000000 -1.071269 -2.458212 0.001193
 9980.000000 0.422123 -2.362793 0.001191
 9981.000000 0.462803 -3.016936 0.000961
 9982.000000 0.056494 2.599204 0.001069
 9983.000000 0.363162 -2.302254 0.000465
 9984.000000 -0.004527 -2.829940 0.001043
 9985.000000 0.249084 -2.951608 0.003434
 9986.000000 1.093477 -2.608704 0.001348
 9987.000000 -0.135842 -2.642969 0.000389
 9988.000000 1.152661 -2.701625 0.000249
 9989.000000 0.512207 -2.875082 0.001047
 9990.000000 -0.295668 -2.567405 0.000513
 9991.000000 0.385604 -2.779383 0.000762
 9992.000000 0.424134 -2.903206 0.000751
 9993.000000 0.150547 -3.093399 0.001141
 9994.000000 0.275031 -3.113421 0.000442
 9995.000000 -0.362498 -2.976840 0.000539
 9996.000000 1.749660 -2.667634 0.000434
 9997.000000 1.033148 -2.725266 0.000560
 9998.000000 -0.421424 -2.758438 0.000487
 9999.000000 -1.299330 2.989373 0.000114
 10000.000000 -1.075942 -2.839683 0.000470
 10001.000000 0.349042 -2.691845 0.001327
 10002.000000 0.450565 -2.236063 0.003198
 10003.000000 0.135665 2.763936 0.002041
 10004.000000 0.358293 2.994704 0.002705
 10005.000000 0.246375 -3.015988 0.003378
 10006.000000 0.353515 2.920242 0.003514
 10007.000000 0.247404 2.647326 0.002400
 10008.000000 0.298617 -2.894018 0.002524
 10009.000000 0.128004 3.037226 0.002564
 10010.000000 0.273708 2.564498 0.001899
 10011.000000 0.150630 -2.875910 0.002847
 10012.000000 0.278153 -2.601851 0.002483
 10013.000000 0.217744 -2.562186 0.003666
 10014.000000 0.229259 2.593877 0.000291
 10015.000000 0.061855 -2.531576 0.000143
 10016.000000 0.273437 -2.159919 0.000436
 10017.000000 1.391382 -2.962270 0.000602
 10018.000000 -0.583366 3.106801 0.000683
 10019.000000 0.198327 -2.898619 0.000884
 10020.000000 -0.181625 -2.701330 0.000255
 10021.000000 1.016221 2.621679 0.000483
 10022.000000 -0.429424 -2.339338 0.000863
 10023.000000 -0.311691 -2.670852 0.000496
 10024.000000 1.058518 -2.663640 0.000229
 10025.000000 1.265109 -2.732858 0.000106
 10026.000000 0.385605 -2.819406 0.000107
 10027.000000 0.319559 -2.326084 0.001169
 10028.000000 0.424722 -2.068887 0.001651
 10029.000000 0.283854 -2.814858 0.001012
 10030.000000 0.178291 -1.911392 0.001149
 10031.000000 -1.267290 -2.410813 0.000161
 10032.000000 0.362244 -2.670544 0.000223
 10033.000000 0.241120 -2.685538 0.001034
 10034.000000 1.497288 -2.652304 0.000683
 10035.000000 -1.205067 -2.884552 0.000531
 10036.000000 -0.421889 -2.538236 0.000224
 10037.000000 0.544733 2.830546 0.000227
 10038.000000 -0.544882 2.789207 0.000306
 10039.000000 0.446003 2.607750 0.000677
 10040.000000 1.117816 -2.471051 0.000930
 10041.000000 -1.335741 2.715248 0.001082
 10042.000000 -0.094144 -2.877546 0.001262
 10043.000000 1.368543 3.033619 0.001432
 10044.000000 0.377635 2.685006 0.001374
 10045.000000 1.144427 -2.966986 0.001412
 10046.000000 -0.065947 3.002120 0.001535
 10047.000000 -0.277294 -2.917532 0.000164
 10048.000000 -1.206002 -2.802848 0.000801
 10049.000000 0.380411 -2.885407 0.000511
 10050.000000 -0.297650 -2.670922 0.000134
 10051.000000 0.312408 -2.959696 0.000667
 10052.000000 -1.099895 2.856282 0.000490
 10053.000000 -1.236365 -2.885262 0.000417
 10054.000000 0.037301 -2.814594 0.000154
 10055.000000 -1.272433 -3.069902 0.000536
 10056.000000 0.335956 2.985694 0.000980
 10057.000000 -1.668476 2.786640 0.001079
 10058.000000 0.474664 -2.280701 0.000618
 10059.000000 -0.916033 -2.791039 0.000466
 10060.000000 -0.131653 -2.542871 0.000545
 10061.000000 0.259756 -2.834991 0.000471
 10062.000000 0.153488 -2.520297 0.000718
 10063.000000 1.180814 -2.756428 0.000240
 10064.000000 0.172425 -2.631336 0.000362
 10065.000000 0.077621 -2.536795 0.000115
 10066.000000 -0.260082 -3.018907 0.000695
 10067.000000 0.304232 2.853202 0.000599
 10068.000000 -1.231170 -2.772986 0.000402
 10069.000000 -1.031491 -2.899663 0.000330
 10070.000000 0.355568 -1.989896 0.000372
 10071.000000 0.300453 -2.798477 0.001868
 10072.000000 0.311550 2.700430 0.000503
 10073.000000 -1.167099 -3.020638 0.000709
 10074.000000 0.258105 -2.579410 0.000418
 10075.000000 0.139352 -2.915908 0.000533
 10076.000000 0.535509 -2.803146 0.001280
 10077.000000 0.330912 2.967437 0.000205
 10078.000000 -0.272018 -2.740314 0.000527
 10079.000000 0.068989 2.248045 0.000460
 10080.000000 -0.496227 -2.476079 0.000369
 10081.000000 -1.188012 -3.108164 0.000735
 10082.000000 -0.060787 3.045605 0.001419
 10083.000000 0.216770 -2.621075 0.000294
 10084.000000 0.366849 -2.865817 0.000644
 10085.000000 0.567430 -2.506832 0.000239
 10086.000000 -0.078987 -2.771128 0.000539
 10087.000000 0.194011 -2.933684 0.001199
 10088.000000 -1.409498 -2.691936 0.000990
 10089.000000 0.494508 2.737636 0.000948
 10090.000000 1.284692 -2.877139 0.001593
 10091.000000 -0.379090 2.671153 0.000638
 10092.000000 0.487639 -2.129021 0.000580
 10093.000000 0.226910 2.732982 0.000154
 10094.000000 1.018764 2.767721 0.000713
 10095.000000 0.463992 -2.806030 0.000294
 10096.000000 1.252633 2.610495 0.001169
 10097.000000 1.010097 -2.787521 0.000342
 10098.000000 -1.930709 -3.072723 0.000711
 10099.000000 0.346229 -2.535830 0.000905
 10100.000000 -0.444079 -2.670751 0.001371
 10101.000000 -0.193482 -2.795937 0.000987
 10102.000000 -0.362571 2.748805 0.001122
 10103.000000 -0.457189 -3.092285 0.000164
 10104.000000 0.833705 2.641742 0.000322
 10105.000000 -1.247725 -2.853765 0.001341
 10106.000000 0.469726 -2.885042 0.000321
 10107.000000 0.407784 2.975952 0.000449
 10108.000000 0.969777 -2.769538 0.000204
 10109.000000 -0.223754 -2.750185 0.000357
 10110.000000 0.397248 -2.603147 0.000270
 10111.000000 0.281565 -2.860138 0.000719
 10112.000000 -1.089510 3.101212 0.000531
 10113.000000 -2.037369 2.784435 0.000286
 10114.000000 0.418879 -3.103465 0.001099
 10115.000000 -0.439822 -3.136694 0.000943
 10116.000000 0.233940 2.839226 0.001507
 10117.000000 0.272307 2.946264 0.001017
 10118.000000 -0.119956 2.758023 0.001859
 10119.000000 0.288867 -3.097544 0.002578
 10120.000000 0.158451 3.118512 0.002148
 10121.000000 0.277020 -3.085706 0.002562
 10122.000000 0.397895 -2.764561 0.002844
 10123.000000 0.386554 3.080623 0.002787
 10124.000000 0.327735 -2.252694 0.003918
 10125.000000 0.324224 -2.787816 0.003913
 10126.000000 0.416933 -2.127747 0.003522
 10127.000000 0.150879 -2.360350 0.003844
 10128.000000 0.267920 -2.217673 0.003105
 10129.000000 0.089315 -1.307015 0.003475
 10130.000000 0.232755 -2.609218 0.002327
 10131.000000 0.311831 -2.061813 0.001531
 10132.000000 0.423297 -2.743770 0.001132
 10133.000000 0.224437 -2.021455 0.001530
 10134.000000 0.264110 -2.401822 0.000954
 10135.000000 0.463078 -1.439087 0.000773
 10136.000000 0.374835 -2.027197 0.001076
 10137.000000 0.300315 -2.110967 0.000861
 10138.000000 0.108919 -2.310620 0.002109
 10139.000000 0.413797 -2.549523 0.003840
 10140.000000 0.279788 -2.247658 0.003621
 10141.000000 0.304904 -1.965810 0.003888
 10142.000000 0.365812 -2.494878 0.003656
 10143.000000 0.420960 -2.955644 0.003813
 10144.000000 0.250520 -2.592461 0.003793
 10145.000000 0.422227 -2.745463 0.003198
 10146.000000 0.354359 -2.638433 0.004022
 10147.000000 0.369953 -2.408243 0.002876
 10148.000000 0.279367 -2.259212 0.001976
 10149.000000 0.277755 -2.652981 0.002484
 10150.000000 0.414257 -2.563537 0.004317
 10151.000000 0.337300 -2.452638 0.002100
 10152.000000 0.529208 -2.940721 0.001179
 10153.000000 0.280844 -2.381920 0.001657
 10154.000000 0.321905 -2.458838 0.001979
 10155.000000 0.378546 -2.041893 0.001446
 10156.000000 0.189567 -3.033680 0.002161
 10157.000000 0.135904 -2.354435 0.003734
 10158.000000 0.326737 -2.436523 0.001812
 10159.000000 0.154192 -2.400161 0.002525
 10160.000000 0.227146 3.078022 0.000384
 10161.000000 0.221145 -2.582223 0.001405
 10162.000000 0.050886 -2.291575 0.002266
 10163.000000 0.260975 -2.376982 0.001369
 10164.000000 0.318413 -2.240766 0.001678
 10165.000000 0.180771 -2.489628 0.001856
 10166.000000 0.297149 -2.206625 0.001787
 10167.000000 -0.095122 -2.326880 0.002199
 10168.000000 0.136933 -2.211576 0.003038
 10169.000000 0.372706 -2.005471 0.004302
 10170.000000 0.308646 -2.403216 0.003690
 10171.000000 0.295031 -2.550791 0.003661
 10172.000000 0.323462 -2.476481 0.001143
 10173.000000 0.154965 -2.798891 0.001375
 10174.000000 0.113997 -2.527541 0.001358
 10175.000000 0.339434 -3.103315 0.002587
 10176.000000 0.127440 -2.350481 0.001438
 10177.000000 0.295725 -2.647133 0.002877
 10178.000000 0.212752 -2.176200 0.000656
 10179.000000 0.310312 -2.526497 0.000779
 10180.000000 0.348404 -2.250516 0.001380
 10181.000000 0.296938 -2.484183 0.002481
 10182.000000 0.347746 -2.356095 0.000762
 10183.000000 0.088224 -2.540651 0.001519
 10184.000000 0.374907 -2.182746 0.001604
 10185.000000 0.238385 -2.616921 0.002012
 10186.000000 0.311997 -2.315655 0.002381
 10187.000000 0.310068 -1.928321 0.002551
 10188.000000 0.338650 -2.053600 0.000808
 10189.000000 0.294636 -2.603497 0.002598
 10190.000000 0.321975 -2.648791 0.002388
 10191.000000 0.253313 -2.270613 0.003297
 10192.000000 0.325887 -2.252434 0.001977
 10193.000000 -1.808584 -2.272409 0.000216
 10194.000000 0.499589 -2.022052 0.000218
 10195.000000 -1.196177 -3.136091 0.000920
 10196.000000 0.479180 -2.266850 0.000412
 10197.000000 0.359077 -1.982345 0.000927
 10198.000000 0.110714 -2.665878 0.000130
 10199.000000 1.383469 -2.562919 0.001116
 10200.000000 -0.311547 -2.917564 0.000419
 10201.000000 1.258006 -2.591297 0.000626
 10202.000000 0.721818 -2.790161 0.000149
 10203.000000 0.592471 -2.239170 0.000859
 10204.000000 1.004075 -2.470823 0.000384
 10205.000000 1.006041 -2.169470 0.001254
 10206.000000 0.921091 -2.461197 0.000345
 10207.000000 -0.455427 -1.796774 0.001426
 10208.000000 0.950098 -2.098975 0.000914
 10209.000000 0.243505 -2.234532 0.000757
 10210.000000 0.159960 -2.529006 0.003021
 10211.000000 0.051276 2.717436 0.000303
 10212.000000 -1.135635 -3.070519 0.001846
 10213.000000 0.889605 -2.715800 0.001144
 10214.000000 1.225227 -2.682888 0.000940
 10215.000000 -1.392910 -2.714027 0.001749
 10216.000000 -0.667063 -3.099150 0.000959
 10217.000000 1.207039 -3.016827 0.000693
 10218.000000 0.183223 -3.094799 0.000809
 10219.000000 0.175698 -2.670825 0.000777
 10220.000000 0.422580 -2.893473 0.001182
 10221.000000 -1.067297 -2.618894 0.000514
 10222.000000 0.344012 -3.092875 0.000376
 10223.000000 -0.396701 -2.583834 0.000594
 10224.000000 -0.031361 -2.485817 0.000405
 10225.000000 0.164304 2.901419 0.000299
 10226.000000 0.161923 -3.092007 0.000317
 10227.000000 -0.513151 -2.577893 0.000526
 10228.000000 0.320873 3.040608 0.000198
 10229.000000 1.230042 -2.224775 0.000819
 10230.000000 -1.944965 -2.895098 0.000345
 10231.000000 -0.902077 -3.080440 0.003154
 10232.000000 -1.690785 2.806997 0.000268
 10233.000000 0.364071 2.841920 0.000196
 10234.000000 1.583021 -3.057354 0.001138
 10235.000000 1.276948 3.050867 0.000449
 10236.000000 -0.454884 -3.090365 0.000090
 10237.000000 -0.328589 3.031273 0.001474
 10238.000000 -1.517295 -2.514547 0.000627
 10239.000000 0.346837 -1.995154 0.000642
 10240.000000 -1.530936 2.714532 0.000544
 10241.000000 0.422000 -2.812713 0.000589
 10242.000000 -0.533392 2.896748 0.000505
 10243.000000 0.941886 -2.633377 0.000178
 10244.000000 0.337000 -2.688624 0.000484
 10245.000000 1.056394 -2.656362 0.000694
 10246.000000 0.217218 -2.638281 0.000297
 10247.000000 0.886301 -3.100384 0.000121
 10248.000000 0.420648 2.666994 0.000629
 10249.000000 0.366888 -3.056410 0.000928
 10250.000000 0.426197 2.552451 0.000335
 10251.000000 -0.248716 2.075212 0.000718
 10252.000000 0.130742 -3.008652 0.000390
 10253.000000 -1.617486 -3.031452 0.001001
 10254.000000 0.329518 -2.618867 0.000726
 10255.000000 -0.643443 -2.716899 0.000564
 10256.000000 1.067144 2.810701 0.001120
 10257.000000 0.958044 -2.707946 0.000114
 10258.000000 -0.473719 2.769301 0.002691
 10259.000000 -0.238437 2.761279 0.002053
 10260.000000 1.314511 2.772116 0.001800
 10261.000000 1.552794 2.474051 0.003001
 10262.000000 0.451538 -2.871274 0.000448
 10263.000000 -0.513390 -2.600586 0.001648
 10264.000000 0.299303 3.110103 0.001009
 10265.000000 -0.276592 -2.977619 0.000905
 10266.000000 -0.506461 -2.826238 0.001532
 10267.000000 -0.617337 -3.072405 0.000644
 10268.000000 -0.741695 2.663061 0.000488
 10269.000000 0.470017 3.063161 0.000533
 10270.000000 0.252817 2.807534 0.000247
 10271.000000 -1.227146 -2.377473 0.000257
 10272.000000 0.505516 2.993176 0.000665
 10273.000000 0.524430 2.744996 0.000533
 10274.000000 -1.215148 2.793489 0.001005
 10275.000000 1.651902 3.092197 0.001578
 10276.000000 -0.355600 3.109416 0.001279
 10277.000000 1.247282 -2.650919 0.000702
 10278.000000 -0.606889 -2.761545 0.000510
 10279.000000 0.533350 -2.730845 0.000875
 10280.000000 -0.412979 -2.686517 0.001521
 10281.000000 0.358279 -2.708422 0.001427
 10282.000000 0.286700 -2.751280 0.001204
 10283.000000 0.415201 -2.861558 0.001099
 10284.000000 -0.344938 -2.820152 0.001245
 10285.000000 0.433503 -1.939196 0.000702
 10286.000000 0.817053 -2.511508 0.000119
 10287.000000 0.324219 -2.971568 0.000127
 10288.000000 1.118980 -2.689026 0.000320
 10289.000000 0.139000 -3.028153 0.000777
 10290.000000 0.185063 -2.940546 0.000699
 10291.000000 -1.639946 -3.053475 0.000636
 10292.000000 1.540784 2.841596 0.000837
 10293.000000 -1.370453 -2.866506 0.001450
 10294.000000 0.259105 -2.966674 0.000991
 10295.000000 -1.267688 -3.115519 0.000646
 10296.000000 -0.279812 2.953128 0.002531
 10297.000000 -0.401611 -2.719821 0.000107
 10298.000000 0.278171 2.712355 0.000348
 10299.000000 0.445166 3.071992 0.000355
 10300.000000 -0.295691 -2.745116 0.000820
 10301.000000 -0.604830 -2.805253 0.000679
 10302.000000 0.421628 -2.735661 0.000615
 10303.000000 0.150905 3.051277 0.000146
 10304.000000 0.330949 -2.336331 0.000277
 10305.000000 -0.372183 -3.039520 0.000751
 10306.000000 1.394468 -2.758094 0.000217
 10307.000000 -0.366345 -2.432057 0.001369
 10308.000000 -0.311413 -2.284691 0.001658
 10309.000000 -1.343093 -2.585400 0.000215
 10310.000000 0.313267 3.039673 0.001643
 10311.000000 0.495823 -1.962076 0.000939
 10312.000000 0.177202 -1.902200 0.001631
 10313.000000 0.261296 -2.274215 0.001246
 10314.000000 0.518210 -2.084409 0.001550
 10315.000000 0.333427 -2.195668 0.003389
 10316.000000 0.347716 -2.093675 0.003512
 10317.000000 0.119310 -2.359275 0.003039
 10318.000000 0.256393 -2.679765 0.002705
 10319.000000 0.170276 -2.572402 0.001303
 10320.000000 0.110047 -2.902829 0.001693
 10321.000000 0.206601 -3.038026 0.001226
 10322.000000 -1.425224 -2.814865 0.001291
 10323.000000 0.412960 -2.629570 0.001308
 10324.000000 0.457411 -2.246672 0.001463
 10325.000000 -0.866425 -3.044694 0.001434
 10326.000000 0.426522 2.429439 0.000995
 10327.000000 0.337137 -2.567821 0.001283
 10328.000000 1.228621 -2.291309 0.001033
 10329.000000 -1.168835 -2.764553 0.001201
 10330.000000 -0.337229 2.698735 0.002462
 10331.000000 -0.378129 2.737067 0.003231
 10332.000000 1.466387 -3.080653 0.003192
 10333.000000 -0.362766 2.809597 0.002419
 10334.000000 -0.222091 2.765295 0.003123
 10335.000000 1.106045 2.866531 0.003000
 10336.000000 -0.208748 2.672088 0.003622
 10337.000000 -0.290040 3.138088 0.005205
 10338.000000 -0.333635 2.853455 0.002663
 10339.000000 -0.291264 -2.918037 0.003431
 10340.000000 -0.364218 2.941495 0.003994
 10341.000000 -0.408539 2.944835 0.002836
 10342.000000 -0.133312 2.316612 0.003364
 10343.000000 -0.280944 2.562153 0.003448
 10344.000000 -0.372376 2.689110 0.002904
 10345.000000 -0.035513 2.415039 0.001883
 10346.000000 -0.349832 2.670839 0.003081
 10347.000000 1.547894 -2.835444 0.003201
 10348.000000 1.542596 2.635667 0.002726
 10349.000000 -0.377672 2.759490 0.002413
 10350.000000 -0.349602 -3.025958 0.003731
 10351.000000 -0.448045 2.663147 0.003564
 10352.000000 -0.365863 2.596796 0.003470
 10353.000000 -0.259659 2.964999 0.003272
 10354.000000 -0.328403 3.105355 0.003067
 10355.000000 -0.378830 -2.844593 0.003500
 10356.000000 -0.355446 2.971016 0.003540
 10357.000000 1.336196 3.093290 0.004261
 10358.000000 -0.427524 2.788396 0.003146
 10359.000000 -0.418142 3.083400 0.003330
 10360.000000 -0.317682 2.653889 0.003591
 10361.000000 -0.485741 -2.984588 0.003888
 10362.000000 -0.353184 2.814105 0.003773
 10363.000000 -0.372469 2.743943 0.002676
 10364.000000 0.048213 2.390999 0.003380
 10365.000000 1.596229 2.675440 0.002377
 10366.000000 -0.312582 2.927057 0.002870
 10367.000000 -0.422250 2.787821 0.002926
 10368.000000 -0.381111 3.090827 0.003709
 10369.000000 -0.444073 3.137642 0.003045
 10370.000000 -0.215252 2.933291 0.002932
 10371.000000 1.148309 3.097217 0.003231
 10372.000000 1.458326 3.042031 0.003421
 10373.000000 -0.406794 2.994381 0.003680
 10374.000000 2.118486 2.532107 0.003857
 10375.000000 -0.481569 2.791808 0.003276
 10376.000000 -0.394026 2.849798 0.002866
 10377.000000 -0.376847 2.845202 0.003325
 10378.000000 -0.226577 2.710589 0.002989
 10379.000000 1.080511 2.846509 0.002103
 10380.000000 -0.346348 2.377695 0.003237
 10381.000000 -0.421741 2.684140 0.003374
 10382.000000 1.032026 -3.105991 0.003011
 10383.000000 -0.278540 2.782968 0.003066
 10384.000000 -0.425636 3.026508 0.002717
 10385.000000 -0.123536 3.042019 0.003337
 10386.000000 0.926206 2.657615 0.002237
 10387.000000 0.825691 3.029060 0.002454
 10388.000000 1.155330 2.514308 0.002030
 10389.000000 1.229406 2.805193 0.002048
 10390.000000 0.642358 2.687317 0.002275
 10391.000000 -0.176973 2.744589 0.002623
 10392.000000 -0.359668 -3.001614 0.002459
 10393.000000 -0.316047 2.685985 0.002621
 10394.000000 -0.392106 2.746084 0.002381
 10395.000000 1.886065 1.935348 0.003637
 10396.000000 -0.235002 2.670605 0.003472
 10397.000000 -0.452794 3.129814 0.003200
 10398.000000 -0.319411 3.124549 0.003416
 10399.000000 1.379949 2.432108 0.003537
 10400.000000 0.694456 -3.043060 0.002732
 10401.000000 -0.293994 2.969117 0.003741
 10402.000000 1.904432 2.702332 0.003198
 10403.000000 1.151811 3.016897 0.003245
 10404.000000 -0.391260 2.777439 0.003256
 10405.000000 1.100311 2.975507 0.003500
 10406.000000 -0.479721 2.663489 0.002544
 10407.000000 -0.109213 3.010749 0.006275
 10408.000000 -0.377008 -3.063060 0.003657
 10409.000000 1.286175 2.977741 0.003006
 10410.000000 -0.288782 2.778777 0.003174
 10411.000000 -0.277859 2.616767 0.002802
 10412.000000 -0.334860 2.664713 0.003185
 10413.000000 1.155111 2.898381 0.003081
 10414.000000 1.169861 2.997178 0.002721
 10415.000000 -0.219986 2.862621 0.003377
 10416.000000 0.012624 2.819599 0.002468
 10417.000000 -0.559501 2.766726 0.003275
 10418.000000 1.107268 3.118931 0.002756
 10419.000000 -0.370521 -3.041810 0.003515
 10420.000000 -0.383276 -3.051703 0.003008
 10421.000000 -0.355637 2.637727 0.002577
 10422.000000 -0.314161 2.933997 0.003045
 10423.000000 -0.710898 -2.961400 0.004663
 10424.000000 -0.380392 2.687835 0.003017
 10425.000000 0.862159 2.493634 0.003145
 10426.000000 -0.235501 2.621545 0.003528
 10427.000000 1.521067 -3.053225 0.002837
 10428.000000 1.240572 -2.994202 0.002745
 10429.000000 -0.531638 2.916983 0.003007
 10430.000000 0.954276 2.414793 0.003479
 10431.000000 1.607026 2.792542 0.003821
 10432.000000 -0.473937 2.924248 0.003245
 10433.000000 -0.394228 2.796834 0.003114
 10434.000000 -0.535147 -3.082386 0.003455
 10435.000000 -0.256838 2.522000 0.003589
 10436.000000 1.195178 2.547083 0.003780
 10437.000000 -0.197014 3.005459 0.003174
 10438.000000 -0.356961 2.788982 0.003186
 10439.000000 1.126189 -2.862672 0.002970
