#! FIELDS time psi11 phi10 alpha
#! SET min_psi11 -pi
#! SET max_psi11 pi
#! SET min_phi10 -pi
#! SET max_phi10 pi
 0.000000 -0.497002 3.046051 1.976503
 1.000000 -0.323118 2.907793 1.989467
 2.000000 -0.287606 -3.140975 1.990841
 3.000000 -0.368308 -2.958441 1.988390
 4.000000 -0.135350 -2.947065 1.988900
 5.000000 -0.345295 2.613309 1.971345
 6.000000 1.306797 -2.941841 1.973923
 7.000000 -0.438319 2.863073 1.968624
 8.000000 -0.353790 -2.883687 1.975754
 9.000000 1.126524 2.611437 1.979153
 10.000000 1.045396 -2.998568 1.976607
 11.000000 -0.280659 2.963246 1.979984
 12.000000 1.023998 -2.919234 1.970448
 13.000000 -0.295815 2.639149 1.976804
 14.000000 1.536498 -3.053273 1.963369
 15.000000 1.216998 2.886486 1.971218
 16.000000 1.392489 -3.035936 1.977776
 17.000000 -0.257692 -3.129858 1.980516
 18.000000 1.012621 2.775200 1.973763
 19.000000 -0.398410 2.775608 1.976633
 20.000000 -0.445932 2.814753 1.979903
 21.000000 -0.446866 2.837673 1.980192
 22.000000 -0.335472 3.017191 1.970711
 23.000000 -0.257704 3.079629 1.975013
 24.000000 1.052376 2.569753 1.979803
 25.000000 -0.333555 -3.092432 1.983921
 26.000000 1.287934 -2.933286 1.977808
 27.000000 -0.179306 2.612459 1.978909
 28.000000 1.815060 2.455852 1.980395
 29.000000 -0.452256 2.350951 1.978038
 30.000000 -0.267454 3.093343 1.980022
 31.000000 1.003058 2.987496 1.979628
 32.000000 -0.393097 2.838856 1.982665
 33.000000 1.574166 2.896907 1.981960
 34.000000 1.232440 2.991781 1.967930
 35.000000 1.446722 3.059673 1.979792
 36.000000 -0.237881 2.655182 1.980569
 37.000000 1.177829 1.847420 1.980872
 38.000000 -0.403765 2.685666 1.978505
 39.000000 1.079172 3.099823 1.974222
 40.000000 -0.405472 3.005626 1.983233
 41.000000 -0.326062 2.958500 1.974770
 42.000000 -0.345015 2.501026 1.978078
 43.000000 -0.451010 2.981467 1.973155
 44.000000 -0.252541 2.615823 1.982462
 45.000000 -0.183544 2.945867 1.976401
 46.000000 1.481387 -3.094093 1.976183
 47.000000 -0.328232 -3.131259 1.977632
 48.000000 -0.440204 2.851118 1.977504
 49.000000 -0.029505 2.946590 1.985723
 50.000000 1.834284 2.452117 1.979565
 51.000000 1.245647 2.901819 1.970825
 52.000000 -0.367724 -2.982201 1.979670
 53.000000 -0.350029 2.487526 1.972112
 54.000000 -0.089244 2.773430 1.979916
 55.000000 -0.578441 2.656334 1.973874
 56.000000 1.171836 2.765857 1.977601
 57.000000 -0.411254 2.682431 1.978804
 58.000000 -0.265424 -3.008051 1.973655
 59.000000 -0.462853 3.140419 1.969140
 60.000000 -0.411791 2.856305 1.986419
 61.000000 1.390902 3.012201 1.976535
 62.000000 -0.299855 2.875485 1.978521
 63.000000 0.996186 2.796206 1.969356
 64.000000 0.864217 3.104437 1.971330
 65.000000 1.031724 -2.779817 1.972161
 66.000000 -0.306512 3.027440 1.976915
 67.000000 -0.481045 2.931973 1.977955
 68.000000 -0.520309 2.430068 1.982670
 69.000000 -0.650809 2.750856 1.974357
 70.000000 -0.366434 -2.985154 1.977702
 71.000000 -0.507805 -2.838521 1.980185
 72.000000 0.829386 2.748258 1.976721
 73.000000 -0.490292 2.817223 1.977726
 74.000000 -0.245077 2.948664 1.978522
 75.000000 -0.303808 2.695701 1.974681
 76.000000 -0.392808 -2.966902 1.978321
 77.000000 -0.415266 2.824484 1.976756
 78.000000 -0.266229 2.753663 1.977179
 79.000000 1.075611 2.955765 1.974327
 80.000000 -0.518790 2.755677 1.978531
 81.000000 -0.285333 2.795079 1.977303
 82.000000 -0.434114 3.120920 1.974750
 83.000000 1.121823 2.692370 1.972299
 84.000000 -0.421091 -3.076523 1.973961
 85.000000 1.311126 2.640637 1.975740
 86.000000 -0.461009 2.847174 1.979079
 87.000000 -0.377931 2.156019 1.974279
 88.000000 -0.361812 2.839530 1.971828
 89.000000 -0.360875 3.082477 1.975148
 90.000000 -0.253848 -2.939324 1.988394
 91.000000 -0.348552 -2.950679 1.987049
 92.000000 -0.430257 -3.051343 1.970497
 93.000000 -0.493839 2.545797 1.973921
 94.000000 1.124129 -3.036559 1.968869
 95.000000 -0.258289 2.432353 1.972074
 96.000000 -0.459111 -3.087002 1.979059
 97.000000 -0.217534 2.591173 1.981329
 98.000000 -0.277550 -3.091294 1.978032
 99.000000 1.620562 2.813445 1.981545
 100.000000 -0.275021 2.793573 1.975968
 101.000000 -0.062723 2.738013 1.977250
 102.000000 -0.248419 -2.931770 1.975043
 103.000000 -0.402931 2.897007 1.982821
 104.000000 -0.267379 -3.069447 1.976252
 105.000000 -0.273309 2.779583 1.982019
 106.000000 -0.406574 -3.122851 1.973930
 107.000000 1.355564 -3.112035 1.977470
 108.000000 0.885994 2.909886 1.968188
 109.000000 1.398067 2.888684 1.974236
 110.000000 -0.295092 2.956271 1.978981
 111.000000 -0.241750 2.762466 1.978407
 112.000000 -0.366049 2.775586 1.977858
 113.000000 -0.201869 2.755829 1.978384
 114.000000 -0.458100 2.978622 1.989292
 115.000000 1.452198 2.743229 1.972943
 116.000000 -0.430618 2.862619 1.980498
 117.000000 -0.270195 2.641350 1.971730
 118.000000 -0.340118 2.552544 1.976698
 119.000000 -0.425366 2.894769 1.979340
 120.000000 -0.200719 2.677541 1.968511
 121.000000 0.226485 -3.087351 1.972256
 122.000000 0.268478 -3.053856 1.980198
 123.000000 0.445391 -3.090497 1.981265
 124.000000 0.365827 -2.850284 1.950261
 125.000000 -0.883219 2.733114 1.980843
 126.000000 0.160347 -3.055361 1.976157
 127.000000 0.414528 -2.101225 1.979006
 128.000000 0.299671 -1.844625 1.975926
 129.000000 0.303292 -2.308506 1.982481
 130.000000 0.250473 -2.770908 1.959464
 131.000000 0.215944 2.672230 1.945576
 132.000000 0.442335 -2.718429 1.428593
 133.000000 -0.306028 -2.323229 1.833661
 134.000000 1.227931 -2.943603 1.842100
 135.000000 -1.356202 -2.803069 1.432274
 136.000000 -1.247049 2.794562 1.785127
 137.000000 0.393219 3.036853 1.948287
 138.000000 0.233076 2.991163 1.954380
 139.000000 0.071226 2.759131 1.975357
 140.000000 0.347424 -2.683891 1.987826
 141.000000 0.289096 -2.939063 1.941622
 142.000000 0.235206 -3.080186 1.970090
 143.000000 0.353959 3.115645 1.965543
 144.000000 0.330536 -2.977823 1.949663
 145.000000 0.231037 -2.877283 1.961354
 146.000000 -0.058779 2.749942 1.966782
 147.000000 0.426069 -2.745250 1.964254
 148.000000 0.380932 -2.856113 1.667698
 149.000000 0.161959 3.086026 1.056429
 150.000000 -0.986702 2.661556 1.768007
 151.000000 -1.293482 2.910013 1.745506
 152.000000 -0.371483 -2.857795 1.595520
 153.000000 -0.476143 2.929251 1.178991
 154.000000 -1.720557 -2.993032 1.851082
 155.000000 0.435106 2.958734 1.870638
 156.000000 0.324726 -3.028349 1.864628
 157.000000 -1.432020 2.883890 1.776638
 158.000000 0.431963 -2.717837 1.813462
 159.000000 0.511152 -2.517545 1.434678
 160.000000 0.054844 -2.626538 1.814821
 161.000000 1.157436 -2.539905 1.908213
 162.000000 -0.398872 -2.672026 1.887554
 163.000000 -0.566044 -2.690744 1.864993
 164.000000 -2.130910 -2.688665 1.695021
 165.000000 0.331954 3.056677 1.944379
 166.000000 -1.380343 -2.757159 1.464903
 167.000000 -0.688575 -3.104285 1.856855
 168.000000 1.508070 -2.986751 1.930546
 169.000000 -1.400241 2.720698 1.850554
 170.000000 1.527728 -2.156926 1.843647
 171.000000 1.448669 -2.469885 1.449590
 172.000000 0.307898 -2.916541 1.746397
 173.000000 0.798807 -2.633553 1.592967
 174.000000 -0.406441 -2.727993 1.958349
 175.000000 0.506595 3.097205 1.849240
 176.000000 0.155287 2.949168 1.636736
 177.000000 -1.667033 3.078825 1.696795
 178.000000 0.430769 -2.824509 1.910183
 179.000000 0.163615 -2.614125 1.153542
 180.000000 0.187023 2.580257 1.730294
 181.000000 -0.294352 2.710295 1.843593
 182.000000 -1.537001 2.145182 1.696652
 183.000000 -1.129588 -2.877929 1.729185
 184.000000 0.259591 -2.586435 1.918733
 185.000000 0.700079 -2.575519 1.736540
 186.000000 0.172757 2.495348 1.415879
 187.000000 -0.377344 -2.463636 1.864420
 188.000000 0.071848 -2.925645 1.724930
 189.000000 -0.422533 -2.852697 1.832791
 190.000000 0.164004 -2.733619 1.739398
 191.000000 1.224044 -2.829437 1.742717
 192.000000 1.031935 -2.381466 1.864591
 193.000000 0.295242 -2.758241 1.508578
 194.000000 -0.356804 2.780292 1.851003
 195.000000 -0.413337 -3.060267 1.741784
 196.000000 -1.036331 3.044401 1.870041
 197.000000 0.434859 2.766375 1.971526
 198.000000 -0.443763 2.964749 1.959001
 199.000000 -0.312600 2.932494 1.977218
 200.000000 0.383553 2.782896 1.826421
 201.000000 -0.072458 -2.534568 1.715218
 202.000000 0.419118 -2.583074 1.487158
 203.000000 0.435634 -2.708421 1.926873
 204.000000 -0.405673 -2.335242 1.790076
 205.000000 0.344752 -2.737154 1.202197
 206.000000 0.826133 -2.790355 1.784213
 207.000000 0.258783 -2.593042 1.894442
 208.000000 0.491156 3.117612 1.858719
 209.000000 0.265440 2.981461 1.869954
 210.000000 0.448760 -2.923894 1.906960
 211.000000 0.257975 -2.907149 1.866649
 212.000000 0.517497 -2.218731 1.731996
 213.000000 -0.568621 -3.101485 1.925334
 214.000000 -0.064187 2.821844 1.949097
 215.000000 -0.278608 -2.093579 1.817210
 216.000000 0.038498 -2.756448 1.680461
 217.000000 0.301460 3.063997 1.971632
 218.000000 -1.829518 -2.511112 1.415761
 219.000000 1.418930 2.828904 1.588902
 220.000000 -0.194718 -2.665226 1.369694
 221.000000 0.116644 2.917909 1.557348
 222.000000 -1.522369 -2.801697 1.560419
 223.000000 0.146984 2.713960 1.838769
 224.000000 -1.565581 -2.887774 1.819598
 225.000000 0.396172 2.699579 1.647526
 226.000000 0.319418 -2.650022 1.759485
 227.000000 -1.455193 -2.694180 1.156679
 228.000000 0.956623 -2.146892 1.538926
 229.000000 -1.339948 3.068385 1.419870
 230.000000 0.342477 -2.627482 1.775906
 231.000000 0.115277 -2.729402 1.796413
 232.000000 -1.248627 -2.540916 1.696192
 233.000000 -1.530084 -2.992282 1.853647
 234.000000 -0.493450 -2.658646 1.507088
 235.000000 0.522154 -2.262664 1.478559
 236.000000 0.448422 -2.583480 1.957773
 237.000000 0.182448 -2.355064 1.877347
 238.000000 0.097239 2.935245 1.952630
 239.000000 0.504431 -2.932583 1.927020
 240.000000 0.374888 -3.122219 1.786824
 241.000000 -1.162691 2.531859 1.706691
 242.000000 0.604048 -2.778045 1.370361
 243.000000 0.389576 2.793400 1.766170
 244.000000 -0.480703 -2.391277 1.971840
 245.000000 -0.805879 -2.641259 1.954174
 246.000000 0.392152 -2.480342 1.804491
 247.000000 0.267290 -2.882799 1.883178
 248.000000 0.232119 -2.788294 1.724021
 249.000000 -1.423876 3.001680 1.825662
 250.000000 -1.429625 -2.933289 1.332661
 251.000000 -1.611681 -2.930931 1.352265
 252.000000 -1.498587 2.782827 1.902677
 253.000000 -1.584530 -2.736544 1.319018
 254.000000 -0.326803 2.804757 1.937507
 255.000000 0.278114 -2.067887 1.832717
 256.000000 -1.520036 -2.599842 1.862552
 257.000000 -1.213416 3.137266 1.402949
 258.000000 0.164591 -3.001388 1.836176
 259.000000 -1.280477 -2.882841 1.401533
 260.000000 0.400170 2.904047 1.877267
 261.000000 0.234023 -2.235125 1.830103
 262.000000 0.322805 2.764049 1.892399
 263.000000 0.171467 -2.809320 1.935018
 264.000000 0.346854 -2.536747 1.428108
 265.000000 -0.362124 2.646457 1.538728
 266.000000 1.217241 2.641800 1.541427
 267.000000 0.514486 -2.557204 1.615004
 268.000000 -1.532780 -2.611886 1.154135
 269.000000 1.369259 -2.689108 1.549469
 270.000000 1.429172 -2.721670 1.943369
 271.000000 0.312902 2.625003 1.968797
 272.000000 0.162836 -2.855734 1.967502
 273.000000 0.228793 2.489158 1.943716
 274.000000 0.070230 2.766189 1.971256
 275.000000 0.318302 -3.005051 1.978877
 276.000000 -1.022250 3.113185 1.790213
 277.000000 0.047789 2.889906 1.726080
 278.000000 0.329226 -2.921085 1.543336
 279.000000 -1.252097 2.602362 1.648936
 280.000000 0.237655 2.850893 1.922150
 281.000000 -1.318493 -2.636783 1.045488
 282.000000 -0.221152 2.838724 1.381355
 283.000000 -1.515171 -2.729392 1.632884
 284.000000 0.431312 2.327655 1.858112
 285.000000 -0.424600 3.024652 1.953026
 286.000000 0.327326 2.174892 1.799919
 287.000000 -0.004365 2.938933 1.797998
 288.000000 0.388433 2.883264 1.736913
 289.000000 0.208513 3.059178 1.895600
 290.000000 -1.489846 2.879865 1.854502
 291.000000 0.185151 -2.644887 1.937121
 292.000000 1.379859 3.093584 1.718083
 293.000000 0.317799 2.713201 1.498737
 294.000000 1.956166 -2.594406 1.875578
 295.000000 1.211424 -2.894431 1.759634
 296.000000 -1.566746 -3.022821 1.887989
 297.000000 -1.367193 -2.739242 1.798744
 298.000000 -0.270822 -2.546424 1.327339
 299.000000 0.090013 -3.058266 1.957940
 300.000000 0.524395 -2.703558 1.626004
 301.000000 -1.113095 3.139251 1.601231
 302.000000 1.783248 -2.809258 1.717463
 303.000000 0.485131 -2.735061 1.486789
 304.000000 -0.235918 3.107513 1.894907
 305.000000 -0.318688 2.614319 1.894796
 306.000000 1.495103 -2.756750 1.607265
 307.000000 0.408272 -2.832208 1.110411
 308.000000 -1.164830 -3.084628 1.889641
 309.000000 -1.750998 -3.064527 1.949571
 310.000000 0.984029 -2.807853 1.387337
 311.000000 0.801171 -2.216375 1.775347
 312.000000 0.266630 -2.548579 1.884936
 313.000000 -1.141579 -2.198759 1.882746
 314.000000 0.635270 -2.394362 1.150968
 315.000000 0.666816 -2.832004 0.691131
 316.000000 -1.294440 -2.488744 0.670453
 317.000000 -0.384489 -3.133474 1.198746
 318.000000 -0.325349 -3.078402 1.872729
 319.000000 -1.766781 2.746043 1.024048
 320.000000 -1.737473 -2.954951 1.844215
 321.000000 -1.375535 2.900714 1.757247
 322.000000 0.528964 -1.791704 1.578864
 323.000000 -0.455283 -2.685092 1.638114
 324.000000 -0.930317 -2.748336 1.623995
 325.000000 -0.835405 2.945998 1.903300
 326.000000 0.520935 -3.113470 1.819479
 327.000000 -1.194636 3.124383 1.839747
 328.000000 -1.936184 2.955550 1.868686
 329.000000 0.182830 2.829191 1.831608
 330.000000 0.398634 3.130160 1.839673
 331.000000 -1.277565 3.005298 1.872414
 332.000000 0.424510 2.739140 1.917235
 333.000000 -0.755929 -2.762300 1.842970
 334.000000 -1.385669 -2.950141 1.880296
 335.000000 0.464682 2.843875 1.818452
 336.000000 -1.213593 3.064411 1.848727
 337.000000 0.385553 -3.060839 1.854302
 338.000000 0.535380 3.131576 1.857033
 339.000000 0.448005 -3.034076 1.862355
 340.000000 -0.867051 2.906040 1.900750
 341.000000 -0.868576 2.990694 1.894725
 342.000000 -1.175593 2.968414 1.826366
 343.000000 0.454340 -3.084220 1.852000
 344.000000 -1.419295 -2.651299 1.848737
 345.000000 0.107791 -2.945237 1.881065
 346.000000 0.514852 3.065767 1.823365
 347.000000 0.442910 3.065236 1.846186
 348.000000 0.415147 -2.968365 1.883443
 349.000000 -1.056697 -2.694932 1.868154
 350.000000 0.986488 -2.911566 1.643157
 351.000000 0.339237 -2.883988 1.650263
 352.000000 0.219935 2.581854 1.750157
 353.000000 0.225541 -2.708652 1.947431
 354.000000 0.319903 -2.522483 1.919888
 355.000000 0.392123 -2.817993 1.859588
 356.000000 -1.075933 -3.029835 1.900449
 357.000000 0.437589 2.900617 1.901560
 358.000000 -0.262253 2.999240 1.916921
 359.000000 -1.669026 2.761407 1.871612
 360.000000 -1.082458 3.049781 1.390151
 361.000000 -1.416520 -2.794603 1.869433
 362.000000 0.278878 -2.973908 1.956285
 363.000000 0.411701 -2.910111 1.928562
 364.000000 0.217829 2.722138 1.956447
 365.000000 0.208581 2.983938 1.958995
 366.000000 -0.048213 2.673273 1.977051
 367.000000 0.196962 3.063085 1.926261
 368.000000 0.242060 3.138018 1.924448
 369.000000 0.200303 -2.675009 1.930428
 370.000000 0.325089 -3.106533 1.919632
 371.000000 0.146047 -2.709147 1.861858
 372.000000 0.425600 -2.672389 1.899358
 373.000000 0.275673 -2.910625 1.988397
 374.000000 0.061639 -2.582387 1.954716
 375.000000 0.332339 -2.769792 1.986379
 376.000000 0.182593 -3.008213 1.981908
 377.000000 0.381075 -2.250756 1.719952
 378.000000 0.300699 3.019037 1.832974
 379.000000 0.264612 3.107661 1.851913
 380.000000 -1.465371 -2.594915 1.967025
 381.000000 -0.706823 -3.099647 1.078174
 382.000000 0.276982 2.635779 1.845203
 383.000000 0.152511 -2.571734 1.567880
 384.000000 -1.562971 2.878191 1.883781
 385.000000 0.225800 -2.311610 1.793753
 386.000000 1.486723 -3.128553 1.837148
 387.000000 0.383678 -2.971145 1.837521
 388.000000 0.393457 -2.671056 1.810223
 389.000000 0.355831 -2.035224 1.864496
 390.000000 0.474460 -2.745343 1.770821
 391.000000 0.367783 -2.889840 1.858214
 392.000000 0.265249 -3.061870 1.607038
 393.000000 1.575095 -2.568651 1.767179
 394.000000 -0.434973 -2.446633 1.695448
 395.000000 -0.255772 3.017016 1.932837
 396.000000 -0.088738 -2.896451 1.052972
 397.000000 0.448257 -3.001175 1.604523
 398.000000 -1.491553 -2.798037 1.385718
 399.000000 1.291693 -2.637519 1.700819
 400.000000 0.678517 -2.780356 1.843221
 401.000000 0.973919 -2.090394 1.682097
 402.000000 0.918491 2.893090 1.441706
 403.000000 0.192254 3.041329 1.830141
 404.000000 -1.666669 -2.848274 1.816424
 405.000000 1.521840 2.848676 1.960424
 406.000000 0.122193 2.721690 1.699925
 407.000000 1.082841 2.713936 1.864774
 408.000000 1.192721 -2.776430 1.551000
 409.000000 -1.675127 -2.203192 1.515275
 410.000000 0.470744 2.886760 1.750192
 411.000000 0.482326 -2.311402 1.728498
 412.000000 0.436846 -3.065660 1.285665
 413.000000 -1.392035 -3.027295 1.752114
 414.000000 0.445350 -2.617457 1.784354
 415.000000 0.414667 -1.619128 1.652950
 416.000000 0.266708 -1.841972 1.954759
 417.000000 0.437673 -1.835958 1.937289
 418.000000 0.142684 -2.376980 1.874946
 419.000000 0.345663 -2.033705 1.958488
 420.000000 0.352890 -2.093896 1.965742
 421.000000 0.244623 -2.317281 1.686006
 422.000000 0.350826 -2.847809 1.956459
 423.000000 0.174304 -2.696764 1.957618
 424.000000 0.354521 -2.435893 1.901777
 425.000000 0.260117 -2.555194 1.957222
 426.000000 0.438410 -1.539160 1.886196
 427.000000 0.220739 -2.636692 1.922997
 428.000000 0.136300 -1.916862 1.933442
 429.000000 0.160108 -2.192246 1.913402
 430.000000 0.179173 -2.629868 1.872920
 431.000000 0.433785 -2.235850 1.876934
 432.000000 0.304062 -1.433809 1.918895
 433.000000 0.254665 -2.532445 1.985194
 434.000000 0.152389 -2.136292 1.981364
 435.000000 0.377420 -2.226161 1.971288
 436.000000 0.435380 -2.496630 1.974430
 437.000000 0.331868 -2.478899 1.953061
 438.000000 0.399129 -1.781858 1.899641
 439.000000 0.269136 -1.774628 1.861451
 440.000000 0.489044 -2.381602 1.932986
 441.000000 0.481731 -2.617329 1.897815
 442.000000 0.225237 -2.079986 1.941799
 443.000000 0.132648 -2.336596 1.964716
 444.000000 0.221747 -2.583232 1.977189
 445.000000 0.248724 -2.544694 1.972284
 446.000000 0.303264 -1.780147 1.968962
 447.000000 0.355149 -2.252228 1.817990
 448.000000 0.097803 -2.426998 1.988331
 449.000000 0.287501 -2.043428 1.988784
 450.000000 0.229152 -2.587544 1.987432
 451.000000 0.052960 -2.540810 1.971917
 452.000000 0.319239 -2.442553 1.963895
 453.000000 0.418291 -1.721584 1.945968
 454.000000 0.244346 -2.235627 1.825300
 455.000000 0.143416 -2.720403 1.823241
 456.000000 0.405971 -2.315153 1.979460
 457.000000 0.297060 -2.456155 1.957892
 458.000000 0.401465 -2.126042 1.978139
 459.000000 0.508245 -2.258779 1.964173
 460.000000 0.196506 -1.785319 1.953891
 461.000000 0.275922 -2.099066 1.933161
 462.000000 0.382594 -2.469852 1.920926
 463.000000 0.412810 -2.352676 1.965057
 464.000000 0.334225 -2.337787 1.972008
 465.000000 0.259941 -2.509192 1.902993
 466.000000 -1.555505 -2.718186 1.990221
 467.000000 0.313521 -2.200935 1.947023
 468.000000 0.273105 -2.486773 1.982845
 469.000000 0.418390 -2.125710 1.978580
 470.000000 0.321141 -2.206875 1.974684
 471.000000 0.383801 -1.867040 1.978834
 472.000000 0.214783 -2.293144 1.991869
 473.000000 0.364687 -2.304083 1.914369
 474.000000 0.300091 -2.068616 1.978179
 475.000000 0.277554 -2.067067 1.971475
 476.000000 0.174328 -1.470547 1.977649
 477.000000 0.268573 -2.295217 1.966362
 478.000000 0.308615 -2.280406 1.974003
 479.000000 0.261098 -2.032579 1.976767
 480.000000 0.375971 -2.358419 1.967392
 481.000000 0.339858 -1.722896 1.976392
 482.000000 0.191542 -2.171807 1.980698
 483.000000 0.329122 -2.188751 1.984403
 484.000000 0.342262 -2.806105 1.979806
 485.000000 0.169390 -2.855017 1.943316
 486.000000 0.207793 -1.966317 1.948701
 487.000000 0.144197 -2.032807 1.982469
 488.000000 0.242233 -2.683555 1.985381
 489.000000 0.062160 -2.166510 1.919722
 490.000000 -1.498501 -2.517325 1.854724
 491.000000 -1.343574 -2.932833 1.483011
 492.000000 0.364968 -2.629942 1.254437
 493.000000 0.404614 -2.789687 1.849689
 494.000000 0.447361 2.777576 1.824413
 495.000000 -0.216513 -2.188983 1.899961
 496.000000 0.892994 -2.759093 1.504370
 497.000000 -0.515206 -2.645041 1.966625
 498.000000 -0.430176 -2.773786 1.804697
 499.000000 0.178965 -3.061696 1.748954
 500.000000 0.463957 -2.285298 1.695245
 501.000000 -1.143908 -2.512021 1.887503
 502.000000 0.503715 -1.760802 1.963777
 503.000000 0.093977 -2.780342 1.948205
 504.000000 -0.839345 -2.432334 1.203009
 505.000000 0.593049 -2.706886 1.514502
 506.000000 1.481954 -2.280057 1.932138
 507.000000 0.208604 -2.215034 1.882796
 508.000000 0.181197 -2.128087 1.891160
 509.000000 1.010515 -2.342009 1.846857
 510.000000 0.827627 -2.578003 1.835299
 511.000000 1.182219 -2.408192 1.910208
 512.000000 0.434085 -2.028355 1.877949
 513.000000 -0.016742 -2.011456 1.796385
 514.000000 0.417455 -1.704728 1.906801
 515.000000 0.451368 -2.004642 1.869771
 516.000000 0.477155 -1.871570 1.853621
 517.000000 1.651684 2.879333 1.863825
 518.000000 -0.337311 3.001890 1.887647
 519.000000 -0.199193 -3.059685 1.849780
 520.000000 -0.314384 -2.927730 1.777415
 521.000000 -0.432903 3.069506 1.944603
 522.000000 -0.419359 -2.706582 1.685862
 523.000000 0.033213 -2.412621 1.616150
 524.000000 0.334830 -2.454704 1.175295
 525.000000 0.432107 2.658363 1.976594
 526.000000 0.225214 -2.945729 1.980973
 527.000000 0.355163 2.942207 1.958867
 528.000000 0.304900 3.076243 1.843873
 529.000000 0.185838 2.978727 1.988326
 530.000000 0.431598 -2.954130 1.981120
 531.000000 0.272098 -3.098074 1.987408
 532.000000 0.328447 -2.583331 1.950798
 533.000000 0.387744 -2.536375 1.987809
 534.000000 0.257325 -2.955312 1.965826
 535.000000 0.247428 -3.109397 1.989731
 536.000000 0.210122 -3.057305 1.981735
 537.000000 0.287667 -2.838104 1.986613
 538.000000 0.359373 -2.171559 1.959814
 539.000000 0.014342 -2.851543 1.962837
 540.000000 -0.066261 2.578954 1.978855
 541.000000 0.191388 -2.636971 1.504854
 542.000000 1.403030 -2.229736 1.856792
 543.000000 -0.069925 -2.524317 1.820140
 544.000000 1.371275 -2.299190 1.866787
 545.000000 -0.445499 -2.510891 1.176270
 546.000000 0.216470 -2.828108 1.227302
 547.000000 0.042464 2.619602 1.861834
 548.000000 0.353465 -2.676262 1.330852
 549.000000 0.431106 -2.787038 1.909799
 550.000000 -0.006329 -2.045900 1.770964
 551.000000 0.335395 -2.466458 1.985357
 552.000000 0.334560 -2.333323 1.988094
 553.000000 0.109519 -2.052793 1.954104
 554.000000 0.341148 -1.625696 1.872136
 555.000000 0.288678 -2.383639 1.974241
 556.000000 0.391955 -2.251918 1.940520
 557.000000 0.281303 -1.973569 1.955748
 558.000000 0.069185 -2.167126 1.962300
 559.000000 0.440993 -2.122543 1.972970
 560.000000 0.341455 -2.678089 1.989878
 561.000000 0.209596 -2.180020 1.979114
 562.000000 0.399170 -1.981557 1.968483
 563.000000 0.352329 -2.771324 1.953841
 564.000000 0.350926 -2.508223 1.925145
 565.000000 0.361488 -1.893212 1.907488
 566.000000 0.367161 -2.421258 1.898393
 567.000000 0.313505 -1.855019 1.921161
 568.000000 0.358639 -2.033354 1.937296
 569.000000 0.367785 -2.402670 1.984879
 570.000000 0.164542 -2.313546 1.980460
 571.000000 0.344994 -2.733699 1.982818
 572.000000 0.366912 -2.498946 1.993281
 573.000000 0.310171 -2.016823 1.984680
 574.000000 0.358676 -2.216284 1.944283
 575.000000 0.281608 -1.986562 1.940160
 576.000000 0.339561 -1.754849 1.967813
 577.000000 0.345857 -2.564676 1.990329
 578.000000 0.208847 -2.346342 1.987713
 579.000000 0.166067 -2.527216 1.990470
 580.000000 0.188990 -2.193089 1.990062
 581.000000 0.354725 -1.943130 1.983531
 582.000000 0.236543 -2.135240 1.982292
 583.000000 0.208954 -1.932399 1.968790
 584.000000 0.429837 -2.393289 1.946401
 585.000000 0.314606 -2.572007 1.925198
 586.000000 0.279036 -2.451083 1.958953
 587.000000 0.242131 -2.288262 1.972725
 588.000000 0.467052 -2.320650 1.953076
 589.000000 0.448604 -2.269641 1.974883
 590.000000 0.229734 -1.949012 1.940724
 591.000000 0.168792 -2.176857 1.958835
 592.000000 0.344545 -2.950949 1.949905
 593.000000 0.276672 -2.326565 1.965000
 594.000000 0.263004 -2.596712 1.981928
 595.000000 0.221034 -2.192836 1.978440
 596.000000 0.324009 -2.544797 1.984664
 597.000000 0.363120 -2.502325 1.983837
 598.000000 0.195887 -2.006164 1.993248
 599.000000 0.338180 -2.334774 1.991057
 600.000000 0.062628 -2.158618 1.987172
 601.000000 0.288276 -2.603634 1.980975
 602.000000 0.300916 -2.275108 1.989305
 603.000000 0.196477 -2.160950 1.971559
 604.000000 0.346612 -2.311408 1.991904
 605.000000 0.051354 -2.532667 1.988538
 606.000000 0.292023 -2.903259 1.984358
 607.000000 0.281420 -2.384874 1.992178
 608.000000 0.403308 -2.160252 1.706893
 609.000000 0.274471 -1.929462 1.949053
 610.000000 0.285402 -2.468974 1.896642
 611.000000 0.415707 -1.774457 1.944340
 612.000000 0.324732 -2.184919 1.982420
 613.000000 0.246957 -2.312894 1.939044
 614.000000 0.250505 -2.139426 1.975747
 615.000000 0.350331 -1.475455 1.865960
 616.000000 0.380662 -3.134384 1.913631
 617.000000 0.300284 3.014031 1.741418
 618.000000 0.349414 -2.739945 1.634619
 619.000000 1.508970 2.556157 1.727962
 620.000000 -0.376551 -2.404075 1.901217
 621.000000 -0.489684 -2.779159 1.385031
 622.000000 -0.084613 -3.049952 1.358015
 623.000000 0.359247 -2.818429 1.826280
 624.000000 -1.281196 2.931418 1.823404
 625.000000 0.796794 2.736029 1.948473
 626.000000 0.269327 2.787213 1.914767
 627.000000 -0.201151 -2.676792 1.935390
 628.000000 1.012072 -2.688597 1.713227
 629.000000 -1.350858 -1.620938 1.861675
 630.000000 0.161238 -2.763866 1.932482
 631.000000 0.447670 -2.304828 1.837046
 632.000000 -1.155215 -2.116618 1.788458
 633.000000 -1.753890 -2.983166 1.724419
 634.000000 -0.032363 2.970275 1.716657
 635.000000 -1.767054 3.027247 1.644745
 636.000000 -0.830767 -2.483537 1.488830
 637.000000 1.102555 -2.795096 1.771200
 638.000000 -1.494838 -2.508232 1.361258
 639.000000 -1.328073 3.040835 1.520438
 640.000000 -0.060355 2.707383 1.908057
 641.000000 -1.134897 -2.957415 1.960823
 642.000000 0.298569 2.824896 1.911812
 643.000000 -1.499860 -3.038643 1.896463
 644.000000 0.422422 3.043102 1.949455
 645.000000 0.481225 2.976209 1.857773
 646.000000 0.308547 -3.038019 1.892174
 647.000000 0.286701 1.720739 1.922888
 648.000000 0.454936 -3.045757 1.908831
 649.000000 0.493311 2.902218 1.871379
 650.000000 0.443848 2.792621 1.933681
 651.000000 0.436028 3.021885 1.832313
 652.000000 0.369290 2.867388 1.890696
 653.000000 0.282673 -2.777044 1.874584
 654.000000 0.342479 -2.902445 1.896563
 655.000000 0.206196 -3.107869 1.870538
 656.000000 0.318207 -3.132319 1.890098
 657.000000 0.465910 2.703110 1.882009
 658.000000 0.339206 -3.135668 1.762577
 659.000000 0.259755 -2.805206 1.476812
 660.000000 -1.054563 -2.767102 1.925402
 661.000000 0.398909 -2.080553 1.860291
 662.000000 0.382819 -2.545617 1.203011
 663.000000 0.188138 -2.613183 1.488966
 664.000000 0.393764 -2.879053 1.622884
 665.000000 -1.892959 -1.786087 1.419221
 666.000000 0.392302 -2.359045 1.085164
 667.000000 -1.036163 -2.858232 1.463448
 668.000000 1.541344 -3.116974 1.880145
 669.000000 0.449920 -2.517376 1.895663
 670.000000 0.415963 -1.725019 1.510452
 671.000000 -0.310437 2.736181 1.330352
 672.000000 0.061759 2.659425 1.714082
 673.000000 0.494664 -3.114316 1.513784
 674.000000 0.309309 -2.842342 1.541640
 675.000000 0.469105 -2.702953 1.715872
 676.000000 -1.337744 -2.548582 1.751844
 677.000000 -1.211424 -2.522400 1.784318
 678.000000 0.131369 -2.574714 1.931315
 679.000000 0.437203 -2.976360 1.855465
 680.000000 0.964982 -2.878870 1.944421
 681.000000 0.825787 -2.774155 1.904638
 682.000000 0.216642 2.874564 1.928106
 683.000000 0.760016 -2.867344 1.494599
 684.000000 0.538135 2.825598 1.729961
 685.000000 -0.376104 2.830504 1.811959
 686.000000 -1.328251 -2.353432 1.970824
 687.000000 0.394820 -2.791378 1.335407
 688.000000 0.349374 -2.735115 1.417381
 689.000000 -0.381461 2.785333 1.936388
 690.000000 -1.530018 2.731040 1.853341
 691.000000 0.290312 -2.670160 1.766799
 692.000000 0.159149 -3.076477 1.711237
 693.000000 -0.325469 2.795164 1.793316
 694.000000 1.053055 -2.672602 1.913225
 695.000000 0.449900 -1.945688 1.114347
 696.000000 -1.277748 2.754724 1.879570
 697.000000 0.182310 -2.399767 1.838795
 698.000000 0.444724 3.066373 1.934812
 699.000000 -0.663234 -2.195065 1.951180
 700.000000 0.493034 2.906073 1.908397
 701.000000 0.347562 3.079423 1.920178
 702.000000 -0.252322 2.500802 1.325308
 703.000000 0.360715 2.896059 1.874867
 704.000000 -1.113671 -3.012114 1.477405
 705.000000 0.189127 2.876090 0.966040
 706.000000 -0.278225 2.731023 1.945379
 707.000000 1.070864 -2.646927 1.907044
 708.000000 0.672120 -2.853283 1.381560
 709.000000 0.504740 -2.112283 1.828980
 710.000000 -1.234547 -2.538815 1.807204
 711.000000 0.448384 -2.789182 1.822294
 712.000000 0.397948 2.930144 1.813803
 713.000000 -0.351617 2.501181 1.915413
 714.000000 -1.104274 3.000326 1.629216
 715.000000 -0.029788 -2.434560 1.925187
 716.000000 0.293175 -2.685192 1.912922
 717.000000 0.069650 -2.275961 1.418080
 718.000000 0.282371 -2.739881 1.571608
 719.000000 -1.057316 2.292689 1.970678
 720.000000 0.427518 3.074038 1.955502
 721.000000 0.358353 2.606874 1.866873
 722.000000 1.597456 2.575840 1.832841
 723.000000 1.227248 2.832270 1.229719
 724.000000 -0.101511 -1.711821 1.872067
 725.000000 0.397478 -2.574338 1.691895
 726.000000 -1.132237 2.771265 1.897293
 727.000000 -0.442462 -2.713646 1.574660
 728.000000 0.293834 2.601470 1.044983
 729.000000 0.419425 2.373061 1.679440
 730.000000 0.110555 -2.664271 1.887826
 731.000000 0.306118 -2.994382 1.741290
 732.000000 0.354422 3.098955 1.939663
 733.000000 0.958405 -2.217949 1.904565
 734.000000 -0.557514 -2.781565 1.652022
 735.000000 0.493861 -2.646324 1.528744
 736.000000 1.360431 -2.746237 1.849398
 737.000000 0.359900 2.251502 1.808843
 738.000000 1.136313 -2.112446 1.851361
 739.000000 0.314072 -2.409523 1.312305
 740.000000 0.497871 -2.459699 1.524407
 741.000000 0.292136 -2.557656 1.933443
 742.000000 0.384556 -2.898456 1.940717
 743.000000 0.242418 -2.106287 1.724555
 744.000000 0.144035 -2.188510 1.339297
 745.000000 0.110017 -2.709939 1.852244
 746.000000 0.115567 -2.510469 1.674557
 747.000000 -1.825708 -2.854531 1.803019
 748.000000 -1.302231 -2.706842 1.799290
 749.000000 -0.253564 -2.960100 1.836942
 750.000000 0.374399 -2.854276 1.702201
 751.000000 1.036285 -2.826083 1.873672
 752.000000 -0.373031 -2.531111 1.868499
 753.000000 0.579109 -2.201864 1.856950
 754.000000 0.505166 -2.484759 1.892157
 755.000000 1.452104 -2.694006 1.858611
 756.000000 1.004563 -2.525568 1.827466
 757.000000 -0.450727 2.825843 1.870753
 758.000000 0.149462 -2.617823 1.836369
 759.000000 -0.648034 -2.759520 1.742669
 760.000000 0.443094 -2.656188 1.857646
 761.000000 0.472689 2.934105 1.085068
 762.000000 0.393745 2.834050 1.492294
 763.000000 0.122297 -2.651718 1.685984
 764.000000 -0.146654 2.988750 1.880306
 765.000000 1.380046 2.809601 1.790325
 766.000000 0.407749 -2.484243 1.809313
 767.000000 0.211878 -2.597422 1.958945
 768.000000 0.429267 -2.724594 1.486017
 769.000000 0.440529 -2.950323 1.715491
 770.000000 0.345046 -2.673452 1.545542
 771.000000 0.468420 -2.476762 1.645223
 772.000000 0.302930 -2.391386 1.835366
 773.000000 0.367815 -2.299380 1.927754
 774.000000 0.375483 -2.381828 1.828035
 775.000000 -0.284067 2.931482 1.894731
 776.000000 1.517598 -2.641694 1.706694
 777.000000 0.430248 -2.639605 1.756839
 778.000000 -0.152885 -2.809751 1.851417
 779.000000 -0.278502 -2.703884 1.846885
 780.000000 1.070488 -2.807132 1.866439
 781.000000 0.332831 -2.542734 1.895987
 782.000000 0.349317 -2.319233 1.837874
 783.000000 -0.445794 -2.612728 1.769939
 784.000000 1.468731 -3.134085 1.971620
 785.000000 0.515219 2.965551 1.896928
 786.000000 0.417917 -2.919324 1.802622
 787.000000 0.096492 -2.156518 1.685235
 788.000000 0.139364 -2.861305 1.789106
 789.000000 -0.227186 -2.867018 1.883948
 790.000000 -0.428497 -2.879172 1.742268
 791.000000 -0.238187 2.523692 1.718424
 792.000000 -0.355572 -2.953971 1.713488
 793.000000 -0.340498 2.522868 1.810626
 794.000000 2.025032 -2.815973 1.268324
 795.000000 0.229355 -2.738614 1.567437
 796.000000 0.369192 -3.062409 1.785504
 797.000000 -0.490966 -2.604035 1.688021
 798.000000 -0.219318 2.827446 1.676971
 799.000000 1.197046 2.690574 1.749382
 800.000000 1.061383 -2.276905 1.750040
 801.000000 0.352114 -2.283526 1.900505
 802.000000 -0.049639 -2.004334 1.771244
 803.000000 1.386510 -2.207674 1.781624
 804.000000 0.440242 -2.308636 1.737840
 805.000000 -0.392207 -2.893737 1.862655
 806.000000 -1.129053 2.818390 1.944266
 807.000000 -1.759092 -2.486536 1.030368
 808.000000 0.453920 -2.650458 1.724851
 809.000000 2.034104 -2.761694 1.858514
 810.000000 0.276130 -2.266332 1.976328
 811.000000 0.324813 -2.991814 1.949513
 812.000000 0.160559 2.470338 1.796230
 813.000000 -0.383205 -2.791754 1.727423
 814.000000 -0.248697 -2.544054 1.795020
 815.000000 0.276157 2.693745 1.877399
 816.000000 0.126309 -2.997652 1.631528
 817.000000 -1.686792 -3.027425 1.835900
 818.000000 0.400507 -2.221649 1.512128
 819.000000 0.515957 2.758543 1.918731
 820.000000 0.244729 -2.486610 1.718875
 821.000000 0.021150 -2.609830 1.862798
 822.000000 0.343177 -2.722139 1.909101
 823.000000 1.431473 -2.831348 1.847883
 824.000000 1.503058 2.608344 1.117587
 825.000000 -1.517053 -2.855937 1.906348
 826.000000 1.228254 -2.606262 1.825465
 827.000000 -0.105447 -2.749079 1.845771
 828.000000 0.652981 -2.127228 1.819685
 829.000000 1.072894 -2.683105 1.834903
 830.000000 -1.178212 2.920091 1.898597
 831.000000 -0.512460 2.910670 1.962992
 832.000000 0.070490 -2.926335 1.733116
 833.000000 -0.101241 -3.004200 1.926022
 834.000000 0.293648 2.760000 1.353744
 835.000000 -0.342964 -2.677454 1.683827
 836.000000 0.076071 -2.755265 1.740268
 837.000000 0.274706 -1.494732 1.930926
 838.000000 0.185284 -2.119686 1.917313
 839.000000 0.444389 -1.813141 1.962816
 840.000000 0.288749 -2.402007 1.955808
 841.000000 0.315007 -2.557677 1.906645
 842.000000 0.328030 -2.571254 1.980935
 843.000000 0.324541 -2.267750 1.972193
 844.000000 0.381192 -2.520433 1.955640
 845.000000 0.231478 -2.693452 1.881667
 846.000000 0.136189 -2.329900 1.925311
 847.000000 0.314098 -2.132994 1.930469
 848.000000 0.026743 -2.298799 1.927547
 849.000000 0.193396 -2.260675 1.749972
 850.000000 0.224419 -2.784399 1.967200
 851.000000 0.379263 -2.198942 1.920826
 852.000000 0.104667 -2.073408 1.903737
 853.000000 0.216964 -2.167223 1.891661
 854.000000 0.230756 -2.345687 1.938916
 855.000000 0.420046 -2.787541 1.747687
 856.000000 0.239046 3.003805 1.906232
 857.000000 0.487539 -2.081820 1.647874
 858.000000 -0.478542 -2.733351 1.864646
 859.000000 -0.501640 -3.092475 1.700549
 860.000000 0.735004 -2.930371 1.651335
 861.000000 0.534987 -2.852229 1.812938
 862.000000 0.993856 2.616224 1.748455
 863.000000 -0.814974 3.094211 1.910635
 864.000000 -1.277631 2.919958 1.940716
 865.000000 0.298854 -2.854631 1.950181
 866.000000 0.241898 -2.359659 1.772844
 867.000000 -0.421005 -2.373550 1.856806
 868.000000 1.396268 -2.865940 1.872515
 869.000000 0.377916 -2.988035 1.546763
 870.000000 1.329495 -2.517188 1.767729
 871.000000 0.190178 -2.829081 1.790360
 872.000000 0.474331 -2.775160 1.890279
 873.000000 0.271329 2.682007 1.917532
 874.000000 -1.299066 -2.861913 1.854251
 875.000000 -0.280933 -2.868531 1.828780
 876.000000 0.286954 -2.765156 1.791918
 877.000000 -0.517496 -2.965759 1.705135
 878.000000 -1.547420 -2.654382 1.944609
 879.000000 1.610622 -2.695120 1.834887
 880.000000 1.292862 -2.661359 1.344230
 881.000000 -0.432308 -2.967924 1.677062
 882.000000 0.444143 -2.735591 1.831706
 883.000000 0.394900 -2.803207 1.940635
 884.000000 0.315841 -2.798819 1.682934
 885.000000 0.578837 -2.772996 1.367039
 886.000000 -1.076217 3.025694 1.783628
 887.000000 0.363436 2.670024 1.921097
 888.000000 1.189235 -2.452530 1.529682
 889.000000 0.272279 -2.583590 1.184302
 890.000000 0.350510 -3.003350 1.789028
 891.000000 0.513197 -2.805904 1.898953
 892.000000 -1.261752 2.401526 1.964776
 893.000000 0.315664 -2.338820 1.649210
 894.000000 0.395666 3.124324 1.937283
 895.000000 -0.015703 -2.547553 1.743095
 896.000000 -0.324791 2.633460 1.716707
 897.000000 -1.065772 -2.910358 1.781147
 898.000000 -1.804917 -2.607810 1.388578
 899.000000 0.122145 3.030561 1.381844
 900.000000 0.709889 -2.239680 1.453860
 901.000000 -0.408660 -2.486373 1.671288
 902.000000 -0.452685 -2.697390 1.940499
 903.000000 -0.522178 -2.630146 1.838556
 904.000000 0.242567 -1.741045 1.915225
 905.000000 0.258233 -1.896366 1.908884
 906.000000 0.358279 -2.565184 1.893184
 907.000000 0.356016 -2.356416 1.877338
 908.000000 0.220820 -2.360898 1.880059
 909.000000 0.287579 -2.357226 1.857647
 910.000000 0.314597 -1.829916 1.852915
 911.000000 0.443554 -2.461213 1.863090
 912.000000 0.227711 -2.742280 1.923203
 913.000000 0.206141 -2.320754 1.885732
 914.000000 0.519743 -2.945498 1.896548
 915.000000 0.449600 -2.218716 1.923104
 916.000000 0.283342 -2.297956 1.872818
 917.000000 0.345097 -2.373776 1.902237
 918.000000 -1.020628 -2.599437 1.872869
 919.000000 0.374517 -2.469596 1.872855
 920.000000 0.446722 -2.365782 1.854169
 921.000000 0.470717 -2.931681 1.882854
 922.000000 0.455834 -2.743790 1.847448
 923.000000 0.389419 -2.285899 1.877277
 924.000000 1.316461 -2.530729 1.339192
 925.000000 0.547513 -2.415381 1.799618
 926.000000 -1.128573 -2.367335 1.798152
 927.000000 0.423743 -2.885655 1.717615
 928.000000 0.300338 2.905701 1.866860
 929.000000 -1.014358 -3.102493 1.890048
 930.000000 0.117640 -2.135325 1.825932
 931.000000 -0.232337 2.737934 1.949111
 932.000000 0.161604 -3.068270 1.709553
 933.000000 0.328135 2.987353 1.620706
 934.000000 0.016663 3.051449 1.879365
 935.000000 0.291666 2.448093 1.860174
 936.000000 0.380677 2.862752 1.888498
 937.000000 -0.203724 3.125181 1.919720
 938.000000 -1.555954 2.456570 1.851480
 939.000000 -0.944123 -2.806403 1.827524
 940.000000 0.600226 -2.043585 1.448012
 941.000000 0.397446 -2.674845 1.762102
 942.000000 0.329761 -2.049030 1.947211
 943.000000 1.031135 -2.750487 1.811346
 944.000000 0.946848 -2.351606 1.816708
 945.000000 0.435120 -2.331159 1.965019
 946.000000 0.743089 -2.078032 1.919688
 947.000000 0.868691 -2.354640 1.805193
 948.000000 -1.166767 3.029171 1.904113
 949.000000 0.476057 2.738661 1.884423
 950.000000 -0.048920 -2.220284 1.666918
 951.000000 -0.296899 -2.603336 1.476340
 952.000000 0.331278 2.779989 1.512914
 953.000000 -0.384179 -2.732271 1.728719
 954.000000 0.414137 -2.286777 1.938660
 955.000000 -0.109520 -2.345656 1.958954
 956.000000 0.438646 -2.232924 1.698067
 957.000000 0.478003 -2.774564 1.881660
 958.000000 1.350266 -2.398275 1.875445
 959.000000 0.166204 2.913977 1.843384
 960.000000 1.618186 -2.894315 1.898440
 961.000000 1.792387 -1.736620 1.571995
 962.000000 0.303039 2.925639 1.955037
 963.000000 0.328786 -3.008255 1.961831
 964.000000 0.308848 -3.041127 1.978338
 965.000000 0.173631 2.850740 1.984812
 966.000000 0.196691 -3.022761 1.985440
 967.000000 0.166927 2.441951 1.968461
 968.000000 0.352999 3.072298 1.953188
 969.000000 0.258776 2.975107 1.965027
 970.000000 0.342849 -3.060997 1.980439
 971.000000 0.438528 -2.966384 1.964796
 972.000000 0.389556 2.647220 1.977742
 973.000000 0.336978 -2.863132 1.973706
 974.000000 0.127943 2.768014 1.947631
 975.000000 0.278161 -2.991511 1.943305
 976.000000 0.339209 2.950161 1.976615
 977.000000 0.291982 3.008604 1.941389
 978.000000 0.252308 2.913016 1.971248
 979.000000 0.413187 -3.082492 1.964514
 980.000000 0.268286 -2.777544 1.975275
 981.000000 0.037483 -2.657782 1.967463
 982.000000 0.379710 2.693601 1.942810
 983.000000 0.404761 -3.140956 1.961031
 984.000000 0.176468 3.056337 1.940470
 985.000000 0.395302 -2.306287 1.980079
 986.000000 -0.327013 -2.811851 1.498983
 987.000000 0.124596 -3.072305 1.849935
 988.000000 1.257846 -2.676516 1.616136
 989.000000 -1.556703 2.820583 0.847575
 990.000000 1.694206 -2.173044 1.673214
 991.000000 0.296073 2.498382 1.799299
 992.000000 -0.365847 -2.896054 1.799515
 993.000000 0.324599 -2.776636 1.324342
 994.000000 0.429386 -2.717102 0.930669
 995.000000 0.181145 2.811271 1.183090
 996.000000 -1.354712 -2.687066 1.902614
 997.000000 -0.228523 2.833908 1.941044
 998.000000 0.456405 2.654224 0.754891
 999.000000 0.188404 -1.955350 1.705974
 1000.000000 1.117195 -3.008993 1.970193
 1001.000000 1.312424 2.416321 1.972713
 1002.000000 1.317287 2.605790 1.980004
 1003.000000 1.511245 3.115018 1.976050
 1004.000000 1.375787 -3.026307 1.978035
 1005.000000 -0.365558 2.868090 1.972666
 1006.000000 1.103089 2.613292 1.973906
 1007.000000 -0.331546 2.866932 1.980117
 1008.000000 1.293796 2.514229 1.982777
 1009.000000 1.215040 3.091701 1.974339
 1010.000000 -0.251648 2.571632 1.974437
 1011.000000 1.571314 3.132810 1.972788
 1012.000000 1.213569 3.043753 1.970929
 1013.000000 1.134948 2.541228 1.978414
 1014.000000 -0.586534 2.758727 1.977807
 1015.000000 -0.330252 -3.022024 1.974777
 1016.000000 -0.489668 2.982082 1.978049
 1017.000000 1.880197 2.423256 1.975785
 1018.000000 0.959496 3.068727 1.978121
 1019.000000 -0.410205 3.127652 1.973370
 1020.000000 -0.456464 2.750802 1.975881
 1021.000000 -0.321775 2.636893 1.978225
 1022.000000 -0.312053 2.829228 1.975782
 1023.000000 -0.424050 3.089879 1.975758
 1024.000000 0.916918 -2.913713 1.973817
 1025.000000 -0.453741 3.127011 1.975095
 1026.000000 -0.486335 2.948706 1.977315
 1027.000000 0.880494 -3.140071 1.974694
 1028.000000 -0.184648 2.842997 1.970783
 1029.000000 -0.300889 2.799633 1.975637
 1030.000000 -0.347709 -2.901758 1.987655
 1031.000000 -0.272780 2.861776 1.978328
 1032.000000 -0.366314 2.676227 1.974240
 1033.000000 -0.510058 2.720750 1.977306
 1034.000000 -0.094701 2.842383 1.973580
 1035.000000 1.488648 2.751527 1.978761
 1036.000000 0.972874 2.619364 1.974194
 1037.000000 1.152228 2.602499 1.966297
 1038.000000 -0.520888 2.470608 1.973918
 1039.000000 1.171466 -3.094141 1.972461
 1040.000000 -0.304665 -3.109995 1.978925
 1041.000000 -0.274008 2.702683 1.979202
 1042.000000 -0.313664 2.809855 1.976483
 1043.000000 -0.360463 2.843436 1.978217
 1044.000000 -0.414738 2.677056 1.974786
 1045.000000 -0.394923 2.870089 1.977201
 1046.000000 -0.442614 2.750129 1.980396
 1047.000000 1.765069 2.690402 1.976644
 1048.000000 1.185532 -3.021414 1.971413
 1049.000000 -0.341868 2.910974 1.978064
 1050.000000 -0.384649 2.457285 1.975618
 1051.000000 -0.406859 2.863388 1.977527
 1052.000000 0.095922 2.632539 1.971653
 1053.000000 0.820012 -3.089653 1.967272
 1054.000000 1.420897 2.693142 1.968045
 1055.000000 -0.274167 2.510147 1.973771
 1056.000000 -0.434661 2.723530 1.973061
 1057.000000 1.154322 2.580854 1.974021
 1058.000000 -0.401836 2.981779 1.976996
 1059.000000 1.372124 2.600733 1.972912
 1060.000000 0.976610 2.383535 1.984589
 1061.000000 1.366132 2.875302 1.978014
 1062.000000 1.060901 -3.024346 1.978466
 1063.000000 1.506837 2.923513 1.972796
 1064.000000 1.569762 2.744693 1.971778
 1065.000000 -0.384426 2.979936 1.976940
 1066.000000 -0.382056 2.759028 1.971888
 1067.000000 1.210962 2.745975 1.971706
 1068.000000 -0.516801 2.716466 1.976152
 1069.000000 1.462052 3.065163 1.969351
 1070.000000 1.184445 2.743885 1.972919
 1071.000000 0.995320 2.764872 1.974446
 1072.000000 1.148521 -3.081321 1.971698
 1073.000000 0.988301 2.671450 1.965389
 1074.000000 1.029335 2.605939 1.969010
 1075.000000 -0.309265 -3.028114 1.973923
 1076.000000 -0.376185 -3.067556 1.979216
 1077.000000 1.110568 3.084379 1.974738
 1078.000000 -0.390248 2.998891 1.979041
 1079.000000 -0.403970 2.874363 1.972591
 1080.000000 -0.404255 2.882068 1.983274
 1081.000000 1.530176 2.749443 1.969477
 1082.000000 1.679892 2.523587 1.976236
 1083.000000 -0.353226 2.611328 1.989200
 1084.000000 1.292380 2.318372 1.971307
 1085.000000 1.119327 2.655379 1.967227
 1086.000000 1.489504 2.875439 1.973523
 1087.000000 -0.455410 2.803359 1.983131
 1088.000000 -0.357931 3.018748 1.978272
 1089.000000 1.357246 -2.824289 1.981071
 1090.000000 1.827224 3.088266 1.972938
 1091.000000 -0.522685 -2.866418 1.971757
 1092.000000 1.036362 3.096649 1.973802
 1093.000000 1.353075 2.796052 1.980089
 1094.000000 0.911333 2.259630 1.977171
 1095.000000 0.797082 2.639557 1.970164
 1096.000000 1.298364 2.957592 1.977038
 1097.000000 0.998102 2.979130 1.974701
 1098.000000 -0.386520 3.031125 1.976501
 1099.000000 1.210200 -3.068913 1.979361
 1100.000000 -0.373795 3.049139 1.977634
 1101.000000 -0.380322 2.935885 1.976674
 1102.000000 1.785351 3.103894 1.976926
 1103.000000 -0.384961 2.934239 1.975500
 1104.000000 -0.468317 2.659626 1.976567
 1105.000000 -0.258106 -2.951006 1.979643
 1106.000000 -0.336008 3.025478 1.969838
 1107.000000 1.333513 2.915634 1.979693
 1108.000000 -0.260225 2.754053 1.974941
 1109.000000 -0.471017 -2.516043 1.962329
 1110.000000 -0.172210 3.012609 1.978104
 1111.000000 1.325595 3.062346 1.972867
 1112.000000 0.830867 2.940434 1.976533
 1113.000000 -0.428837 2.975189 1.977677
 1114.000000 -0.358936 2.799364 1.979297
 1115.000000 -0.153736 2.711075 1.978176
 1116.000000 1.193585 2.512687 1.975020
 1117.000000 -0.355829 -3.024320 1.970331
 1118.000000 -0.317089 2.637823 1.977717
 1119.000000 -0.323290 2.822010 1.977182
 1120.000000 -0.319609 2.835493 1.984198
 1121.000000 -0.334832 2.650269 1.988013
 1122.000000 0.927037 -3.040389 1.975692
 1123.000000 -0.387402 3.047884 1.971526
 1124.000000 -0.248626 2.796725 1.979049
 1125.000000 1.496057 2.629198 1.976155
 1126.000000 0.979088 2.685540 1.922788
 1127.000000 1.083359 2.855683 1.979859
 1128.000000 1.151883 1.779198 1.965580
 1129.000000 -0.277412 2.939279 1.976118
 1130.000000 -0.315907 2.660285 1.978848
 1131.000000 -0.479047 2.456805 1.980214
 1132.000000 -0.330694 3.033640 1.975999
 1133.000000 1.699167 2.717706 1.970599
 1134.000000 1.185490 2.977856 1.966018
 1135.000000 -0.242659 2.843154 1.978199
 1136.000000 -0.480202 -2.867711 1.973326
 1137.000000 -0.379066 2.870560 1.978362
 1138.000000 -0.447465 2.955936 1.970946
 1139.000000 0.923878 2.952167 1.974782
 1140.000000 1.259458 2.966221 1.973771
 1141.000000 -0.395301 2.695901 1.988452
 1142.000000 -0.435473 2.386951 1.971640
 1143.000000 -0.241340 2.948856 1.976678
 1144.000000 1.531039 2.824743 1.981969
 1145.000000 -0.190744 2.798609 1.975878
 1146.000000 -0.232026 2.895147 1.975506
 1147.000000 -0.422876 3.124527 1.966994
 1148.000000 -0.445023 2.771358 1.980127
 1149.000000 -0.273388 2.724051 1.979035
 1150.000000 1.325043 -3.059917 1.972785
 1151.000000 -0.329724 2.686021 1.969057
 1152.000000 -0.416661 2.489497 1.971236
 1153.000000 -0.385094 2.619634 1.974273
 1154.000000 -0.495200 -3.018164 1.969237
 1155.000000 1.342645 -3.045273 1.973302
 1156.000000 1.536598 2.572497 1.970693
 1157.000000 -0.331247 3.010605 1.978567
 1158.000000 -0.421319 -2.840655 1.974614
 1159.000000 -0.410785 2.732999 1.981083
 1160.000000 -0.172817 2.892420 1.973936
 1161.000000 1.023070 3.048520 1.964203
 1162.000000 -0.377057 2.758190 1.975722
 1163.000000 -0.386656 2.814838 1.976767
 1164.000000 -0.240373 2.833597 1.978130
 1165.000000 1.290134 2.875512 1.979671
 1166.000000 -0.205025 -2.833161 1.983927
 1167.000000 -0.421109 2.850287 1.972802
 1168.000000 1.289658 2.541583 1.974965
 1169.000000 1.519589 -3.068346 1.965515
 1170.000000 -0.458414 3.028837 1.982244
 1171.000000 -0.305463 2.868684 1.974150
 1172.000000 -0.446742 2.993793 1.972445
 1173.000000 -0.301707 -3.009651 1.990457
 1174.000000 -0.349817 2.818433 1.981307
 1175.000000 1.400034 2.720740 1.973356
 1176.000000 -0.373094 2.772001 1.973162
 1177.000000 -0.509885 -2.879927 1.978735
 1178.000000 -0.199959 2.325936 1.976982
 1179.000000 -0.169710 2.606776 1.973458
 1180.000000 1.285588 2.719736 1.971830
 1181.000000 1.398287 -2.809509 1.975577
 1182.000000 -0.375092 -2.969346 1.985090
 1183.000000 -0.352316 2.727193 1.977526
 1184.000000 1.208068 -3.010122 1.976606
 1185.000000 -0.449215 -2.870572 1.972243
 1186.000000 -0.333885 2.881185 1.977027
 1187.000000 1.695890 2.847417 1.972071
 1188.000000 -0.251616 -2.935963 1.988188
 1189.000000 -0.388060 3.100813 1.988854
 1190.000000 -0.258047 -3.076482 1.981063
 1191.000000 1.542254 3.003306 1.977256
 1192.000000 -0.201123 2.753986 1.977671
 1193.000000 1.057076 3.020585 1.979434
 1194.000000 -0.356155 3.040402 1.979527
 1195.000000 -0.437785 -2.760128 1.966671
 1196.000000 -0.252918 2.848056 1.979466
 1197.000000 -0.115315 2.761253 1.976681
 1198.000000 -0.343427 2.914084 1.978781
 1199.000000 -0.255582 2.702954 1.977404
 1200.000000 -0.477625 2.914103 1.980247
 1201.000000 1.027436 2.301609 1.977527
 1202.000000 0.649866 2.566913 1.967282
 1203.000000 1.300428 2.669655 1.977350
 1204.000000 1.276159 2.628940 1.981221
 1205.000000 -0.424559 2.975424 1.977290
 1206.000000 1.569743 2.746754 1.974124
 1207.000000 -0.039939 2.971771 1.974381
 1208.000000 -0.102945 -3.045246 1.977943
 1209.000000 1.426701 2.540944 1.971015
 1210.000000 1.181826 2.839536 1.974252
 1211.000000 -0.384971 3.104551 1.969985
 1212.000000 1.285990 2.628167 1.974040
 1213.000000 -0.335114 2.827088 1.975732
 1214.000000 1.543053 2.942083 1.981290
 1215.000000 1.037234 2.579305 1.973032
 1216.000000 1.157199 2.853483 1.973377
 1217.000000 -0.353341 -3.086270 1.971793
 1218.000000 -0.237156 -2.625558 1.977369
 1219.000000 -0.368895 2.682095 1.976537
 1220.000000 -0.482926 2.997888 1.978803
 1221.000000 -0.358786 3.007552 1.974207
 1222.000000 -0.386951 3.067232 1.976146
 1223.000000 -0.464841 2.890981 1.979040
 1224.000000 -0.449310 3.027924 1.977245
 1225.000000 -0.341667 3.091671 1.978028
 1226.000000 -0.178670 2.696959 1.988318
 1227.000000 -0.482882 2.509161 1.963856
 1228.000000 -0.381233 2.973991 1.979617
 1229.000000 -0.502268 2.827164 1.978661
 1230.000000 -0.394167 2.702720 1.977748
 1231.000000 -0.379057 2.495815 1.983837
 1232.000000 1.494313 -2.929561 1.973447
 1233.000000 -0.474722 2.865033 1.979079
 1234.000000 -0.477352 2.996967 1.985955
 1235.000000 1.240804 2.961327 1.978780
 1236.000000 -0.490469 2.893708 1.975200
 1237.000000 1.569266 2.602442 1.977365
 1238.000000 -0.486901 -2.851305 1.979429
 1239.000000 0.910399 3.004882 1.974545
 1240.000000 1.445407 2.802256 1.978865
 1241.000000 -0.378992 2.679590 1.978410
 1242.000000 -0.463753 -2.964897 1.973719
 1243.000000 -0.213480 2.796046 1.976229
 1244.000000 -0.381748 2.755939 1.976631
 1245.000000 -0.366612 2.656688 1.971459
 1246.000000 -0.304032 2.773818 1.971811
 1247.000000 -0.435680 2.463273 1.974828
 1248.000000 -0.303308 3.091185 1.977707
 1249.000000 -0.356472 2.570917 1.978904
 1250.000000 -0.181131 2.902971 1.979103
 1251.000000 -0.227896 2.698251 1.972117
 1252.000000 -0.434147 3.094546 1.979823
 1253.000000 -0.425593 2.969590 1.974739
 1254.000000 -0.315396 2.831708 1.977366
 1255.000000 1.977397 2.776294 1.972101
 1256.000000 -0.041187 -3.095381 1.989759
 1257.000000 -0.438635 2.770740 1.977653
 1258.000000 1.030519 2.833789 1.975484
 1259.000000 1.361024 -2.979813 1.973241
 1260.000000 1.439089 2.973388 1.980878
 1261.000000 -0.321472 2.888250 1.980603
 1262.000000 -0.431694 2.724231 1.976507
 1263.000000 -0.389822 -3.015645 1.975456
 1264.000000 1.486381 2.964357 1.984040
 1265.000000 1.176887 2.642862 1.980631
 1266.000000 -0.475465 2.749115 1.974105
 1267.000000 -0.369888 2.720312 1.977633
 1268.000000 0.904112 2.527077 1.972527
 1269.000000 -0.449338 3.040071 1.980207
 1270.000000 0.966757 3.021903 1.972580
 1271.000000 0.786149 2.848412 1.974473
 1272.000000 1.636307 -2.952204 1.972695
 1273.000000 1.531292 -3.112862 1.979099
 1274.000000 -0.281481 2.640871 1.978700
 1275.000000 1.266840 2.490121 1.968086
 1276.000000 1.116448 2.512659 1.981113
 1277.000000 -0.215713 2.883373 1.976923
 1278.000000 -0.380665 2.812597 1.975121
 1279.000000 -0.405363 2.666048 1.974938
 1280.000000 -0.207373 2.951096 1.984334
 1281.000000 -0.431406 2.978036 1.979023
 1282.000000 -0.368343 3.141090 1.989596
 1283.000000 -0.413324 -2.996221 1.990214
 1284.000000 1.271861 3.015015 1.979092
 1285.000000 -0.470446 2.901668 1.978753
 1286.000000 -0.428969 2.931773 1.974939
 1287.000000 -0.365729 -3.008776 1.971002
 1288.000000 1.404437 2.975124 1.976090
 1289.000000 1.208775 -2.931848 1.973177
 1290.000000 0.909283 2.630129 1.978600
 1291.000000 -0.102312 -2.584456 1.988684
 1292.000000 1.538182 3.098789 1.972437
 1293.000000 1.054506 2.778205 1.978840
 1294.000000 -0.314249 2.537057 1.976027
 1295.000000 -0.383122 -3.035342 1.976195
 1296.000000 1.432519 -2.997778 1.979470
 1297.000000 1.566834 2.643642 1.971968
 1298.000000 -0.159940 2.399065 1.979530
 1299.000000 -0.013734 2.882027 1.976591
 1300.000000 0.955158 2.656607 1.978282
 1301.000000 -0.474164 2.880579 1.981603
 1302.000000 -0.377312 2.722484 1.970664
 1303.000000 -0.483803 2.762864 1.967891
 1304.000000 0.081711 3.134658 1.981866
 1305.000000 0.035834 -2.965630 1.984910
 1306.000000 0.222442 -2.993305 1.980717
 1307.000000 0.406568 -3.029398 1.985011
 1308.000000 0.483896 -2.680735 1.952509
 1309.000000 -1.584959 -2.490110 1.890758
 1310.000000 -0.074772 2.466172 1.939769
 1311.000000 1.482543 -2.066719 1.968753
 1312.000000 -0.392879 -2.391411 1.971663
 1313.000000 -0.507176 -2.405109 1.982377
 1314.000000 -0.307413 -2.271877 1.974928
 1315.000000 0.342801 -2.673879 1.932398
 1316.000000 0.255559 -1.646872 1.269834
 1317.000000 0.350179 -2.833552 1.910440
 1318.000000 0.098405 -2.171027 1.363544
 1319.000000 0.457260 -2.602452 1.539308
 1320.000000 -0.501348 -2.673088 1.881076
 1321.000000 -0.340383 -1.838858 1.697792
 1322.000000 -1.567828 -2.640449 1.621513
 1323.000000 1.254589 -2.685840 1.381279
 1324.000000 0.440658 -3.060732 1.894196
 1325.000000 0.312205 -3.107440 1.875183
 1326.000000 -0.438180 -2.514706 1.780551
 1327.000000 0.439844 2.755128 1.917786
 1328.000000 0.426005 -2.593041 1.339696
 1329.000000 -1.870287 -2.443880 1.843039
 1330.000000 -1.477758 3.006193 1.947694
 1331.000000 0.241397 -2.562846 1.955003
 1332.000000 0.296359 -2.615950 1.956363
 1333.000000 -1.138408 -1.695110 1.953587
 1334.000000 0.604499 -3.007788 1.932283
 1335.000000 -0.373087 -3.024983 1.955796
 1336.000000 -1.194544 2.954147 1.836969
 1337.000000 -1.068036 -2.947345 1.832322
 1338.000000 -1.210596 3.097182 1.825826
 1339.000000 -1.189951 3.068904 1.873926
 1340.000000 -0.288706 -3.079222 1.956692
 1341.000000 0.515560 2.650855 1.928679
 1342.000000 0.215294 2.731807 1.983438
 1343.000000 0.392379 3.135834 1.973731
 1344.000000 -1.418322 2.695277 1.979051
 1345.000000 -0.582124 3.069342 1.868791
 1346.000000 -0.495758 -2.961853 1.861259
 1347.000000 0.340954 -3.076986 1.859483
 1348.000000 0.383999 2.880482 1.881154
 1349.000000 0.117002 -2.640495 1.781634
 1350.000000 -0.845129 -2.584848 1.841557
 1351.000000 0.419007 2.893831 1.219433
 1352.000000 -1.220918 -2.825699 1.817626
 1353.000000 -1.119609 -2.869623 1.835223
 1354.000000 -2.093884 -2.810495 1.896126
 1355.000000 -0.540482 -2.890529 1.816860
 1356.000000 0.207491 -2.716409 1.566905
 1357.000000 0.579174 -2.506875 1.811144
 1358.000000 0.479827 -2.209069 1.924615
 1359.000000 0.379274 -2.062056 1.921234
 1360.000000 0.174636 -2.466115 1.978844
 1361.000000 0.224671 -1.951830 1.957487
 1362.000000 0.350594 -1.980954 1.962305
 1363.000000 -0.487371 -2.633039 1.976687
 1364.000000 2.098101 -2.929850 1.969894
 1365.000000 0.162914 -2.931324 1.866166
 1366.000000 0.084277 3.136515 1.603465
 1367.000000 0.339955 -3.002212 1.937653
 1368.000000 0.316673 -2.655796 1.939310
 1369.000000 0.721335 2.380103 1.935363
 1370.000000 0.246888 -3.113436 1.940683
 1371.000000 0.275835 -2.091095 1.960993
 1372.000000 -1.137326 -2.768503 1.900809
 1373.000000 0.373022 -2.928932 1.885936
 1374.000000 -1.710476 2.697073 1.903175
 1375.000000 0.120913 -3.099839 1.920239
 1376.000000 0.389324 -2.867114 1.898935
 1377.000000 0.011545 -2.653614 1.851003
 1378.000000 0.479612 -2.772112 1.764600
 1379.000000 0.985480 -2.196074 1.920306
 1380.000000 1.076802 -2.455670 1.851942
 1381.000000 0.217901 3.021728 1.854513
 1382.000000 0.409564 -2.861913 1.871474
 1383.000000 0.202080 -2.823564 1.845114
 1384.000000 -0.400880 2.505540 1.926615
 1385.000000 0.337739 -2.695966 1.967097
 1386.000000 0.133425 -3.089583 1.979398
 1387.000000 0.338150 -2.841219 1.973946
 1388.000000 0.428450 2.803025 1.985214
 1389.000000 0.400851 -2.740480 1.878351
 1390.000000 -1.122642 2.907334 1.893406
 1391.000000 -0.308180 -2.927458 1.716839
 1392.000000 0.277459 2.808905 1.694814
 1393.000000 1.330583 2.655431 1.272520
 1394.000000 0.387048 -2.443476 1.874581
 1395.000000 0.335623 -2.308915 1.901786
 1396.000000 -1.246875 -2.641042 1.921124
 1397.000000 1.009041 -2.588358 1.493302
 1398.000000 -0.242230 2.788607 1.741275
 1399.000000 0.365502 -3.057424 1.723090
 1400.000000 -0.236361 2.583141 1.955687
 1401.000000 -0.578369 -2.885719 1.890905
 1402.000000 1.088378 -2.861006 1.942520
 1403.000000 1.749715 2.375135 1.651236
 1404.000000 -1.374357 -2.929058 1.746676
 1405.000000 0.492396 3.132068 1.953296
 1406.000000 -0.271435 2.791311 1.843290
 1407.000000 -1.233265 -3.073974 1.790223
 1408.000000 -0.499598 -2.799978 1.799002
 1409.000000 -0.484899 -2.559107 1.612994
 1410.000000 -0.445046 -2.668453 1.744086
 1411.000000 1.057888 -2.823010 1.680419
 1412.000000 -0.346688 -2.840968 1.834519
 1413.000000 -0.933593 -3.022500 1.774776
 1414.000000 -0.877559 -3.122059 1.982832
 1415.000000 0.155860 2.648482 1.942659
 1416.000000 0.991522 -2.220398 1.870376
 1417.000000 0.357066 -1.959691 1.889782
 1418.000000 0.345637 -2.083667 1.895202
 1419.000000 0.699994 -1.923234 1.845705
 1420.000000 -0.519894 -2.960630 1.586452
 1421.000000 0.337845 2.755624 1.386388
 1422.000000 0.404768 -2.839997 1.307630
 1423.000000 0.478892 3.071458 1.868220
 1424.000000 1.047213 -2.561899 1.683954
 1425.000000 0.400609 -2.051168 1.907535
 1426.000000 -0.493431 -2.695189 1.587207
 1427.000000 1.166060 2.790012 1.390532
 1428.000000 0.302087 -2.236816 1.807260
 1429.000000 0.698233 -2.726325 0.864947
 1430.000000 0.179761 -2.512352 1.761776
 1431.000000 1.245343 -2.747088 1.255414
 1432.000000 -1.624518 2.940895 1.859042
 1433.000000 0.430165 -2.648307 1.878333
 1434.000000 -0.306828 -2.804030 1.885206
 1435.000000 -0.231079 -2.750008 1.889973
 1436.000000 1.742708 -2.248301 1.750807
 1437.000000 0.401020 -2.589273 1.851884
 1438.000000 -1.225202 -2.819210 1.652586
 1439.000000 -0.424659 2.929176 1.917997
 1440.000000 -1.311825 -1.901749 1.902627
 1441.000000 0.280387 -2.305655 1.796396
 1442.000000 0.248110 -2.841925 1.758308
 1443.000000 0.137546 -2.452893 1.911757
 1444.000000 0.034765 -1.778922 1.899532
 1445.000000 0.089212 -2.749320 1.960850
 1446.000000 -0.220727 -2.126272 1.911619
 1447.000000 0.278824 -2.714853 1.388365
 1448.000000 1.052904 2.779353 1.979808
 1449.000000 -0.309080 -2.665055 1.700896
 1450.000000 -0.649119 2.738475 1.944366
 1451.000000 1.562201 2.872907 1.802696
 1452.000000 -0.049631 -3.060980 1.851244
 1453.000000 -1.603863 2.831139 1.815835
 1454.000000 1.233952 -2.581630 1.824818
 1455.000000 0.398153 -2.721075 1.609394
 1456.000000 -1.048826 2.743716 1.909904
 1457.000000 -1.414879 -2.796797 1.696991
 1458.000000 -1.524730 2.837888 1.672388
 1459.000000 1.480346 -2.871447 1.610715
 1460.000000 0.922852 -3.011704 1.934656
 1461.000000 0.252364 -2.644630 1.967564
 1462.000000 -1.282345 -2.141789 1.901738
 1463.000000 0.465336 -2.685888 1.873407
 1464.000000 0.256094 -2.591860 1.942809
 1465.000000 0.154314 -2.244723 1.961590
 1466.000000 0.137150 -2.160705 1.963688
 1467.000000 0.216483 -2.010578 1.964299
 1468.000000 0.396190 -2.350021 1.973323
 1469.000000 0.174452 -2.910200 1.951796
 1470.000000 0.407845 -2.777198 1.972044
 1471.000000 0.400329 -2.591836 1.959326
 1472.000000 0.416131 -2.025906 1.946042
 1473.000000 0.335181 -2.761311 1.961488
 1474.000000 0.277712 -2.594993 1.936400
 1475.000000 0.156381 -1.789913 1.751436
 1476.000000 0.271679 -2.175301 1.980286
 1477.000000 0.521905 -2.241066 1.915575
 1478.000000 0.480238 -2.269521 1.944873
 1479.000000 0.498452 -2.635097 1.384245
 1480.000000 0.129629 -2.390679 1.762954
 1481.000000 0.311114 -2.987378 1.732783
 1482.000000 0.241330 -2.428476 1.691929
 1483.000000 0.383590 -2.453366 1.709200
 1484.000000 1.332999 -2.820270 1.726654
 1485.000000 -0.310116 -2.269235 1.660716
 1486.000000 0.190593 -2.962386 1.781526
 1487.000000 -0.310495 -2.966517 1.642327
 1488.000000 0.099327 -2.990131 1.800025
 1489.000000 -0.362362 -1.764632 1.789726
 1490.000000 -0.052294 -2.898161 1.732483
 1491.000000 1.380469 -2.740438 1.746923
 1492.000000 0.281366 3.108298 1.659279
 1493.000000 0.318231 -2.033753 1.563062
 1494.000000 0.912767 -2.857551 1.557054
 1495.000000 -0.301552 -2.575431 1.809395
 1496.000000 0.441914 -3.003370 1.859418
 1497.000000 0.287489 -2.296117 1.888294
 1498.000000 -1.592876 -2.447521 1.884584
 1499.000000 1.095511 -2.165158 1.922803
 1500.000000 0.166517 -1.875394 1.803459
 1501.000000 0.315805 -2.565595 1.766933
 1502.000000 0.026100 2.723917 1.745634
 1503.000000 1.630014 -2.725021 1.538167
 1504.000000 0.437603 -2.126262 1.889577
 1505.000000 -1.670949 -2.547867 1.719068
 1506.000000 0.129192 -2.814296 1.664354
 1507.000000 0.318670 2.709362 1.748851
 1508.000000 0.055795 -2.677217 1.347250
 1509.000000 0.344076 -2.381326 1.675833
 1510.000000 0.387937 -3.048014 1.650874
 1511.000000 0.006218 2.684430 1.537842
 1512.000000 1.012158 -2.894606 1.591995
 1513.000000 0.947235 2.294215 1.360665
 1514.000000 0.838639 -2.208815 1.871530
 1515.000000 1.300889 -1.988991 1.961436
 1516.000000 0.410032 -2.027677 1.850883
 1517.000000 0.210230 -2.417498 1.857808
 1518.000000 0.132257 -2.538259 1.903841
 1519.000000 0.323049 -2.653237 1.906263
 1520.000000 0.389238 -2.569964 1.992331
 1521.000000 0.328794 -2.368247 1.984080
 1522.000000 0.344049 -1.960695 1.965639
 1523.000000 0.426817 -2.293962 1.971170
 1524.000000 0.225281 -2.838876 1.992103
 1525.000000 0.282187 -2.418871 1.987634
 1526.000000 0.144595 -2.202115 1.986068
 1527.000000 0.245056 -2.409881 1.984000
 1528.000000 0.098745 -2.107176 1.987702
 1529.000000 0.119291 -2.515354 1.951123
 1530.000000 0.367572 -2.334883 1.969305
 1531.000000 0.148255 -2.359481 1.990931
 1532.000000 0.308322 -2.306789 1.990144
 1533.000000 0.217512 -2.061304 1.979939
 1534.000000 0.418670 -2.346901 1.971247
 1535.000000 0.291910 -1.774077 1.954687
 1536.000000 0.290752 -2.001778 1.963206
 1537.000000 0.063729 -2.311170 1.972974
 1538.000000 0.212066 -2.089747 1.970711
 1539.000000 0.275128 -2.434251 1.963540
 1540.000000 0.202871 -2.225955 1.924998
 1541.000000 0.160248 -2.338323 1.977469
 1542.000000 0.265193 -1.910820 1.978159
 1543.000000 0.290718 -2.322554 1.958828
 1544.000000 0.301390 -2.562927 1.959278
 1545.000000 0.387605 -2.542738 1.895977
 1546.000000 0.204441 -1.798362 1.813764
 1547.000000 0.359346 -2.178450 1.962362
 1548.000000 0.449946 -2.151864 1.977297
 1549.000000 0.345690 -2.274983 1.971013
 1550.000000 0.225105 -2.196874 1.962551
 1551.000000 0.138664 -2.108971 1.944723
 1552.000000 0.114661 -2.354116 1.970646
 1553.000000 0.362044 -2.360461 1.987465
 1554.000000 0.188812 -2.835895 1.896575
 1555.000000 0.299382 -2.393268 1.868273
 1556.000000 0.095469 -2.047198 1.913169
 1557.000000 0.406817 -2.621485 1.913442
 1558.000000 0.310403 -3.060888 1.969867
 1559.000000 0.323844 2.534658 1.886557
 1560.000000 0.129423 -2.622224 1.804331
 1561.000000 -1.413456 3.004007 1.892060
 1562.000000 -0.378058 -2.903018 1.741702
 1563.000000 -0.385630 -2.088964 1.938376
 1564.000000 -1.158270 2.924900 1.847295
 1565.000000 0.315145 -3.106884 1.491920
 1566.000000 -1.187812 -2.691906 1.515173
 1567.000000 1.452107 -2.214975 1.838230
 1568.000000 0.510047 3.050302 1.915581
 1569.000000 1.243791 3.128766 1.899458
 1570.000000 0.417956 2.629127 1.932520
 1571.000000 0.348503 -2.500706 1.907456
 1572.000000 0.356002 -2.689841 1.586867
 1573.000000 0.396167 -1.864195 1.921951
 1574.000000 0.435202 2.958441 1.891928
 1575.000000 0.187684 2.567257 1.514590
 1576.000000 0.426748 -2.722354 1.269171
 1577.000000 0.184999 -2.202690 1.463960
 1578.000000 0.275900 -2.507204 1.534616
 1579.000000 1.090101 -2.641130 1.623618
 1580.000000 0.036968 -2.792040 0.769489
 1581.000000 0.483067 3.043181 0.903989
 1582.000000 -1.534598 -2.482665 1.881752
 1583.000000 -0.537120 -2.216777 1.917591
 1584.000000 1.308384 -2.644452 1.531288
 1585.000000 0.179943 -2.535226 1.210248
 1586.000000 1.413463 -2.607482 1.793537
 1587.000000 -1.700276 -2.594271 1.745782
 1588.000000 1.786219 -2.008422 1.743740
 1589.000000 -0.413651 -2.895256 1.854518
 1590.000000 -1.378407 -2.359592 1.798489
 1591.000000 1.108789 -2.778098 1.744128
 1592.000000 -0.035262 2.682605 1.867664
 1593.000000 0.192969 -2.972043 1.842871
 1594.000000 0.358218 2.963055 1.858235
 1595.000000 -0.108395 -2.916729 1.855451
 1596.000000 0.337245 3.070268 1.609475
 1597.000000 0.406084 -2.707169 1.288148
 1598.000000 0.401917 -2.500723 1.630736
 1599.000000 -0.148106 -2.666180 1.648894
 1600.000000 0.836061 -2.296473 1.915962
 1601.000000 -1.334042 -2.861453 1.569021
 1602.000000 -1.445336 2.610378 1.680761
 1603.000000 0.670421 3.061495 1.389053
 1604.000000 0.630190 -2.775970 1.745599
 1605.000000 -1.194234 2.670436 1.913458
 1606.000000 0.234567 2.893786 1.925047
 1607.000000 -1.597216 2.504650 1.758692
 1608.000000 0.291382 -3.028696 1.876888
 1609.000000 -0.371676 -2.916347 1.600129
 1610.000000 -0.521481 -2.799182 1.869583
 1611.000000 -0.080310 -2.643979 1.805541
 1612.000000 0.105491 -2.872030 1.853248
 1613.000000 -0.377691 -2.579225 1.596183
 1614.000000 0.331675 -2.557870 1.940872
 1615.000000 0.111968 2.677596 1.732399
 1616.000000 0.029625 -3.087357 1.885519
 1617.000000 -1.128630 3.066650 1.964085
 1618.000000 0.312496 -2.583571 1.922412
 1619.000000 0.492649 2.601375 1.955727
 1620.000000 1.036905 2.739760 1.980453
 1621.000000 -0.336123 -2.670297 1.970070
 1622.000000 1.406583 -2.762497 1.836035
 1623.000000 -0.312343 -2.898514 1.914068
 1624.000000 -0.269893 -2.461388 1.848998
 1625.000000 0.023176 -2.771634 0.919826
 1626.000000 0.466875 -2.506806 1.911881
 1627.000000 -1.424834 -2.918006 1.950033
 1628.000000 0.330172 2.782278 1.822124
 1629.000000 -1.524191 -2.586985 1.649255
 1630.000000 -1.033441 -2.879508 1.759079
 1631.000000 0.315556 2.922840 1.788819
 1632.000000 0.293861 3.012777 1.807446
 1633.000000 -0.179116 3.020204 1.880993
 1634.000000 1.167227 -2.670163 1.198981
 1635.000000 0.001443 -1.917309 1.663242
 1636.000000 0.458220 -2.685660 1.506514
 1637.000000 0.091995 -2.342120 1.039610
 1638.000000 0.457067 -2.564886 1.606150
 1639.000000 0.063038 -2.831439 1.816139
 1640.000000 -0.413863 2.681278 1.780128
 1641.000000 -0.331261 -2.689943 1.573950
 1642.000000 0.403348 -2.650216 1.810244
 1643.000000 -0.000533 -2.339952 1.924061
 1644.000000 1.553057 -2.645599 1.724489
 1645.000000 0.376306 2.718224 1.894150
 1646.000000 -1.239093 2.934810 1.908407
 1647.000000 0.493670 2.952900 1.849857
 1648.000000 -1.394518 2.810679 1.884665
 1649.000000 -1.549539 -2.693438 1.743245
 1650.000000 -1.406877 -3.057790 1.843656
 1651.000000 0.369003 -2.411035 1.639715
 1652.000000 0.403036 2.877669 1.738772
 1653.000000 -1.463279 -2.672060 1.772653
 1654.000000 1.000949 -2.950947 1.947310
 1655.000000 -1.768907 -3.064314 1.871456
 1656.000000 -1.371291 -2.767912 1.532982
 1657.000000 0.389792 -2.617354 1.708671
 1658.000000 0.177839 -2.938610 1.640539
 1659.000000 -0.013802 -2.117916 1.845406
 1660.000000 0.180270 -2.573142 1.718441
 1661.000000 0.331134 -2.900451 0.978523
 1662.000000 1.160294 -2.915198 1.337052
 1663.000000 1.405942 -2.742437 1.610419
 1664.000000 1.333650 -1.674724 1.809573
 1665.000000 1.020155 -2.236217 1.804752
 1666.000000 0.876510 -2.247278 1.742994
 1667.000000 0.216815 -2.461029 1.900224
 1668.000000 -0.051072 -2.738229 1.875092
 1669.000000 0.426239 -2.667524 1.537460
 1670.000000 -1.096024 -2.917447 1.804718
 1671.000000 0.426525 3.124474 1.842974
 1672.000000 -0.448089 3.090481 1.743207
 1673.000000 1.186648 2.583053 1.306822
 1674.000000 -1.326735 2.749954 1.818910
 1675.000000 -1.460321 2.598941 1.791226
 1676.000000 -0.143416 -2.965402 1.743316
 1677.000000 0.252074 -2.652457 1.823166
 1678.000000 0.415901 2.887124 1.890134
 1679.000000 -0.304175 -3.090047 1.569579
 1680.000000 0.037601 -2.179751 1.873868
 1681.000000 0.305003 -2.928806 1.902343
 1682.000000 -0.193890 3.120354 1.926357
 1683.000000 -0.156385 -2.793326 1.931212
 1684.000000 -0.194059 3.054443 1.925147
 1685.000000 -1.641414 -2.702466 1.775941
 1686.000000 -1.455892 -2.769500 1.826022
 1687.000000 -1.298883 2.902616 1.880972
 1688.000000 -1.548743 -3.014413 1.765314
 1689.000000 0.375425 -2.985807 1.937138
 1690.000000 -0.309933 -2.903907 1.898759
 1691.000000 -0.429308 -2.919473 1.947164
 1692.000000 0.174914 2.710790 1.782947
 1693.000000 0.393487 -2.754350 1.594998
 1694.000000 0.437813 -3.135534 0.873306
 1695.000000 1.441522 -2.878986 1.625811
 1696.000000 -1.535931 -2.589574 1.814552
 1697.000000 0.960313 -2.776925 1.752959
 1698.000000 1.180886 3.109998 1.724903
 1699.000000 0.352297 -2.654309 1.324248
 1700.000000 0.218222 3.063385 1.422042
 1701.000000 0.180119 -3.011604 1.761338
 1702.000000 -0.338329 -2.754481 1.725297
 1703.000000 -0.340705 -2.747339 1.848171
 1704.000000 0.249461 -2.657014 1.066546
 1705.000000 1.157591 -2.946958 1.491171
 1706.000000 -1.055442 -2.602107 1.473976
 1707.000000 0.238658 -2.800911 1.156043
 1708.000000 0.030687 -3.054608 1.604083
 1709.000000 -1.382189 -2.842537 1.691489
 1710.000000 0.477478 -2.648768 1.894848
 1711.000000 -1.672864 2.745192 1.230724
 1712.000000 -0.039536 -2.578076 1.840773
 1713.000000 0.317794 -2.557224 1.665282
 1714.000000 0.184774 -2.209656 1.958829
 1715.000000 1.234233 -2.314095 1.847226
 1716.000000 -1.176173 -2.724946 1.184066
 1717.000000 -0.441846 -3.127850 1.893483
 1718.000000 0.189480 -2.849278 1.852408
 1719.000000 -1.335218 -2.443780 1.471452
 1720.000000 0.462467 -2.420741 1.667232
 1721.000000 0.196369 -2.398112 1.673121
 1722.000000 0.349805 -2.662755 1.825283
 1723.000000 0.251682 -2.094446 1.850325
 1724.000000 0.179711 -2.299903 1.733845
 1725.000000 0.474460 -1.942461 1.770854
 1726.000000 0.197813 -2.738487 1.801146
 1727.000000 0.314804 -2.483800 1.895841
 1728.000000 0.292555 -3.112734 1.884558
 1729.000000 0.412338 3.033655 1.930802
 1730.000000 0.157634 -2.041937 1.909463
 1731.000000 -0.490741 -2.432683 1.829493
 1732.000000 0.892280 -1.979900 1.902390
 1733.000000 0.436391 -2.432770 1.845062
 1734.000000 0.299484 -2.661133 1.775437
 1735.000000 -0.221424 -2.191005 1.031241
 1736.000000 0.420805 -2.628315 1.926854
 1737.000000 0.267158 -2.909028 1.908695
 1738.000000 1.078317 -2.681531 1.866965
 1739.000000 0.164427 -2.360928 1.920392
 1740.000000 0.350052 -2.088217 1.597044
 1741.000000 0.167459 -2.379373 1.868610
 1742.000000 0.534609 -2.289497 1.740019
 1743.000000 1.099671 -2.686831 1.952091
 1744.000000 0.501895 -2.370858 1.901115
 1745.000000 0.266095 -2.814116 1.915831
 1746.000000 0.076385 -2.786935 1.910892
 1747.000000 -0.469334 -3.064716 1.876244
 1748.000000 -0.435609 -2.539341 1.390349
 1749.000000 0.323286 2.214534 1.788839
 1750.000000 -1.197550 -2.901749 1.457433
 1751.000000 0.436172 -2.692467 1.846174
 1752.000000 -0.264189 -2.832739 1.748312
 1753.000000 0.818652 -2.968824 1.842341
 1754.000000 -0.420985 -2.740214 1.908422
 1755.000000 -1.341345 -2.624044 1.639403
 1756.000000 0.474237 -2.742195 1.729106
 1757.000000 0.045603 -2.801833 1.715636
 1758.000000 0.305888 -2.410727 1.832722
 1759.000000 0.140672 -2.709158 1.862958
 1760.000000 0.160951 -2.327385 1.823402
 1761.000000 0.196715 3.019042 1.862582
 1762.000000 0.162076 -2.717213 1.748027
 1763.000000 -1.101652 -2.845957 1.778688
 1764.000000 0.428533 2.707943 1.755880
 1765.000000 0.129035 2.921148 1.657659
 1766.000000 0.104284 -2.922826 1.751117
 1767.000000 -0.068823 3.099908 1.735721
 1768.000000 0.022648 -2.888721 1.830531
 1769.000000 0.329670 -2.849395 1.713079
 1770.000000 0.263993 -3.056926 1.838938
 1771.000000 0.448094 -2.881002 1.741012
 1772.000000 0.337210 -3.057996 1.699680
 1773.000000 0.171585 2.856300 1.919362
 1774.000000 1.040800 -2.732768 1.730012
 1775.000000 1.430086 -2.767322 1.841310
 1776.000000 0.244055 -2.957474 1.422036
 1777.000000 -0.058337 -2.520785 1.801673
 1778.000000 -0.283605 2.910511 1.815190
 1779.000000 0.280327 2.180851 0.998181
 1780.000000 0.459724 -2.778746 1.769945
 1781.000000 0.298528 2.725082 1.554987
 1782.000000 0.132759 -1.726441 1.626924
 1783.000000 0.083696 -2.335170 1.858273
 1784.000000 0.414350 -3.050218 1.864840
 1785.000000 0.274216 2.604337 1.929800
 1786.000000 -0.030888 -3.103445 1.434880
 1787.000000 -0.506706 -2.557970 1.275774
 1788.000000 0.351861 -2.671770 1.568330
 1789.000000 -1.229886 -2.330527 1.458573
 1790.000000 0.354473 -1.531073 1.902997
 1791.000000 0.294476 -2.366815 1.853443
 1792.000000 0.003487 -2.187206 1.848833
 1793.000000 1.630387 -2.594718 1.306550
 1794.000000 0.349623 2.505470 1.827298
 1795.000000 0.164871 2.808760 1.729759
 1796.000000 -0.282756 -2.430350 1.615640
 1797.000000 1.223142 -2.897344 1.592823
 1798.000000 0.475942 2.691169 1.707523
 1799.000000 0.265014 -2.037623 1.727541
 1800.000000 0.421690 -2.796865 1.757417
 1801.000000 1.701179 -2.336944 1.794327
 1802.000000 0.382105 -2.110268 1.561836
 1803.000000 -0.582939 -2.637916 1.541429
 1804.000000 0.496854 -2.621570 1.851487
 1805.000000 0.473221 2.751112 1.917817
 1806.000000 0.592785 -2.130872 1.757065
 1807.000000 0.423807 -1.959646 1.872654
 1808.000000 0.955153 -2.747301 1.859329
 1809.000000 0.508333 -2.714876 1.881618
 1810.000000 0.305740 -2.014385 1.947952
 1811.000000 0.940280 -2.372062 1.494912
 1812.000000 0.699694 -2.747799 1.622353
 1813.000000 -0.971339 -2.873356 1.922546
 1814.000000 -0.220749 -2.726240 0.928970
 1815.000000 -0.328444 -3.077710 1.863602
 1816.000000 0.714203 -2.206111 1.779997
 1817.000000 0.319069 -2.916136 1.465312
 1818.000000 0.220613 -3.054756 1.917766
 1819.000000 0.203248 3.002890 1.953565
 1820.000000 1.861803 2.840386 1.537569
 1821.000000 0.094662 -1.784025 1.906947
 1822.000000 1.494847 -1.845737 1.539699
 1823.000000 0.564007 -2.944794 1.827495
 1824.000000 0.685329 -2.380969 1.703823
 1825.000000 -0.289775 2.685069 1.603234
 1826.000000 -0.013109 2.766661 1.867100
 1827.000000 0.498295 -2.636238 1.789034
 1828.000000 -0.309406 -2.680700 1.669654
 1829.000000 -0.244244 2.989584 1.434289
 1830.000000 0.050220 -2.159533 1.893204
 1831.000000 1.159052 -2.794018 1.834288
 1832.000000 -1.467740 -1.984365 1.279179
 1833.000000 -0.199990 -2.431966 1.242698
 1834.000000 0.365842 -2.875255 1.630441
 1835.000000 0.354856 2.968521 1.889481
 1836.000000 0.815827 -2.951795 1.691544
 1837.000000 0.354717 -2.233859 1.525794
 1838.000000 -0.638905 -2.715152 1.864597
 1839.000000 1.106008 -2.689591 1.658356
 1840.000000 -0.662707 -2.579589 1.619995
 1841.000000 0.361163 2.761640 1.388335
 1842.000000 -0.355510 -2.641040 1.242703
 1843.000000 -0.046059 -2.793034 0.785486
 1844.000000 0.452361 -2.963695 1.397357
 1845.000000 1.162103 2.895262 1.818724
 1846.000000 0.165672 -2.936657 1.920164
 1847.000000 -0.477164 2.979088 1.923650
 1848.000000 0.162451 -2.824656 1.881470
 1849.000000 0.491626 -2.552076 1.550408
 1850.000000 -0.199626 2.992236 1.830112
 1851.000000 -0.504025 2.746318 1.805854
 1852.000000 0.173717 2.786657 1.939939
 1853.000000 0.483433 2.719969 1.927064
 1854.000000 0.440183 2.883309 1.874236
 1855.000000 0.201916 -3.077223 1.917710
 1856.000000 0.157641 2.591352 1.879288
 1857.000000 0.310012 3.059069 1.917513
 1858.000000 0.350633 2.827587 1.925297
 1859.000000 0.135644 3.034944 1.847547
 1860.000000 0.270506 2.773550 1.715896
 1861.000000 0.259073 2.570264 1.879041
 1862.000000 -0.316851 -2.743104 1.911902
 1863.000000 1.716224 -2.609099 1.707706
 1864.000000 0.081701 -3.068282 1.342296
 1865.000000 0.455653 -2.793225 1.892549
 1866.000000 -0.159883 2.956964 1.755057
 1867.000000 0.199073 3.039321 1.802670
 1868.000000 -0.458520 2.683461 1.800923
 1869.000000 -0.075013 2.968843 1.453746
 1870.000000 -0.323181 2.702881 1.832448
 1871.000000 -0.460865 3.057276 1.897022
 1872.000000 -1.350834 -3.017538 1.841464
 1873.000000 -0.332362 -2.799978 1.629044
 1874.000000 1.161000 -2.672244 1.880828
 1875.000000 0.380720 -2.666758 1.931384
 1876.000000 0.363542 -2.736205 1.758621
 1877.000000 -0.428075 -2.784302 1.201621
 1878.000000 -1.819350 -3.031826 1.603227
 1879.000000 -0.358124 -2.694557 1.390993
 1880.000000 1.389559 -2.616261 1.468086
 1881.000000 -1.484055 -2.813536 1.658793
 1882.000000 1.427395 -2.240370 1.296976
 1883.000000 -1.409667 2.892844 1.872095
 1884.000000 -1.488752 2.461362 1.922666
 1885.000000 -1.051555 2.677788 1.886546
 1886.000000 -1.432547 -2.775302 1.847224
 1887.000000 0.244936 -2.701262 1.691117
 1888.000000 0.624239 -2.745681 1.010429
 1889.000000 0.352018 -2.571256 0.895356
 1890.000000 -0.596341 -2.794231 0.941361
 1891.000000 0.500567 -2.581145 1.688569
 1892.000000 -1.550259 -2.914519 1.383709
 1893.000000 0.554780 -2.622556 0.992829
 1894.000000 0.432813 -2.567744 1.221114
 1895.000000 0.168272 2.843658 1.755248
 1896.000000 0.065463 3.137020 1.808401
 1897.000000 1.696712 2.572373 1.639060
 1898.000000 -0.887065 -2.903622 1.864521
 1899.000000 0.165500 -2.692924 1.949155
 1900.000000 0.335667 -2.421437 1.958939
 1901.000000 0.064952 -2.468215 1.923911
 1902.000000 0.412521 3.016138 1.898775
 1903.000000 0.216195 -3.100509 1.833274
 1904.000000 0.304389 2.765048 1.787072
 1905.000000 0.066909 -3.137660 1.949182
 1906.000000 -1.482633 2.867945 1.924211
 1907.000000 0.082207 -2.573577 1.775804
 1908.000000 0.016069 -2.802680 0.953018
 1909.000000 0.244402 -2.622192 1.733576
 1910.000000 -1.583649 -2.955115 1.979209
 1911.000000 0.318057 2.580939 1.820022
 1912.000000 -0.408639 -2.428755 1.853983
 1913.000000 1.575556 -2.621937 1.587152
 1914.000000 -0.104936 -3.064881 1.823873
 1915.000000 1.173758 -3.086251 1.943643
 1916.000000 0.439265 -3.055993 1.823730
 1917.000000 0.476697 3.095037 1.930270
 1918.000000 0.418927 -2.985088 1.915044
 1919.000000 0.269506 2.982858 1.831223
 1920.000000 0.377654 -2.798920 1.123910
 1921.000000 1.761113 -3.135081 1.933106
 1922.000000 -0.364054 3.055654 1.916837
 1923.000000 -0.361214 2.701221 1.823546
 1924.000000 -0.448070 2.824512 1.916831
 1925.000000 1.201096 3.095502 1.553395
 1926.000000 -0.464215 -2.699563 1.873375
 1927.000000 -0.414770 2.769463 1.951061
 1928.000000 -0.465261 2.944879 1.929875
 1929.000000 1.139833 -3.111870 1.949227
 1930.000000 -0.453498 3.087730 1.902040
 1931.000000 1.465075 2.956696 1.904033
 1932.000000 1.290543 2.259483 1.881678
 1933.000000 1.456530 2.870406 1.847368
 1934.000000 2.121572 2.538872 1.928222
 1935.000000 -0.291114 2.588894 1.905285
 1936.000000 1.320713 -2.632251 1.976359
 1937.000000 0.466594 -1.965424 1.671532
 1938.000000 1.471043 -2.651771 1.825458
 1939.000000 -0.004301 -2.569481 1.736876
 1940.000000 0.317481 -3.056377 1.852015
 1941.000000 0.337181 -2.350136 1.634536
 1942.000000 1.104928 2.672504 1.671999
 1943.000000 -0.550300 -2.178179 1.762661
 1944.000000 -1.294004 2.806601 1.815503
 1945.000000 -0.252799 2.624146 1.905308
 1946.000000 -0.270945 -1.878097 1.765110
 1947.000000 0.161978 2.895281 1.947246
 1948.000000 -1.108041 -2.117933 1.713657
 1949.000000 0.370678 -2.378616 1.938515
 1950.000000 -1.272819 -2.867319 1.944866
 1951.000000 0.417629 -2.970566 1.916399
 1952.000000 0.426664 2.930145 1.821216
 1953.000000 1.617929 3.063307 1.954495
 1954.000000 1.298207 3.104636 1.819544
 1955.000000 -0.259798 2.903638 1.826442
 1956.000000 0.176670 -2.864383 1.851134
 1957.000000 -1.373358 2.675933 1.973624
 1958.000000 0.294100 2.727671 1.990082
 1959.000000 0.276135 -2.956001 1.936978
 1960.000000 0.246197 -3.119894 1.971056
 1961.000000 -0.354336 -2.766931 1.903121
 1962.000000 0.495860 3.131550 1.903738
 1963.000000 0.372525 -2.759214 1.962986
 1964.000000 0.291230 -2.144465 1.855640
 1965.000000 -0.382967 -2.546335 1.720689
 1966.000000 0.203342 -2.315041 1.927722
 1967.000000 -1.539997 -2.984670 1.623299
 1968.000000 0.280931 -2.598658 1.233812
 1969.000000 1.229889 -2.702723 1.025494
 1970.000000 0.357417 -2.681680 1.912673
 1971.000000 0.367317 -2.652202 1.318417
 1972.000000 -0.299551 -1.935903 1.951645
 1973.000000 1.461954 -2.876529 1.940748
 1974.000000 0.260676 -2.828399 1.805817
 1975.000000 -0.432477 -2.727078 1.572813
 1976.000000 1.262506 -2.959662 1.753093
 1977.000000 1.477786 -2.938937 1.389084
 1978.000000 0.706864 -2.455944 1.740793
 1979.000000 0.431082 -2.743381 1.457110
 1980.000000 0.483249 -2.657234 1.539758
 1981.000000 0.365523 -2.700012 1.842594
 1982.000000 0.456219 -2.766861 1.788030
 1983.000000 -0.336311 -2.555891 1.981425
 1984.000000 -0.377126 -2.755755 1.896384
 1985.000000 1.246119 -2.733689 1.455417
 1986.000000 1.208421 -2.616965 1.728442
 1987.000000 0.362521 -2.819987 1.558097
 1988.000000 -0.450723 2.837207 1.740481
 1989.000000 -0.010964 2.964894 1.780414
 1990.000000 0.449511 2.834166 1.931519
 1991.000000 0.391071 -2.699140 1.924752
 1992.000000 0.261918 -2.786288 1.920094
 1993.000000 0.523693 -2.714691 1.721504
 1994.000000 0.340029 -3.032532 1.857232
 1995.000000 0.205392 -2.848543 1.744887
 1996.000000 0.080437 -1.944150 1.847953
 1997.000000 0.295950 -1.911733 1.837986
 1998.000000 -0.047408 -2.519213 1.688517
 1999.000000 0.250273 -2.516744 1.635229
 2000.000000 0.363396 -2.178103 1.684683
 2001.000000 0.409193 -2.659122 1.859938
 2002.000000 0.231188 -1.801622 1.531816
 2003.000000 -0.483164 -2.756501 1.955909
 2004.000000 -0.032064 -2.212401 1.953305
 2005.000000 0.180152 -2.591898 1.929634
 2006.000000 -1.435543 2.849812 1.739955
 2007.000000 0.021957 2.693614 1.857432
 2008.000000 -1.156220 -1.956541 1.806957
 2009.000000 0.941535 -2.777394 1.812968
 2010.000000 0.441497 -2.536799 1.557577
 2011.000000 0.372655 -2.289684 1.862504
 2012.000000 -1.213795 -2.275420 1.905968
 2013.000000 -1.274337 -2.667318 1.792346
 2014.000000 0.160517 2.793860 1.782723
 2015.000000 0.391266 2.415371 1.898105
 2016.000000 0.129334 2.787903 1.937416
 2017.000000 0.354647 2.742198 1.890047
 2018.000000 1.131756 -2.535895 1.899661
 2019.000000 -0.428518 2.972556 1.871251
 2020.000000 0.325317 -2.471931 1.926524
 2021.000000 -0.654812 -2.113893 1.940521
 2022.000000 -0.170134 -2.381575 1.918984
 2023.000000 -0.017459 -2.692584 1.946891
 2024.000000 -0.147295 -2.837429 1.920036
 2025.000000 -1.596297 -1.967213 1.928373
 2026.000000 0.389021 -2.504637 1.980776
 2027.000000 0.510921 -2.408128 1.986404
 2028.000000 0.310204 -2.494212 1.904551
 2029.000000 0.125359 -1.980064 1.956634
 2030.000000 0.403199 -1.986050 1.724803
 2031.000000 0.478456 -3.021089 1.984748
 2032.000000 0.426401 3.090658 1.973429
 2033.000000 -1.165173 2.835319 1.746536
 2034.000000 0.147419 -2.782247 1.631560
 2035.000000 -1.443842 -2.110484 0.687855
 2036.000000 -1.365077 -2.382613 1.711454
 2037.000000 0.359441 -2.493314 1.651523
 2038.000000 -0.299304 -2.499139 1.429445
 2039.000000 1.023433 -2.488650 1.946058
 2040.000000 0.365347 -1.950285 1.804491
 2041.000000 1.313184 -2.698598 1.661946
 2042.000000 -1.179400 -2.757691 1.470027
 2043.000000 1.472505 -2.483210 1.793964
 2044.000000 0.480839 -2.852724 1.534509
 2045.000000 0.174345 -2.446475 1.858740
 2046.000000 0.265160 -3.109549 1.863367
 2047.000000 0.264846 -2.887571 1.938798
 2048.000000 0.232208 -2.811952 1.967387
 2049.000000 0.181620 -2.284159 1.987954
 2050.000000 0.160216 -2.420187 1.992227
 2051.000000 0.335712 -2.949092 1.938956
 2052.000000 0.438027 -2.236105 1.985355
 2053.000000 0.123999 2.935443 1.985621
 2054.000000 0.361477 2.608292 1.984960
 2055.000000 0.296148 -3.023436 1.944073
 2056.000000 0.360010 -2.958932 1.960622
 2057.000000 0.233725 -3.031861 1.919182
 2058.000000 0.098404 -3.131328 1.921179
 2059.000000 -0.242198 -2.666235 1.940749
 2060.000000 0.203963 -2.883374 1.511977
 2061.000000 -0.351960 -3.000311 1.797665
 2062.000000 -0.442250 -2.737984 1.802781
 2063.000000 -1.658136 -3.004922 1.942938
 2064.000000 0.372823 -2.491537 1.909453
 2065.000000 0.249415 2.936974 1.906752
 2066.000000 0.258290 -3.106309 1.884042
 2067.000000 0.097579 -2.662555 1.664447
 2068.000000 0.065992 -2.697954 1.842127
 2069.000000 0.446035 -2.914752 1.722734
 2070.000000 0.304410 -2.727548 1.489573
 2071.000000 -0.381369 -2.704828 1.811581
 2072.000000 -0.324524 -2.435315 1.796468
 2073.000000 1.157247 -2.719291 1.376476
 2074.000000 0.448181 -2.604437 1.874348
 2075.000000 1.436038 2.829556 1.904383
 2076.000000 0.264702 2.836780 1.925842
 2077.000000 0.967266 -2.459999 1.495598
 2078.000000 1.236950 -2.556041 1.835394
 2079.000000 -0.297544 -3.013887 1.945962
 2080.000000 -0.204240 -2.632793 1.924294
 2081.000000 -1.413211 -2.755703 1.804508
 2082.000000 0.163942 -2.245847 1.767004
 2083.000000 0.438784 -1.856746 1.380824
 2084.000000 0.095365 -2.312266 1.850575
 2085.000000 1.682470 -2.703524 1.130238
 2086.000000 -1.405607 -2.814830 1.844684
 2087.000000 0.140227 3.123209 1.952058
 2088.000000 0.268101 -2.884870 1.883525
 2089.000000 0.030507 -3.036721 1.486010
 2090.000000 0.814109 2.810695 1.864061
 2091.000000 0.536455 -2.908486 1.926230
 2092.000000 0.402315 2.941333 1.731469
 2093.000000 0.293148 3.008454 1.761208
 2094.000000 -0.401595 -2.662050 1.906952
 2095.000000 -0.279945 -2.299380 1.786811
 2096.000000 -1.070966 -2.905702 1.773101
 2097.000000 -1.338964 -2.623218 1.862631
 2098.000000 0.277522 2.647214 1.664999
 2099.000000 -1.345256 2.977852 1.292162
 2100.000000 -0.228873 2.716545 1.826559
 2101.000000 0.345805 -2.807689 1.365282
 2102.000000 -0.063470 -2.843910 1.880123
 2103.000000 0.076235 -2.941456 1.834355
 2104.000000 0.147683 -2.861044 1.284510
 2105.000000 0.136530 -1.803735 1.965410
 2106.000000 0.429610 -2.002630 1.957428
 2107.000000 0.323686 -2.196082 1.920344
 2108.000000 0.257919 -2.570890 1.984851
 2109.000000 0.274670 -2.813562 1.976285
 2110.000000 0.345601 -2.516246 1.988031
 2111.000000 0.119079 -2.613612 1.984659
 2112.000000 0.336288 -1.890741 1.979111
 2113.000000 0.188695 -2.512110 1.980936
 2114.000000 0.184216 -2.269908 1.993824
 2115.000000 0.118393 -2.581931 1.989497
 2116.000000 0.286743 -2.049208 1.992514
 2117.000000 0.228459 -2.862445 1.990947
 2118.000000 -0.003755 -2.010693 1.993895
 2119.000000 0.389009 -1.945559 1.917375
 2120.000000 0.191573 -2.499503 1.927311
 2121.000000 0.278040 -1.822596 1.751069
 2122.000000 0.288614 -2.383575 1.987738
 2123.000000 0.377170 -2.226120 1.909056
 2124.000000 0.176312 2.850521 1.791586
 2125.000000 -1.300725 2.599603 1.858889
 2126.000000 0.328023 -3.114174 1.812925
 2127.000000 -0.301936 -2.785577 1.760842
 2128.000000 1.528051 -2.365825 1.888071
 2129.000000 0.091285 -2.805854 1.718025
 2130.000000 -1.270445 -2.684390 1.553216
 2131.000000 0.258974 2.860704 1.512187
 2132.000000 0.364120 -2.927927 1.827248
 2133.000000 -1.569159 -2.691845 1.773011
 2134.000000 -0.255587 -2.607884 1.813619
 2135.000000 -1.499977 -2.717543 1.859010
 2136.000000 0.420927 -3.107555 1.920185
 2137.000000 1.297047 3.135594 1.940382
 2138.000000 1.109160 -3.029824 1.746824
 2139.000000 -1.492858 -2.821786 1.908912
 2140.000000 -0.278641 3.006351 1.926805
 2141.000000 0.344624 -2.246108 1.961569
 2142.000000 -0.278716 -1.763390 1.961062
 2143.000000 0.891176 -2.417838 1.971277
 2144.000000 0.556988 -2.455540 1.905768
 2145.000000 0.259056 -2.937203 1.873850
 2146.000000 -0.020409 -2.851535 0.946074
 2147.000000 1.095440 -2.629763 1.965292
 2148.000000 0.474610 -2.984511 1.693731
 2149.000000 0.290045 -2.141784 1.242696
 2150.000000 0.302436 -2.398530 1.521885
 2151.000000 -0.407420 -2.819623 1.777159
 2152.000000 0.426427 -2.155338 1.963402
 2153.000000 0.035076 -1.555712 1.800986
 2154.000000 0.149459 -2.672026 1.588107
 2155.000000 1.382754 -2.832454 1.722714
 2156.000000 0.130607 2.850245 1.108026
 2157.000000 -0.189528 -3.037087 1.797035
 2158.000000 0.040936 -2.844903 1.915058
 2159.000000 0.306125 2.952639 1.949719
 2160.000000 0.238743 -2.785216 1.966428
 2161.000000 0.331715 -2.981402 1.882640
 2162.000000 0.391061 -3.012503 1.895994
 2163.000000 0.357114 -3.121219 1.813838
 2164.000000 0.487146 -3.000503 1.918335
 2165.000000 0.433381 2.681630 1.874037
 2166.000000 0.344491 2.768523 1.884482
 2167.000000 0.427052 2.746981 1.934853
 2168.000000 0.442802 3.018669 1.888285
 2169.000000 0.379794 -3.129973 1.898967
 2170.000000 0.071108 -2.683318 1.863614
 2171.000000 0.468766 3.075027 1.856793
 2172.000000 0.408912 3.068832 1.877789
 2173.000000 0.411012 2.926413 1.938546
 2174.000000 0.416673 2.905717 1.939953
 2175.000000 0.359321 2.800832 1.918328
 2176.000000 0.309068 -3.074969 1.917083
 2177.000000 0.353114 2.826665 1.883830
 2178.000000 0.405911 3.108311 1.857928
 2179.000000 0.380804 2.734598 1.849394
 2180.000000 0.229328 2.657800 1.847251
 2181.000000 0.329400 2.849317 1.929059
 2182.000000 0.468956 3.074391 1.937491
 2183.000000 0.172637 2.959451 1.860123
 2184.000000 0.421384 -2.700137 1.896014
 2185.000000 0.438309 2.644555 1.939858
 2186.000000 0.493141 -3.083824 1.872326
 2187.000000 0.285462 -3.004859 1.878733
 2188.000000 0.350886 2.772126 1.865593
 2189.000000 0.476026 3.056521 1.865915
 2190.000000 0.065592 3.079521 1.895643
 2191.000000 0.380415 2.903842 1.887008
 2192.000000 0.188738 2.771787 1.903838
 2193.000000 0.341033 2.856992 1.877388
 2194.000000 0.497324 2.502572 1.901531
 2195.000000 0.251944 -3.138780 1.936259
 2196.000000 0.379524 3.139858 1.854962
 2197.000000 -0.856013 2.400987 1.829121
 2198.000000 0.314879 2.877527 1.939304
 2199.000000 0.353941 -3.130367 1.916535
 2200.000000 0.296081 2.843515 1.892048
 2201.000000 0.291428 2.859683 1.888764
 2202.000000 0.234067 -3.101879 1.863426
 2203.000000 0.406106 3.114372 1.890472
 2204.000000 0.431670 2.895442 1.890323
 2205.000000 0.355691 2.488246 1.903417
 2206.000000 0.456605 2.750699 1.878626
 2207.000000 0.501229 -3.094934 1.945479
 2208.000000 0.392798 2.935244 1.914719
 2209.000000 0.396922 2.795503 1.873052
 2210.000000 0.438618 3.113653 1.860509
 2211.000000 0.454594 3.104316 1.955553
 2212.000000 0.352050 2.769977 1.876451
 2213.000000 0.490592 2.944398 1.864079
 2214.000000 0.335728 2.694473 1.863915
 2215.000000 0.188515 -3.094191 1.298687
 2216.000000 0.237549 2.978104 1.876102
 2217.000000 0.064958 -2.365463 1.893778
 2218.000000 -0.505639 -2.841764 1.919555
 2219.000000 -0.270244 -2.664221 1.931726
 2220.000000 1.375119 -2.630930 1.939276
 2221.000000 1.066290 2.792098 1.948449
 2222.000000 -0.206667 -2.531316 1.949919
 2223.000000 0.345545 2.963591 1.911768
 2224.000000 0.272459 -3.023196 1.939192
 2225.000000 0.376996 -2.755948 1.948851
 2226.000000 0.481877 -1.903463 1.977039
 2227.000000 -1.317279 -2.251465 1.539595
 2228.000000 -1.676759 -2.127220 1.539383
 2229.000000 0.270789 -2.829479 1.796285
 2230.000000 -1.074048 3.002904 1.621209
 2231.000000 0.319931 -3.087043 1.614170
 2232.000000 -1.156788 -2.746794 1.868514
 2233.000000 0.093738 -2.876517 1.770370
 2234.000000 0.414984 3.134401 1.861319
 2235.000000 0.252040 2.687959 1.884552
 2236.000000 -0.332134 -2.664402 1.698127
 2237.000000 -1.253095 2.882384 1.849491
 2238.000000 -0.430500 -3.008795 1.911782
 2239.000000 0.479871 -2.625594 0.934350
 2240.000000 0.223820 -2.638661 1.552947
 2241.000000 1.316904 2.715625 1.759393
 2242.000000 0.662581 -2.494802 1.489984
 2243.000000 0.331935 -2.134448 1.385527
 2244.000000 -0.401573 2.779704 1.779041
 2245.000000 0.165367 -2.056979 1.773426
 2246.000000 0.375311 -2.603705 1.611329
 2247.000000 0.365981 -2.440593 1.457160
 2248.000000 -0.214317 -2.850908 1.797126
 2249.000000 -0.388693 -2.822736 1.838863
 2250.000000 -0.463278 -2.767082 1.864275
 2251.000000 0.578638 -2.258346 1.280579
 2252.000000 -0.010508 2.766430 1.928557
 2253.000000 0.392482 -3.122512 1.799545
 2254.000000 0.405892 2.532084 1.728760
 2255.000000 1.264753 -2.917000 1.748621
 2256.000000 -1.037953 -2.593661 1.630820
 2257.000000 -1.108986 3.045302 1.598194
 2258.000000 -0.561961 2.652500 1.754795
 2259.000000 0.245579 2.679038 1.906750
 2260.000000 0.496654 3.063051 1.492962
 2261.000000 -0.792982 3.100327 1.855192
 2262.000000 0.413603 -2.374505 1.878182
 2263.000000 0.379273 -2.707537 1.469522
 2264.000000 -0.082616 -1.620897 1.178976
 2265.000000 0.864578 2.660835 0.958671
 2266.000000 0.076752 -2.227535 1.623061
 2267.000000 0.377353 -2.678924 1.161958
 2268.000000 0.791952 -2.218874 1.860046
 2269.000000 0.687659 -2.960117 1.904813
 2270.000000 1.526312 -2.714136 1.941607
 2271.000000 -1.283223 -2.512071 1.932076
 2272.000000 0.434684 -2.801756 1.722717
 2273.000000 0.203355 3.054967 1.801697
 2274.000000 0.328533 -2.635531 1.061421
 2275.000000 0.475792 -2.468823 1.451783
 2276.000000 0.387837 2.643216 1.789482
 2277.000000 -0.261954 -3.054317 1.747293
 2278.000000 -1.825037 -3.060969 1.794923
 2279.000000 1.764040 -2.802061 1.408774
 2280.000000 -0.494900 2.778913 1.859439
 2281.000000 0.385806 -1.917345 1.759728
 2282.000000 0.035947 -2.796938 1.956843
 2283.000000 1.303954 2.997298 1.979368
 2284.000000 -0.371884 2.806572 1.934985
 2285.000000 -0.435750 2.873018 1.415150
 2286.000000 0.396272 2.891592 1.395750
 2287.000000 0.455124 2.679408 1.496889
 2288.000000 0.271300 -2.932862 1.761399
 2289.000000 0.164028 2.873613 1.766870
 2290.000000 0.267761 -2.964666 1.950239
 2291.000000 0.263473 2.887514 1.963720
 2292.000000 0.416317 -2.638971 1.881271
 2293.000000 0.354128 -2.819380 1.302422
 2294.000000 0.342574 -1.787247 1.719560
 2295.000000 0.553303 -2.587557 1.738870
 2296.000000 -1.223095 -2.911253 1.464159
 2297.000000 -1.027416 -2.441125 1.691919
 2298.000000 0.285265 -2.520235 1.480888
 2299.000000 0.306115 -2.786415 1.818357
 2300.000000 0.455533 -1.969381 1.755860
 2301.000000 1.405361 -2.630915 1.583149
 2302.000000 0.374973 2.754262 1.968700
 2303.000000 -0.436886 -2.929714 1.801936
 2304.000000 -0.436709 2.776964 1.859382
 2305.000000 0.455854 -2.621299 1.936532
 2306.000000 0.202312 -2.554120 1.792849
 2307.000000 -1.188007 -2.850193 1.838577
 2308.000000 0.357624 -2.546327 1.851311
 2309.000000 0.249518 3.054077 1.761325
 2310.000000 -1.666427 -2.698234 1.928991
 2311.000000 -0.420766 -2.711658 1.784964
 2312.000000 -0.403694 -2.733719 1.747209
 2313.000000 -0.530494 -2.666854 1.052690
 2314.000000 -1.663052 -2.749534 1.856746
 2315.000000 0.346478 2.706517 1.742287
 2316.000000 -1.253104 -2.939638 1.890723
 2317.000000 0.384857 2.693307 1.944492
 2318.000000 0.353817 -3.120270 1.899539
 2319.000000 1.223399 2.706163 1.918298
 2320.000000 0.437531 -2.635548 1.675323
 2321.000000 -0.240560 2.586851 1.933412
 2322.000000 0.263154 2.670050 1.932059
 2323.000000 1.135102 -2.452291 1.846119
 2324.000000 0.433279 -2.581953 1.775284
 2325.000000 0.098190 -2.558963 1.835635
 2326.000000 0.748246 -2.466849 1.272713
 2327.000000 0.199080 -2.657208 1.889526
 2328.000000 0.446684 -3.100050 1.511153
 2329.000000 -1.148490 -3.001355 1.795001
 2330.000000 -0.275410 2.815802 1.313615
 2331.000000 -0.434428 2.869639 1.525864
 2332.000000 0.288846 3.056338 1.772604
 2333.000000 1.064768 -2.777673 1.478846
 2334.000000 0.122751 -2.696661 1.857016
 2335.000000 -1.071517 -2.728806 1.780558
 2336.000000 -1.505112 2.947731 1.831266
 2337.000000 0.330082 3.101550 1.877330
 2338.000000 -0.194405 -2.634208 1.964713
 2339.000000 0.163692 -2.097540 1.890776
 2340.000000 -1.508950 -3.061408 1.848665
 2341.000000 0.070273 -3.109688 1.893103
 2342.000000 0.319080 -2.978060 1.908137
 2343.000000 0.049166 -2.983150 1.937644
 2344.000000 0.192264 3.018226 1.920518
 2345.000000 -1.376679 2.709612 1.886094
 2346.000000 0.378753 3.118781 1.880539
 2347.000000 -1.308748 -2.780428 1.890549
 2348.000000 -0.146044 -2.905978 1.861200
 2349.000000 0.043156 3.042860 1.765849
 2350.000000 -1.484946 2.929377 1.882616
 2351.000000 -0.982039 -2.662727 1.862609
 2352.000000 0.389463 -2.097186 1.015316
 2353.000000 -0.342732 2.870224 1.916057
 2354.000000 0.433078 -2.681431 1.188243
 2355.000000 0.264047 -2.737777 1.572483
 2356.000000 -0.413150 -2.915585 1.914620
 2357.000000 1.229308 -2.534495 1.418421
 2358.000000 -1.630481 -2.588032 1.519929
 2359.000000 0.063051 -2.268413 1.737218
 2360.000000 0.431497 -2.572258 1.686658
 2361.000000 -0.390114 -2.485138 1.933093
 2362.000000 -0.335588 -2.848053 1.676630
 2363.000000 0.294004 -2.793773 1.773072
 2364.000000 0.515328 -2.709333 1.360082
 2365.000000 -1.681672 -2.456355 1.389464
 2366.000000 0.464176 -2.684003 1.853746
 2367.000000 1.162008 2.609862 1.610905
 2368.000000 0.334989 2.598819 1.302834
 2369.000000 -1.297004 -3.130879 1.872715
 2370.000000 -0.302410 2.705579 1.924375
 2371.000000 1.301312 2.533919 1.903160
 2372.000000 0.983669 -3.066508 1.549071
 2373.000000 -0.270897 -2.905762 1.672494
 2374.000000 0.077404 -2.960639 1.749930
 2375.000000 -1.550036 2.741921 1.664646
 2376.000000 0.516373 -3.072265 1.783819
 2377.000000 0.327566 2.391294 1.827893
 2378.000000 -1.274241 2.877523 1.896207
 2379.000000 0.354704 -2.708262 1.905564
 2380.000000 0.175966 2.891425 1.857373
 2381.000000 -0.468465 2.781756 1.887215
 2382.000000 0.112628 -2.626230 1.337473
 2383.000000 -0.339212 -2.540491 1.780771
 2384.000000 0.038602 -2.807822 1.831659
 2385.000000 0.434081 3.130861 1.513515
 2386.000000 0.430391 -2.812905 1.410863
 2387.000000 0.193199 -2.644760 1.403232
 2388.000000 -0.384681 -2.815198 1.886188
 2389.000000 0.365820 -2.603207 1.906385
 2390.000000 0.203362 -2.824155 1.844458
 2391.000000 -1.185567 -3.075152 1.456871
 2392.000000 -1.404473 -2.696714 1.537382
 2393.000000 -0.426279 -2.672780 1.725775
 2394.000000 0.419101 -2.971833 1.781778
 2395.000000 -0.333026 2.743190 1.460760
 2396.000000 1.727226 -3.041305 1.758760
 2397.000000 1.134353 2.218678 1.966033
 2398.000000 0.038321 -2.839125 1.773937
 2399.000000 0.365996 -2.877158 1.911445
 2400.000000 1.410418 -3.095536 1.640149
 2401.000000 0.454686 2.875660 1.915951
 2402.000000 0.247894 -2.835625 1.909041
 2403.000000 -0.308424 3.032439 1.906407
 2404.000000 0.486407 -2.962818 1.194097
 2405.000000 0.171273 3.090683 1.879790
 2406.000000 1.348763 3.018824 1.794216
 2407.000000 0.192741 -2.607796 1.876804
 2408.000000 -1.343888 -3.064451 1.230280
 2409.000000 -0.397828 -2.379191 1.877794
 2410.000000 -0.637094 -2.341139 1.958989
 2411.000000 0.115375 -2.973486 1.797836
 2412.000000 1.386255 -2.614323 1.827035
 2413.000000 0.426744 3.027804 1.699047
 2414.000000 -0.170998 -1.830666 1.473870
 2415.000000 0.393474 -2.934777 1.864372
 2416.000000 0.108545 2.921079 1.799501
 2417.000000 0.378449 2.390701 1.661148
 2418.000000 -0.300081 -2.728423 1.625442
 2419.000000 -1.291245 -2.908937 1.685038
 2420.000000 0.172412 -2.750373 1.234914
 2421.000000 0.940291 -2.330954 1.600380
 2422.000000 0.313370 3.002454 1.294241
 2423.000000 0.261778 -2.726101 1.973354
 2424.000000 0.300376 -2.849850 1.986533
 2425.000000 -1.703140 2.611219 1.665747
 2426.000000 -0.187657 3.075981 1.815180
 2427.000000 -0.315681 3.140953 1.694808
 2428.000000 0.347376 2.983347 1.593524
 2429.000000 -0.313774 2.921773 1.394160
 2430.000000 0.432415 -2.711359 1.443081
 2431.000000 0.014329 -2.923144 1.641064
 2432.000000 -0.462620 -2.869226 1.456926
 2433.000000 -0.269159 -2.670224 1.772354
 2434.000000 0.235134 2.847947 1.977936
 2435.000000 -0.138564 3.096472 1.457668
 2436.000000 1.138726 -2.743286 1.788277
 2437.000000 0.418561 3.015341 1.905099
 2438.000000 -0.362801 -2.962226 1.904853
 2439.000000 -0.387468 -2.934198 1.924061
 2440.000000 0.428448 -2.991639 1.944017
 2441.000000 0.379461 2.522115 1.842885
 2442.000000 -1.504351 2.526804 1.854507
 2443.000000 1.220263 -2.259419 1.703514
 2444.000000 0.108138 3.101038 1.692789
 2445.000000 -1.146520 2.836647 1.782541
 2446.000000 -0.420871 2.923015 1.727832
 2447.000000 -1.481604 -3.075099 1.753380
 2448.000000 0.301696 -2.947833 1.568794
 2449.000000 -0.462996 -2.647310 1.646125
 2450.000000 0.322408 -2.497651 1.670414
 2451.000000 0.413309 -2.724219 1.916892
 2452.000000 -0.560944 -2.396163 1.922153
 2453.000000 -1.561057 2.887496 1.831723
 2454.000000 -1.512235 -2.780848 1.961253
 2455.000000 1.243700 -2.822197 1.573114
 2456.000000 0.510993 -2.840854 1.539831
 2457.000000 0.292013 -2.420516 1.883188
 2458.000000 0.332473 -2.398857 1.827913
 2459.000000 1.039240 -2.680599 1.899490
 2460.000000 0.473588 -2.515875 1.791798
 2461.000000 0.882048 2.531722 1.952957
 2462.000000 -0.203237 -2.712597 1.748443
 2463.000000 -0.576176 2.952136 1.813117
 2464.000000 -0.506200 2.909912 1.777063
 2465.000000 -0.131040 2.704132 1.793047
 2466.000000 -1.365173 2.418445 1.889543
 2467.000000 -0.262369 -3.001144 1.778263
 2468.000000 1.201026 -2.773374 1.921243
 2469.000000 0.505408 -2.860421 1.737732
 2470.000000 0.478071 2.767451 1.943980
 2471.000000 0.458106 -2.626195 1.906527
 2472.000000 0.483377 -2.857159 1.954499
 2473.000000 -0.969306 -2.964772 1.374983
 2474.000000 0.347778 -3.106125 1.905332
 2475.000000 -1.394835 -2.789723 1.698714
 2476.000000 0.418719 -2.725159 1.740170
 2477.000000 0.265522 2.937785 1.902435
 2478.000000 0.457067 -2.987924 1.654938
 2479.000000 -1.581907 -2.807869 1.816887
 2480.000000 -0.051803 -2.270140 1.854262
 2481.000000 -0.427844 -3.079029 1.885995
 2482.000000 0.248880 2.680666 1.912452
 2483.000000 -1.400448 -2.987116 1.869068
 2484.000000 0.283298 2.502029 1.744582
 2485.000000 -0.277921 -2.759562 1.938685
 2486.000000 -0.526388 -2.939958 1.920165
 2487.000000 0.539391 -2.982437 1.954788
 2488.000000 1.134126 2.906023 1.853506
 2489.000000 -0.300327 2.425856 1.916717
 2490.000000 -1.262650 -3.069240 1.820313
 2491.000000 -0.234038 2.712521 1.634142
 2492.000000 -1.695755 -2.576621 1.316269
 2493.000000 -0.556891 -2.681621 1.554041
 2494.000000 -0.400299 -3.007344 1.709251
 2495.000000 0.304899 -2.689978 1.896267
 2496.000000 0.384659 -3.081671 1.629403
 2497.000000 0.039193 -2.584252 1.631477
 2498.000000 0.508236 2.782358 1.618398
 2499.000000 -0.456975 -2.934746 1.729651
 2500.000000 -0.974830 3.076194 1.951461
 2501.000000 -0.583952 -2.330311 1.800764
 2502.000000 -1.657484 2.852332 1.822270
 2503.000000 -0.673600 -3.003606 1.553075
 2504.000000 -1.545848 2.858217 1.906380
 2505.000000 0.781122 -2.598984 1.208507
 2506.000000 -0.449109 -2.655872 1.889727
 2507.000000 -0.385703 -2.371915 1.865313
 2508.000000 -0.390781 -2.775500 1.853024
 2509.000000 0.486667 -2.264042 1.946656
 2510.000000 -0.374134 -2.143161 1.861102
 2511.000000 0.538929 3.109411 1.628343
 2512.000000 -1.663549 -2.056348 1.905948
 2513.000000 0.192538 -2.815751 1.339433
 2514.000000 0.159835 -2.631007 1.914790
 2515.000000 0.456469 -3.051086 1.817665
 2516.000000 0.474044 -2.756461 1.510848
 2517.000000 0.525260 2.753884 1.843505
 2518.000000 -1.801424 2.625203 1.735932
 2519.000000 -1.029813 3.109278 1.874960
 2520.000000 -0.123083 -2.838983 1.514820
 2521.000000 0.277810 -2.787653 1.633146
 2522.000000 -0.209011 -2.588394 1.826461
 2523.000000 -1.684237 2.773861 1.495871
 2524.000000 -0.332313 -2.177715 1.697125
 2525.000000 0.374410 -2.524998 1.951779
 2526.000000 0.544328 2.912611 1.508289
 2527.000000 0.288963 -2.727506 1.755297
 2528.000000 1.816992 2.793422 1.834389
 2529.000000 0.451131 -2.669415 1.340042
 2530.000000 0.453174 -2.946973 1.177856
 2531.000000 0.173754 -2.834530 1.102382
 2532.000000 -0.421784 -2.802809 1.437097
 2533.000000 1.674802 -2.597853 1.555668
 2534.000000 0.313027 2.687486 1.237945
 2535.000000 0.407237 -2.864751 1.787660
 2536.000000 0.185311 -2.722831 1.632534
 2537.000000 1.367634 -2.415456 1.811391
 2538.000000 0.417606 -2.893404 1.943966
 2539.000000 0.399870 -2.684317 1.658968
 2540.000000 -0.065110 -2.932293 1.624342
 2541.000000 -1.705654 2.860604 1.842701
 2542.000000 0.585099 -2.722243 0.961418
 2543.000000 0.117875 -2.541731 1.286348
 2544.000000 -0.481031 -3.059955 1.884962
 2545.000000 -0.161777 2.872638 1.794100
 2546.000000 -0.096445 -2.221533 1.953332
 2547.000000 0.264423 -3.085377 1.858785
 2548.000000 0.441247 -2.397584 1.917816
 2549.000000 0.242504 -0.785384 1.829027
 2550.000000 -0.492789 -2.626228 1.438344
 2551.000000 0.040250 2.924237 1.916792
 2552.000000 1.507553 -2.619929 1.952639
 2553.000000 0.295649 -3.018852 1.828513
 2554.000000 -0.492242 -3.072872 1.700848
 2555.000000 0.727094 -3.082293 1.637527
 2556.000000 0.802301 -3.005601 1.739882
 2557.000000 0.335158 3.120708 1.790446
 2558.000000 -1.631755 2.768873 1.934684
 2559.000000 0.368772 -3.050393 1.809443
 2560.000000 0.497150 -2.897146 1.845370
 2561.000000 1.168828 2.860714 1.560890
 2562.000000 -0.863180 -3.004161 1.728169
 2563.000000 0.131529 2.794193 1.789594
 2564.000000 -1.627738 -3.020906 1.809177
 2565.000000 0.030323 -3.017826 1.487403
 2566.000000 0.512629 -2.846932 1.808506
 2567.000000 -0.326819 -2.239503 1.436640
 2568.000000 0.210150 2.683562 1.085042
 2569.000000 -0.539075 -2.408424 1.740708
 2570.000000 1.391891 -2.130493 1.754735
 2571.000000 0.310331 -2.212811 1.724766
 2572.000000 -1.607436 -2.829168 1.670117
 2573.000000 0.336405 -2.310687 1.893203
 2574.000000 -0.030109 -1.965981 1.966476
 2575.000000 0.219681 -2.518934 1.986642
 2576.000000 0.162476 -2.487743 1.985903
 2577.000000 0.232254 -2.237505 1.957778
 2578.000000 0.169025 -2.409879 1.962357
 2579.000000 0.137341 -2.285487 1.973664
 2580.000000 0.369712 -2.146422 1.957893
 2581.000000 0.322351 -3.039199 1.965977
 2582.000000 0.319193 -2.643359 1.957682
 2583.000000 0.305411 -2.244306 1.957027
 2584.000000 0.226230 -2.533328 1.954581
 2585.000000 0.288141 -2.671947 1.954269
 2586.000000 0.400920 -2.023306 1.980857
 2587.000000 0.173050 -2.677854 1.943110
 2588.000000 0.349091 -2.098588 1.979378
 2589.000000 -1.584146 -2.489133 1.984205
 2590.000000 0.262427 -1.928865 1.961165
 2591.000000 0.221610 -2.578306 1.984729
 2592.000000 0.196560 -2.434932 1.936114
 2593.000000 0.261127 -2.735456 1.964897
 2594.000000 0.321146 -2.219374 1.944720
 2595.000000 0.296518 -2.344525 1.959419
 2596.000000 0.332245 -2.077489 1.973707
 2597.000000 0.304771 -2.213681 1.944861
 2598.000000 0.417326 -2.375385 1.961564
 2599.000000 0.329091 -2.814246 1.947150
 2600.000000 0.448964 -2.331292 1.951597
 2601.000000 0.357290 -2.557623 1.942919
 2602.000000 0.373051 -2.192264 1.949109
 2603.000000 0.364750 -2.012145 1.949932
 2604.000000 0.365998 -2.252625 1.982682
 2605.000000 0.207536 -2.881110 1.989242
 2606.000000 0.104583 -2.102360 1.814223
 2607.000000 -0.218785 -2.273222 1.871458
 2608.000000 -0.394534 -2.228895 1.947945
 2609.000000 -0.086271 -2.968431 1.973889
 2610.000000 -0.241525 -2.574951 1.988124
 2611.000000 -0.161387 -2.042331 1.989117
 2612.000000 -0.344420 -1.881472 1.931222
 2613.000000 -0.303005 -2.480209 1.880555
 2614.000000 -0.462021 -2.119990 1.987575
 2615.000000 -0.200106 -2.601566 1.913990
 2616.000000 -0.223734 -2.187489 1.924448
 2617.000000 -0.313742 -2.478006 1.925284
 2618.000000 -0.238968 -2.561523 1.860335
 2619.000000 -0.334542 -2.634455 1.925939
 2620.000000 -0.482794 -2.091735 1.983718
 2621.000000 -0.658669 -2.278362 1.967647
 2622.000000 1.349619 -3.024246 1.914475
 2623.000000 1.388351 -3.137755 1.940565
 2624.000000 0.296907 -2.454973 1.965153
 2625.000000 0.367830 -2.443530 1.866527
 2626.000000 0.282559 -2.851323 1.866521
 2627.000000 0.271288 -2.635397 1.971112
 2628.000000 0.302412 -2.326865 1.966735
 2629.000000 0.433810 -2.721861 1.956915
 2630.000000 0.120989 -2.354440 1.962962
 2631.000000 0.312700 -2.443376 1.789287
 2632.000000 0.296468 -2.034263 1.919746
 2633.000000 0.197909 -2.493595 1.977118
 2634.000000 0.282344 -2.907466 1.982020
 2635.000000 0.346377 -1.917995 1.971243
 2636.000000 0.347825 -2.529437 1.962259
 2637.000000 0.219809 -2.436732 1.961222
 2638.000000 0.369723 -2.601011 1.953058
 2639.000000 0.210508 -1.986312 1.851092
 2640.000000 0.101510 -2.023002 1.934150
 2641.000000 0.232422 -2.542572 1.975964
 2642.000000 0.283507 -2.301075 1.948525
 2643.000000 0.221280 -2.152872 1.963578
 2644.000000 0.402720 -2.746299 1.947276
 2645.000000 0.391823 -2.157968 1.962237
 2646.000000 -1.881884 -2.640209 1.945221
 2647.000000 1.187842 -1.953704 1.850186
 2648.000000 0.393029 -2.606784 1.885796
 2649.000000 0.172523 3.034345 1.926701
 2650.000000 -0.380952 -3.108226 1.946816
 2651.000000 0.491253 2.862394 1.915681
 2652.000000 0.185550 2.948974 1.920261
 2653.000000 0.129610 3.054670 1.947694
 2654.000000 -1.325618 -2.308621 1.942063
 2655.000000 -0.635222 -1.989024 1.918409
 2656.000000 0.415316 -2.348135 1.938697
 2657.000000 -0.444314 -1.809494 1.947317
 2658.000000 0.431282 -3.073870 1.944516
 2659.000000 1.421653 -2.758184 1.926065
 2660.000000 0.415717 2.778465 1.514300
 2661.000000 0.472951 2.642304 1.763580
 2662.000000 0.384621 2.776607 1.715180
 2663.000000 -1.843914 2.689667 1.080874
 2664.000000 0.254052 -2.378112 1.416927
 2665.000000 -1.318711 -2.818060 0.907340
 2666.000000 1.386127 -2.702636 1.891623
 2667.000000 0.063705 -2.895123 1.926159
 2668.000000 1.316675 2.856110 1.911662
 2669.000000 0.483361 -2.304637 1.715730
 2670.000000 0.702801 3.090931 1.865947
 2671.000000 0.136770 2.526689 1.921393
 2672.000000 -1.106634 2.604276 1.985711
 2673.000000 0.435646 -2.768966 1.478346
 2674.000000 -1.062956 -3.077533 1.953386
 2675.000000 0.060552 -3.035051 1.958649
 2676.000000 0.439899 -2.989484 1.940913
 2677.000000 0.285845 2.771346 1.964313
 2678.000000 0.276304 -3.011745 1.957477
 2679.000000 -1.392435 3.107739 1.929312
 2680.000000 -0.475616 -2.350780 1.458288
 2681.000000 -0.518551 -2.946777 1.761399
 2682.000000 -0.430160 -2.453025 1.872362
 2683.000000 -1.589201 -2.111812 1.887224
 2684.000000 0.193532 -1.748141 1.936411
 2685.000000 0.402678 -2.880582 1.527713
 2686.000000 0.262667 2.862432 1.771420
 2687.000000 0.249557 -2.951696 1.852844
 2688.000000 -0.473741 -2.736024 1.515329
 2689.000000 0.406723 2.872249 1.746826
 2690.000000 0.467949 2.276841 1.344616
 2691.000000 0.065249 -2.847107 1.884626
 2692.000000 0.309160 -2.357118 1.312734
 2693.000000 0.277787 -2.602908 1.265018
 2694.000000 0.223591 -1.971204 1.816791
 2695.000000 -1.501507 -2.633421 1.744385
 2696.000000 -0.296842 2.593770 1.699374
 2697.000000 -0.334967 2.453186 1.834114
 2698.000000 0.551523 3.055538 1.553403
 2699.000000 0.112074 -2.476846 1.965193
 2700.000000 0.336439 -1.820242 1.969690
 2701.000000 0.425929 -2.204690 1.965961
 2702.000000 0.217675 -2.522315 1.988382
 2703.000000 0.373641 -2.734160 1.968939
 2704.000000 0.178007 -2.877476 1.971972
 2705.000000 0.202172 -2.502139 1.964578
 2706.000000 0.294900 -2.780186 1.967533
 2707.000000 0.222583 -2.356247 1.968757
 2708.000000 0.226658 -2.722187 1.946301
 2709.000000 0.270891 -2.501058 1.963270
 2710.000000 0.281868 -2.210666 1.697289
 2711.000000 0.387091 -2.803519 1.666913
 2712.000000 0.074415 -2.819022 1.773576
 2713.000000 0.421992 -2.955015 1.838533
 2714.000000 0.099111 -2.454808 1.864257
 2715.000000 0.224424 -1.867673 1.897706
 2716.000000 0.205479 -2.251661 1.853213
 2717.000000 0.187413 -2.748114 1.876606
 2718.000000 0.354692 -2.178065 1.870787
 2719.000000 -0.128858 -2.529700 1.760180
 2720.000000 -0.157523 -2.000900 1.818819
 2721.000000 -0.528457 -2.699523 1.439070
 2722.000000 0.298317 -2.926938 1.862385
 2723.000000 -0.351328 3.108066 1.820652
 2724.000000 1.446028 -2.841832 1.887136
 2725.000000 -0.350444 3.117284 1.911871
 2726.000000 1.281169 -2.675915 1.907982
 2727.000000 0.508101 2.788644 1.929335
 2728.000000 -0.740730 -2.599748 1.625269
 2729.000000 -1.333885 -2.908621 1.932652
 2730.000000 0.353139 -2.403102 1.973857
 2731.000000 0.151938 -2.833548 1.946949
 2732.000000 -0.474868 -2.874288 1.907700
 2733.000000 0.314268 -2.999605 1.935953
 2734.000000 0.380783 3.036250 1.968097
 2735.000000 1.571129 -2.545046 1.967646
 2736.000000 1.249161 3.133483 1.975168
 2737.000000 -0.377415 -3.054980 1.959221
 2738.000000 1.609148 -2.696695 1.992926
 2739.000000 1.713204 2.605203 1.986612
 2740.000000 -0.506170 2.149430 1.992030
 2741.000000 1.204437 -3.110832 1.993781
 2742.000000 0.471677 -2.999775 1.937994
 2743.000000 -1.317608 -2.993350 1.962348
 2744.000000 0.390407 -2.990079 1.981887
 2745.000000 0.428552 -3.098491 1.960453
 2746.000000 0.328269 -3.044317 1.782630
 2747.000000 0.194767 -2.534293 1.950862
 2748.000000 -0.173966 -2.978717 1.865387
 2749.000000 1.517436 -2.982628 1.939438
 2750.000000 -1.040145 -1.782119 1.636483
 2751.000000 -1.293817 2.720229 1.521336
 2752.000000 -1.306459 -3.079169 1.873872
 2753.000000 0.336010 -2.563799 1.181517
 2754.000000 0.468173 2.654374 1.930969
 2755.000000 -1.001216 2.968913 1.955333
 2756.000000 -0.858170 2.987681 1.831383
 2757.000000 0.157392 2.830240 1.803816
 2758.000000 -0.366118 2.393979 1.696051
 2759.000000 -1.838096 -2.831027 1.404020
 2760.000000 -0.254718 -2.641957 1.704445
 2761.000000 -1.309630 2.973800 1.711446
 2762.000000 0.393884 2.576619 1.830755
 2763.000000 -1.370959 2.674981 1.798038
 2764.000000 -1.478698 2.935629 1.881023
 2765.000000 -1.266323 2.690806 1.888956
 2766.000000 -0.241768 3.099486 1.915793
 2767.000000 0.042863 -2.618331 1.626807
 2768.000000 -0.723630 -2.976082 1.965121
 2769.000000 -0.480839 2.897333 1.761835
 2770.000000 -0.619165 -2.600792 1.715839
 2771.000000 -0.459510 -2.721611 1.579878
 2772.000000 0.401600 2.908634 1.865116
 2773.000000 0.219183 -2.903842 1.900432
 2774.000000 0.477169 2.435497 1.793356
 2775.000000 0.426095 3.121827 1.825851
 2776.000000 0.629865 2.890082 1.501392
 2777.000000 0.196853 -3.134292 1.840855
 2778.000000 0.410090 -2.835595 1.929473
 2779.000000 0.151752 -2.519829 1.295729
 2780.000000 -1.795774 -2.663809 1.563141
 2781.000000 0.483863 -2.676722 1.757236
 2782.000000 0.354114 2.749850 1.761835
 2783.000000 0.069519 2.646988 1.927144
 2784.000000 0.121494 -3.097021 1.601430
 2785.000000 0.372766 -2.260658 1.764128
 2786.000000 1.359158 -2.223981 1.773117
 2787.000000 0.371110 -2.279343 1.696633
 2788.000000 -0.877122 -2.239426 1.778011
 2789.000000 -0.426367 2.537589 1.113434
 2790.000000 0.440099 2.764571 1.860621
 2791.000000 0.303152 -2.930446 1.618975
 2792.000000 0.458167 -2.742946 1.917577
 2793.000000 1.447549 -2.730300 1.569322
 2794.000000 1.239662 -2.781554 1.645936
 2795.000000 0.314149 -2.859410 1.372028
 2796.000000 -0.908930 -3.121909 1.925675
 2797.000000 -0.622977 2.902381 1.833152
 2798.000000 -0.469779 2.684815 1.890152
 2799.000000 0.320940 2.992767 1.943035
 2800.000000 0.347593 -2.956033 1.913076
 2801.000000 0.167336 -2.641886 1.319515
 2802.000000 -0.599355 2.687532 1.931073
 2803.000000 -1.545102 3.036079 1.672547
 2804.000000 -1.455046 3.081048 1.783031
 2805.000000 -1.394419 -3.115102 1.842596
 2806.000000 1.036083 -2.686588 1.961405
 2807.000000 1.085910 -3.026499 1.784598
 2808.000000 0.164978 -2.195175 1.784271
 2809.000000 0.210518 -2.563177 1.744204
 2810.000000 0.234857 -2.744224 1.805043
 2811.000000 0.475441 -2.773687 1.870051
 2812.000000 0.161834 2.611924 1.809817
 2813.000000 0.266051 -2.184910 1.795895
 2814.000000 1.343870 -2.711656 1.860248
 2815.000000 -1.680613 -3.117718 1.957602
 2816.000000 0.431025 2.885303 1.889582
 2817.000000 -0.503630 -2.688862 1.634954
 2818.000000 0.200086 -1.596913 1.655510
 2819.000000 -2.060383 -2.685520 1.572107
 2820.000000 0.230953 -2.821312 1.487422
 2821.000000 0.045089 -2.996186 1.680140
 2822.000000 0.489150 -3.032343 1.921698
 2823.000000 0.272687 -1.598310 1.920687
 2824.000000 0.489210 -2.381852 1.911095
 2825.000000 0.303269 -2.684148 1.267918
 2826.000000 -1.084112 -2.989425 1.763418
 2827.000000 1.138800 -2.789528 1.186914
 2828.000000 -0.428916 -2.729064 1.673226
 2829.000000 1.540953 -2.955987 1.723869
 2830.000000 0.475945 -2.933672 1.787952
 2831.000000 -0.360617 -2.721177 1.717571
 2832.000000 -0.474066 -2.924473 1.710390
 2833.000000 -0.648942 -2.279123 1.701510
 2834.000000 0.227704 -2.661017 1.582461
 2835.000000 0.050901 -2.810153 1.590028
 2836.000000 1.396305 -2.550619 1.673469
 2837.000000 -0.322072 -2.715715 1.736612
 2838.000000 0.912738 -2.750675 1.881206
 2839.000000 0.511018 -2.661481 1.802019
 2840.000000 0.313335 -2.913189 1.828735
 2841.000000 -0.044731 -2.663620 0.812858
 2842.000000 -0.438189 3.012825 1.405467
 2843.000000 -0.205800 2.952003 1.588046
 2844.000000 0.181957 -2.603130 1.256303
 2845.000000 -0.321040 -2.111238 1.893815
 2846.000000 0.121663 2.748515 1.933987
 2847.000000 -1.663597 2.850209 1.847948
 2848.000000 0.340150 2.723698 1.821710
 2849.000000 0.109266 -2.759176 1.850808
 2850.000000 0.301307 -2.532893 1.787662
 2851.000000 0.350757 -1.946793 1.847900
 2852.000000 0.302406 2.908932 1.702980
 2853.000000 -1.437236 2.730569 1.729452
 2854.000000 -0.448682 -2.964602 1.378720
 2855.000000 1.144343 2.831852 1.612959
 2856.000000 -0.426019 2.344403 1.969274
 2857.000000 -0.331907 -2.701304 1.979044
 2858.000000 -0.250970 2.585998 1.955021
 2859.000000 -0.321258 -2.685185 1.963934
 2860.000000 1.490341 -2.964349 1.847185
 2861.000000 -0.346950 -2.558964 1.912439
 2862.000000 1.290769 2.864539 1.861834
 2863.000000 0.391718 -3.128513 1.843928
 2864.000000 0.193898 -2.951889 1.809850
 2865.000000 1.082422 -2.775905 1.477879
 2866.000000 -0.483269 -2.074685 1.368473
 2867.000000 0.234205 -2.018116 1.484561
 2868.000000 0.106097 -2.747125 1.684610
 2869.000000 -0.154874 -2.862520 1.648317
 2870.000000 0.357421 -2.768768 1.726531
 2871.000000 -0.513985 -2.345593 1.623483
 2872.000000 1.083430 -2.736241 1.855255
 2873.000000 0.211380 -2.886188 1.641410
 2874.000000 -0.482464 -2.302475 1.916022
 2875.000000 0.442996 2.756409 1.821690
 2876.000000 1.476795 2.899172 1.876165
 2877.000000 -0.342411 -3.014356 1.667854
 2878.000000 0.089657 2.850794 1.917759
 2879.000000 0.449713 2.511665 1.790026
 2880.000000 1.737346 2.704596 1.841028
 2881.000000 -0.505447 2.675750 1.435402
 2882.000000 0.247569 -2.677594 1.739836
 2883.000000 1.340743 -2.636589 1.889876
 2884.000000 1.122315 -2.657491 1.915592
 2885.000000 1.455093 -2.812333 1.791245
 2886.000000 0.015946 -2.279240 1.738561
 2887.000000 -1.446293 -2.871512 1.494010
 2888.000000 0.046505 -2.775803 1.926448
 2889.000000 -0.746355 -2.708551 1.854595
 2890.000000 -0.520548 -3.121269 1.819194
 2891.000000 1.062506 -2.716041 1.774443
 2892.000000 -1.265629 -2.985953 1.792801
 2893.000000 -0.262367 2.668028 1.898153
 2894.000000 0.030137 -3.011461 1.791230
 2895.000000 -1.050633 -1.880937 1.806993
 2896.000000 0.305427 3.031427 1.844106
 2897.000000 -1.588341 -2.821218 1.754634
 2898.000000 -0.121196 2.906885 1.817472
 2899.000000 0.155172 2.879983 1.860374
 2900.000000 0.431453 2.793799 1.826604
 2901.000000 -1.017229 -2.769992 1.758178
 2902.000000 0.409167 2.726942 1.739943
 2903.000000 -1.120208 -3.015869 1.863992
 2904.000000 0.284155 -3.110127 1.802972
 2905.000000 0.201548 -2.948164 1.893170
 2906.000000 0.157865 -2.891348 1.862771
 2907.000000 0.417603 -2.590807 1.955222
 2908.000000 0.206787 2.970813 1.973962
 2909.000000 -1.305854 -2.999659 1.539082
 2910.000000 0.150696 -2.847791 1.779816
 2911.000000 0.390463 -2.557002 1.729281
 2912.000000 0.123244 -2.812915 1.767780
 2913.000000 0.239238 -2.686895 1.763472
 2914.000000 0.275161 -2.643516 1.841300
 2915.000000 0.283217 -2.180054 1.779183
 2916.000000 -0.014235 -2.730862 1.704310
 2917.000000 0.197328 -2.504023 1.813339
 2918.000000 0.335015 -2.230276 1.893882
 2919.000000 0.069487 -2.702668 1.845470
 2920.000000 0.333355 -2.781245 1.308036
 2921.000000 -0.534846 -2.079342 1.938927
 2922.000000 1.119211 -2.726645 0.945585
 2923.000000 0.370566 -2.430568 0.605085
 2924.000000 0.394477 -3.053081 1.360304
 2925.000000 0.301644 -2.463205 1.747712
 2926.000000 -1.139923 -2.709183 1.814513
 2927.000000 0.362444 -2.702418 1.527396
 2928.000000 -0.441137 -2.695961 1.002090
 2929.000000 -0.169237 -2.979988 1.905714
 2930.000000 0.243896 -3.003919 1.839264
 2931.000000 -0.458109 -2.655974 1.645919
 2932.000000 -1.497248 2.893632 1.862112
 2933.000000 0.363102 3.136043 1.932797
 2934.000000 0.390266 2.904430 1.719317
 2935.000000 -0.411663 2.536081 1.826485
 2936.000000 -0.581241 -2.194041 1.821803
 2937.000000 -1.352294 -2.462474 1.820561
 2938.000000 -1.357437 -2.284489 1.890252
 2939.000000 0.036541 -3.107342 1.582352
 2940.000000 1.024589 2.822613 1.814210
 2941.000000 0.153753 2.712188 1.789546
 2942.000000 0.474111 -2.529323 1.775618
 2943.000000 0.498828 -2.407528 1.857382
 2944.000000 0.357340 -2.218176 1.781954
 2945.000000 -0.975836 -2.676783 1.771605
 2946.000000 -1.230356 -2.448154 1.798675
 2947.000000 0.561139 -2.799207 1.784903
 2948.000000 -0.195136 -2.943056 1.807731
 2949.000000 -1.359861 -2.707430 1.729334
 2950.000000 -0.150964 -2.715100 1.828231
 2951.000000 -0.484621 -2.808496 1.661717
 2952.000000 1.156093 -2.703559 1.758702
 2953.000000 0.353708 -3.008261 1.819841
 2954.000000 1.565219 -2.647658 1.814738
 2955.000000 0.889178 -2.562481 1.798316
 2956.000000 -0.385270 -2.793415 1.757757
 2957.000000 0.269442 -2.406577 1.959894
 2958.000000 -0.350994 3.120156 1.763357
 2959.000000 0.399202 -2.738414 1.897498
 2960.000000 0.067841 -2.613270 1.930151
 2961.000000 0.353061 -2.705279 1.942667
 2962.000000 0.186763 -2.632529 1.958647
 2963.000000 -1.702643 2.743095 1.919656
 2964.000000 -0.330997 -3.070898 1.946483
 2965.000000 -0.365860 2.921971 1.850366
 2966.000000 0.852539 -2.692992 1.923489
 2967.000000 -1.217767 3.093949 1.732305
 2968.000000 -0.126012 2.640597 1.831852
 2969.000000 -0.339142 -2.626766 1.594683
 2970.000000 0.403697 -3.043988 1.008490
 2971.000000 0.392918 -2.498831 1.906378
 2972.000000 -1.140627 2.264925 1.642649
 2973.000000 -1.679082 2.849888 1.669267
 2974.000000 -1.442147 -2.654890 1.893733
 2975.000000 0.438115 -2.843819 1.695315
 2976.000000 0.497994 -2.701097 1.498505
 2977.000000 -1.478224 -2.964568 1.904011
 2978.000000 -0.048497 2.786377 1.793949
 2979.000000 0.276115 2.732516 1.800468
 2980.000000 0.129129 2.938737 1.736256
 2981.000000 1.068650 -2.180799 1.772132
 2982.000000 0.378087 -2.185754 1.774486
 2983.000000 1.054527 -1.831266 1.827973
 2984.000000 0.076311 -1.924301 1.935316
 2985.000000 0.308850 -2.200358 1.846863
 2986.000000 -1.404762 -3.135191 1.919083
 2987.000000 0.299630 -2.946844 1.762966
 2988.000000 0.240517 -2.496358 1.694386
 2989.000000 0.335392 -2.617653 1.776144
 2990.000000 0.368032 -2.464942 1.783553
 2991.000000 1.168764 -2.764134 1.523085
 2992.000000 0.218868 -2.684069 1.903886
 2993.000000 0.025706 -2.782850 1.888532
 2994.000000 0.025953 -2.457246 1.509305
 2995.000000 -0.325980 -2.759389 1.794978
 2996.000000 -0.412889 -2.799268 1.826563
 2997.000000 -0.447199 -2.688857 1.806128
 2998.000000 1.514531 -2.465931 1.938985
 2999.000000 1.126436 2.859796 1.824815
 3000.000000 -0.300548 2.625806 1.616683
 3001.000000 -1.282017 3.128394 1.894295
 3002.000000 0.505534 -2.936213 1.879565
 3003.000000 1.434121 -2.332801 1.625512
 3004.000000 -0.104251 -2.462312 1.581795
 3005.000000 0.213061 -3.098248 1.885877
 3006.000000 0.199785 -2.938086 1.556888
 3007.000000 0.019294 2.760418 1.720510
 3008.000000 1.634089 2.690189 1.509440
 3009.000000 0.327635 -2.114214 1.692651
 3010.000000 0.285307 -2.764383 1.648846
 3011.000000 1.145483 -2.766740 1.456129
 3012.000000 0.416935 -2.735190 1.719388
 3013.000000 1.281431 -2.771631 1.627917
 3014.000000 1.352253 -2.824509 1.714499
 3015.000000 -0.357427 -2.806506 1.784328
 3016.000000 -0.214508 -2.756613 0.920002
 3017.000000 0.512093 -2.689716 1.781294
 3018.000000 -0.277762 -2.579945 1.974736
 3019.000000 0.230298 -2.514270 1.231393
 3020.000000 1.228999 -2.918339 1.896183
 3021.000000 0.497489 2.094961 1.431262
 3022.000000 -0.611867 2.674121 1.833903
 3023.000000 1.606972 2.986328 1.754368
 3024.000000 1.432077 -2.577001 1.808156
 3025.000000 -0.406980 -2.575254 1.780597
 3026.000000 1.455097 -2.452238 1.604534
 3027.000000 1.051333 -2.032873 1.735136
 3028.000000 0.391456 -2.840328 1.487799
 3029.000000 1.739410 -2.680938 1.862708
 3030.000000 0.463754 -2.625461 1.886328
 3031.000000 -0.323181 2.724232 1.817471
 3032.000000 0.341147 3.105118 1.860238
 3033.000000 -0.774574 -2.738202 1.956099
 3034.000000 0.285595 -2.725696 1.224311
 3035.000000 0.396969 -2.452303 1.398485
 3036.000000 -0.293699 -2.579475 1.893235
 3037.000000 0.220552 -2.625181 1.923782
 3038.000000 -0.678693 -3.112353 1.927942
 3039.000000 -0.232037 2.499430 1.856718
 3040.000000 -0.286715 2.663405 1.884276
 3041.000000 -0.668731 -2.356423 1.661277
 3042.000000 -0.439253 -2.849290 1.908056
 3043.000000 0.424299 -2.322730 1.932567
 3044.000000 0.211454 -3.095761 1.808191
 3045.000000 -0.478149 -2.650090 1.899644
 3046.000000 0.385569 -2.519412 1.925490
 3047.000000 -0.267886 -2.760400 1.807503
 3048.000000 0.390153 -2.703203 1.736636
 3049.000000 1.248033 -2.660717 1.779796
 3050.000000 0.225401 -2.262235 1.795540
 3051.000000 0.480555 -2.427865 1.748091
 3052.000000 0.217314 -2.652196 1.609097
 3053.000000 0.490263 -2.509149 1.828733
 3054.000000 0.490453 -2.287544 1.756341
 3055.000000 0.251592 -3.040512 1.897755
 3056.000000 0.531832 -2.348092 1.852024
 3057.000000 0.267399 -2.611218 1.888636
 3058.000000 1.050518 -2.761563 1.920395
 3059.000000 1.085698 -2.514254 1.934666
 3060.000000 1.381856 -2.290719 1.934864
 3061.000000 0.900508 -2.750007 1.952524
 3062.000000 -0.400207 -2.724833 1.923838
 3063.000000 1.675590 -2.629331 1.901897
 3064.000000 -0.355443 -2.133736 1.974644
 3065.000000 -0.460980 -2.216464 1.981612
 3066.000000 -0.403639 -2.766702 1.979387
 3067.000000 -0.270920 2.456052 1.977860
 3068.000000 -0.300055 -2.830197 1.984633
 3069.000000 -0.238552 2.915864 1.974280
 3070.000000 -0.401489 2.698325 1.974150
 3071.000000 1.572995 2.697429 1.971666
 3072.000000 -0.430662 2.868132 1.979160
 3073.000000 0.784955 -2.988389 1.979832
 3074.000000 -0.317938 2.739120 1.978715
 3075.000000 1.281745 2.460588 1.972227
 3076.000000 -0.136295 3.077070 1.980083
 3077.000000 1.181510 -3.052817 1.969599
 3078.000000 -0.096124 2.842876 1.977660
 3079.000000 -0.159192 2.726039 1.970514
 3080.000000 -0.285689 3.105766 1.977845
 3081.000000 -0.463850 3.082165 1.979451
 3082.000000 1.046070 -3.021525 1.977174
 3083.000000 1.516247 3.040398 1.970259
 3084.000000 1.646792 2.932523 1.975449
 3085.000000 -0.121349 -2.883752 1.987396
 3086.000000 -0.214119 2.662390 1.978324
 3087.000000 -0.194990 -3.131782 1.973409
 3088.000000 -0.277558 -2.934138 1.980153
 3089.000000 0.935267 -3.009073 1.972192
 3090.000000 -0.333380 2.630786 1.970294
 3091.000000 0.826400 -3.039118 1.979112
 3092.000000 1.453263 2.575275 1.971501
 3093.000000 -0.391285 2.557306 1.981239
 3094.000000 -0.421975 2.684485 1.979283
 3095.000000 -0.274877 2.963534 1.988813
 3096.000000 -0.381933 -3.019147 1.979480
 3097.000000 -0.454449 2.722867 1.973269
 3098.000000 -0.241197 2.907111 1.979179
 3099.000000 -0.513860 -3.111594 1.981055
 3100.000000 -0.448185 2.928437 1.978429
 3101.000000 -0.094764 2.597557 1.970116
 3102.000000 1.205049 2.768404 1.972643
 3103.000000 1.238295 2.455252 1.972752
 3104.000000 1.475779 -2.821890 1.964506
 3105.000000 0.956325 2.806037 1.977087
 3106.000000 -0.343634 3.012537 1.980001
 3107.000000 1.008799 2.419847 1.969239
 3108.000000 -0.480676 2.932750 1.975602
 3109.000000 -0.279128 -3.140086 1.972264
 3110.000000 1.745800 2.647896 1.971747
 3111.000000 1.724671 2.694708 1.957451
 3112.000000 -0.358121 -2.882612 1.913775
 3113.000000 -0.673053 3.054094 1.855679
 3114.000000 -0.478429 2.550483 1.954308
 3115.000000 -1.227770 -2.907960 1.961357
 3116.000000 1.366865 -2.753596 1.945990
 3117.000000 0.127523 -2.526130 1.866573
 3118.000000 0.291543 3.108055 1.823106
 3119.000000 0.247017 -2.818127 1.826460
 3120.000000 0.254104 -2.637342 1.923775
 3121.000000 1.256690 -2.914332 1.749398
 3122.000000 -1.129905 -2.751639 1.812247
 3123.000000 0.456621 -2.487915 1.974554
 3124.000000 0.438631 -1.876738 1.962663
 3125.000000 0.265918 2.867130 1.744321
 3126.000000 -0.435093 3.024491 1.860676
 3127.000000 0.275457 -2.838966 1.753083
 3128.000000 0.675592 -3.000492 1.811195
 3129.000000 0.351512 2.735566 1.965069
 3130.000000 0.274321 -2.611567 1.922401
 3131.000000 -0.571279 -2.793674 1.746111
 3132.000000 0.431749 -2.717154 1.796276
 3133.000000 -1.539172 -2.581693 1.608144
 3134.000000 -1.278621 -2.582259 1.689267
 3135.000000 0.404668 -2.719254 1.268569
 3136.000000 0.422969 -2.847468 1.590648
 3137.000000 -1.392719 -2.597322 1.613348
 3138.000000 0.766707 -3.030992 1.558440
 3139.000000 0.464752 -2.505781 0.972002
 3140.000000 -1.252651 -2.991551 1.940750
 3141.000000 -0.710541 2.652531 1.467323
 3142.000000 1.049916 2.793822 1.831370
 3143.000000 0.415890 -2.669035 1.551878
 3144.000000 -1.402933 -2.820639 1.373218
 3145.000000 1.302212 -2.620878 1.889181
 3146.000000 -1.027634 3.009615 1.558146
 3147.000000 -0.073160 2.896658 1.892971
 3148.000000 -0.540802 2.587676 1.900326
 3149.000000 -0.015701 -2.582123 1.601217
 3150.000000 0.031291 -2.507810 1.903538
 3151.000000 0.511848 2.364285 1.609393
 3152.000000 0.479324 -2.866090 1.594072
 3153.000000 0.379570 -2.625472 1.838285
 3154.000000 0.089045 -2.798592 1.279256
 3155.000000 -0.659588 -3.135352 1.768214
 3156.000000 -0.249423 2.572423 1.810739
 3157.000000 1.115195 -2.973564 1.831358
 3158.000000 -1.185346 2.827758 1.760399
 3159.000000 0.475452 -2.856325 1.908485
 3160.000000 0.447344 -2.614748 0.846049
 3161.000000 0.331419 -2.630416 1.792274
 3162.000000 0.276958 -2.874765 1.882409
 3163.000000 -1.066080 2.583513 1.833805
 3164.000000 -1.544368 -3.098236 1.837603
 3165.000000 -1.406573 -2.963132 1.882383
 3166.000000 0.751604 -2.725906 1.763310
 3167.000000 1.703820 2.901717 1.894832
 3168.000000 1.402528 2.847422 1.840375
 3169.000000 -0.413520 -2.961779 1.867966
 3170.000000 2.676652 -2.714082 1.895968
 3171.000000 -1.495416 2.768808 1.919179
 3172.000000 0.251554 -3.009946 1.876430
 3173.000000 -1.118000 -2.930945 1.888945
 3174.000000 0.331946 -2.668961 1.783169
 3175.000000 0.356328 -2.742017 1.623634
 3176.000000 1.479555 -2.601817 1.693669
 3177.000000 0.527245 -3.031142 1.970643
 3178.000000 0.330905 -2.703156 1.742770
 3179.000000 -0.459028 -2.222582 1.617258
 3180.000000 0.269073 -2.652824 1.415119
 3181.000000 0.379702 -2.563117 1.882148
 3182.000000 -1.217578 3.028633 1.904251
 3183.000000 0.432742 -2.874584 1.864253
 3184.000000 0.227992 -2.028651 1.868164
 3185.000000 -1.825499 -2.864828 1.659094
 3186.000000 -1.145887 -2.894795 1.631258
 3187.000000 0.447094 2.682696 1.758824
 3188.000000 0.450274 2.623649 1.751034
 3189.000000 -0.407729 2.770269 1.700792
 3190.000000 0.215814 -2.310016 1.952387
 3191.000000 0.418795 -2.664913 1.916249
 3192.000000 -0.349447 -2.795339 1.292626
 3193.000000 0.258296 2.715172 1.946348
 3194.000000 0.124107 2.696268 1.877866
 3195.000000 0.122643 -2.895234 1.906387
 3196.000000 0.285931 2.914203 1.978451
 3197.000000 1.508731 -2.777343 1.511450
 3198.000000 0.280919 -2.348103 1.809685
 3199.000000 1.865613 -2.804051 1.909488
 3200.000000 -0.569577 -3.006829 1.848697
 3201.000000 1.159758 -2.627426 1.699991
 3202.000000 -0.033813 -1.222437 1.489263
 3203.000000 1.555179 -2.844956 1.804978
 3204.000000 -0.428479 -2.680057 1.423419
 3205.000000 0.356844 -3.013842 1.767191
 3206.000000 0.066157 2.305584 1.724237
 3207.000000 0.517321 2.401846 1.938921
 3208.000000 0.263830 -2.609955 1.789632
 3209.000000 0.461844 -2.325083 1.879800
 3210.000000 0.229213 -2.416152 1.944448
 3211.000000 0.256330 3.106874 1.954361
 3212.000000 0.375446 -2.829479 1.955371
 3213.000000 0.303519 -2.097223 1.951735
 3214.000000 0.368883 -2.122894 1.958099
 3215.000000 0.374970 -2.067809 1.966716
 3216.000000 0.340518 -2.594814 1.964062
 3217.000000 0.391178 -1.925877 1.960899
 3218.000000 0.401037 -2.115033 1.970685
 3219.000000 0.399441 -2.576400 1.973670
 3220.000000 0.359508 -2.827186 1.972618
 3221.000000 0.236491 -1.917608 1.975514
 3222.000000 0.377357 -2.044129 1.942611
 3223.000000 0.402394 -1.880897 1.943997
 3224.000000 0.280458 -2.412124 1.928714
 3225.000000 0.276941 -2.548809 1.964513
 3226.000000 0.404981 -2.231155 1.904658
 3227.000000 0.234984 -2.196324 1.962553
 3228.000000 0.273012 -2.491601 1.944087
 3229.000000 0.135150 -2.708566 1.983365
 3230.000000 0.229715 -2.729586 1.962218
 3231.000000 0.348619 -2.737731 1.966806
 3232.000000 0.457118 -1.975526 1.978253
 3233.000000 0.254867 -2.621358 1.962457
 3234.000000 0.446910 -2.511428 1.972239
 3235.000000 0.295983 -2.489834 1.970026
 3236.000000 0.252248 -2.425201 1.968658
 3237.000000 0.179447 -3.132589 1.968692
 3238.000000 0.371612 -2.596867 1.962578
 3239.000000 0.307039 -2.128129 1.968249
 3240.000000 0.267797 -2.801074 1.930842
 3241.000000 0.153574 -1.947988 1.934948
 3242.000000 0.095723 -2.358550 1.764329
 3243.000000 0.188273 -1.985235 1.919200
 3244.000000 0.206137 -2.184871 1.979510
 3245.000000 0.280796 -1.514152 1.947676
 3246.000000 0.363889 -2.500203 1.895366
 3247.000000 0.239575 -1.988604 1.937838
 3248.000000 0.173732 -2.376571 1.826373
 3249.000000 0.325968 -2.859740 1.970195
 3250.000000 0.357938 -2.459759 1.898150
 3251.000000 0.073266 -2.490541 1.898145
 3252.000000 0.229112 -2.264294 1.880348
 3253.000000 0.084985 -1.770545 1.882632
 3254.000000 0.381476 -2.482393 0.914263
 3255.000000 0.211772 -2.701543 1.394179
 3256.000000 0.461410 -2.371147 1.626091
 3257.000000 0.111587 -2.594162 1.326774
 3258.000000 0.755950 -1.680063 1.955745
 3259.000000 0.911910 -2.158312 1.940436
 3260.000000 0.352461 -2.689396 1.646415
 3261.000000 0.465120 -2.656365 1.946563
 3262.000000 -0.442192 -2.522914 1.575322
 3263.000000 -2.511849 2.930135 1.874084
 3264.000000 0.441622 2.979791 1.386284
 3265.000000 0.422843 2.853238 1.891945
 3266.000000 0.341419 2.951600 1.877072
 3267.000000 -1.323480 -2.933924 1.850971
 3268.000000 0.296090 2.812889 1.905162
 3269.000000 0.297082 -2.781930 1.856062
 3270.000000 0.354875 -3.037288 1.920157
 3271.000000 0.379653 3.032382 1.904167
 3272.000000 -0.084230 -2.795006 1.932337
 3273.000000 0.041933 -3.026784 1.952889
 3274.000000 -1.480153 2.686349 1.925243
 3275.000000 0.272752 2.914012 1.932394
 3276.000000 0.457159 2.638306 1.909346
 3277.000000 0.460237 2.641119 1.920848
 3278.000000 -0.951112 2.796082 1.925376
 3279.000000 0.369870 3.009615 1.925259
 3280.000000 -1.483506 3.004553 1.952094
 3281.000000 -0.373447 -2.987754 1.935912
 3282.000000 0.465942 -2.713956 1.919817
 3283.000000 0.183387 3.111621 1.915920
 3284.000000 1.705842 -3.084027 1.848468
 3285.000000 1.259131 2.727222 1.941782
 3286.000000 0.459437 2.728792 1.882561
 3287.000000 0.203378 -3.084346 1.910236
 3288.000000 0.168448 -3.064061 1.807240
 3289.000000 -0.239843 3.073944 1.932853
 3290.000000 -0.976648 2.535755 1.883760
 3291.000000 0.410793 2.737393 1.849977
 3292.000000 0.166578 2.757415 1.784502
 3293.000000 0.374472 -2.744227 1.848196
 3294.000000 -0.494568 2.655923 1.922449
 3295.000000 0.474112 3.058927 1.926702
 3296.000000 -1.243380 -2.885947 1.897626
 3297.000000 -0.806093 -2.472233 1.208334
 3298.000000 -0.005628 2.605435 1.627616
 3299.000000 -1.506258 -2.917008 1.884666
 3300.000000 0.303651 2.822899 1.802068
 3301.000000 0.340730 2.590918 1.933765
 3302.000000 -0.393691 2.889195 1.840811
 3303.000000 0.247540 2.813594 1.786172
 3304.000000 0.022260 -3.092199 1.607751
 3305.000000 0.468234 -1.961298 1.687556
 3306.000000 -1.281963 -2.832127 0.932995
 3307.000000 -0.551678 2.499720 1.926575
 3308.000000 0.309629 2.816179 1.499296
 3309.000000 -0.612085 -3.046667 1.927794
 3310.000000 1.379796 2.368045 1.880279
 3311.000000 1.806285 2.714866 1.970258
 3312.000000 0.422315 -2.693366 1.714669
 3313.000000 1.344977 2.711212 1.909146
 3314.000000 0.342415 2.706653 1.719237
 3315.000000 0.367052 -2.872106 1.925876
 3316.000000 -0.582203 2.855806 1.944592
 3317.000000 -1.160178 -2.974461 1.955583
 3318.000000 0.483262 -3.069944 1.816313
 3319.000000 0.086662 -2.789512 1.694612
 3320.000000 0.358386 -1.922453 1.794411
 3321.000000 0.101587 -2.005477 1.899975
 3322.000000 0.051418 -2.410672 1.910653
 3323.000000 0.349751 -3.016374 1.770293
 3324.000000 -0.388725 -2.984405 1.678085
 3325.000000 -0.173618 -2.655221 1.737803
 3326.000000 -0.124340 -2.823933 1.699628
 3327.000000 0.588236 -2.607524 1.599297
 3328.000000 0.158960 -2.248801 1.848686
 3329.000000 0.146190 -2.594594 1.748208
 3330.000000 0.237487 -2.519595 1.847690
 3331.000000 0.443194 -2.414975 1.774066
 3332.000000 0.413424 -2.880239 1.691351
 3333.000000 0.323838 -2.656132 1.830668
 3334.000000 0.193349 -2.682823 1.782128
 3335.000000 0.448112 -2.691342 1.705857
 3336.000000 0.270103 -2.653708 1.646452
 3337.000000 0.243499 -2.956608 1.519020
 3338.000000 0.078139 2.940259 1.782636
 3339.000000 0.758076 2.796074 1.771619
 3340.000000 -0.451556 -2.864760 1.838891
 3341.000000 0.221980 -2.789820 1.809033
 3342.000000 0.287080 -2.260947 1.158124
 3343.000000 0.294568 2.737183 1.584706
 3344.000000 0.171932 -2.315838 1.972448
 3345.000000 0.343261 -2.945675 1.977667
 3346.000000 0.478358 -2.170324 1.926403
 3347.000000 -0.192226 -2.886241 1.770183
 3348.000000 -0.420664 3.011849 1.825414
 3349.000000 0.248475 -2.888853 1.899229
 3350.000000 0.439482 -1.779080 1.749043
 3351.000000 1.114380 2.620129 1.863191
 3352.000000 0.264049 -2.764016 1.901588
 3353.000000 1.312258 2.584372 1.877079
 3354.000000 -0.163483 -2.504995 1.734349
 3355.000000 0.373618 -2.596744 1.866967
 3356.000000 0.293758 -2.694684 1.888419
 3357.000000 0.164291 -2.841366 1.867376
 3358.000000 0.142817 -2.840671 1.875028
 3359.000000 0.259529 -2.688980 1.886143
 3360.000000 0.200410 -2.736638 1.876580
 3361.000000 -1.180390 -3.042370 1.893200
 3362.000000 -0.533181 -3.069682 1.830711
 3363.000000 1.232523 -2.805120 1.852155
 3364.000000 -0.402839 -2.602163 1.942327
 3365.000000 -0.220306 -2.645457 1.901070
 3366.000000 -0.186580 -2.380730 1.855026
 3367.000000 0.270684 -3.119431 1.942861
 3368.000000 -0.918848 -2.755140 1.850090
 3369.000000 -1.595584 2.788894 1.910624
 3370.000000 -1.529131 -2.677837 1.860853
 3371.000000 0.421106 -2.840377 1.879675
 3372.000000 1.155691 -2.634154 1.929734
 3373.000000 -0.640367 -2.602285 1.674031
 3374.000000 -0.279755 -2.712909 1.746554
 3375.000000 0.722270 -2.746553 1.784536
 3376.000000 0.545686 -2.754691 1.398230
 3377.000000 1.137566 -2.579801 1.732555
 3378.000000 0.205768 -2.687634 1.316631
 3379.000000 0.337080 -2.579749 1.507237
 3380.000000 0.463340 2.919552 1.896878
 3381.000000 0.185720 -2.625982 1.863750
 3382.000000 0.151388 -2.484965 1.944986
 3383.000000 0.034686 -2.135869 1.787296
 3384.000000 0.052823 -2.671372 1.871988
 3385.000000 -0.802480 -2.181197 1.688374
 3386.000000 -0.427329 -2.978003 1.725754
 3387.000000 0.969944 -2.738807 1.876047
 3388.000000 -1.173098 -1.955181 1.704967
 3389.000000 -0.277010 -2.679751 1.899650
 3390.000000 -0.430898 -2.321668 1.825747
 3391.000000 -0.399802 3.071782 0.955396
 3392.000000 -1.617231 3.023314 1.644428
 3393.000000 -0.390068 2.920186 1.329780
 3394.000000 0.391200 -1.862455 1.706176
 3395.000000 0.303080 -2.816923 1.283548
 3396.000000 0.333725 -2.678170 1.024437
 3397.000000 0.249689 -2.722225 1.716267
 3398.000000 1.525330 -2.598962 1.883840
 3399.000000 0.321678 -2.664150 1.310988
 3400.000000 -1.118352 -2.732517 1.800641
 3401.000000 0.341567 2.564447 1.671690
 3402.000000 0.046132 -2.425614 1.783879
 3403.000000 0.187963 3.133618 1.924005
 3404.000000 0.043409 3.003717 1.888961
 3405.000000 0.380540 -2.762688 1.920541
 3406.000000 -1.378201 -2.831862 1.935394
 3407.000000 1.637533 2.651158 1.920293
 3408.000000 -1.854041 -2.820476 1.946184
 3409.000000 -1.798622 2.823586 1.810457
 3410.000000 -1.135197 -3.047505 1.826879
 3411.000000 0.076080 -2.782802 1.615676
 3412.000000 0.475870 -3.057081 1.563562
 3413.000000 1.028209 -2.644000 1.773319
 3414.000000 1.047655 -2.661678 1.805339
 3415.000000 0.355636 -1.984831 1.932794
 3416.000000 0.681147 2.763622 1.508818
 3417.000000 1.372571 2.684338 1.863423
 3418.000000 0.756323 -2.678131 1.214523
 3419.000000 1.538684 -2.700718 1.754152
 3420.000000 0.241319 -2.801180 1.511881
 3421.000000 -0.314575 -2.429255 1.981503
 3422.000000 0.464157 -2.379889 1.466373
 3423.000000 -1.349299 -3.035380 1.802742
 3424.000000 0.394519 2.755755 1.955559
 3425.000000 0.266603 2.288321 1.511253
 3426.000000 0.689611 -2.827931 1.784877
 3427.000000 1.216175 -2.812672 1.738261
 3428.000000 1.432622 -2.905013 1.668632
 3429.000000 -0.324928 -3.095216 1.838796
 3430.000000 -0.394503 2.479210 1.843783
 3431.000000 -0.216914 -2.746917 1.980536
 3432.000000 0.750833 2.890818 1.943572
 3433.000000 1.157095 -2.954283 1.961608
 3434.000000 -0.047409 -3.005768 1.953958
 3435.000000 0.411722 3.002244 1.971017
 3436.000000 0.437328 -3.102461 1.871960
 3437.000000 0.246483 2.833977 1.827998
 3438.000000 1.393549 -2.721915 1.753595
 3439.000000 0.432847 -2.429663 1.702162
 3440.000000 0.177372 -2.222689 1.363103
 3441.000000 0.398781 2.759073 1.873158
 3442.000000 -1.094768 -2.624191 1.722290
 3443.000000 -1.454568 2.892190 1.875124
 3444.000000 0.263077 3.140836 1.855349
 3445.000000 -1.193854 2.761219 1.964674
 3446.000000 -1.024398 -2.992759 1.956761
 3447.000000 -1.426477 2.757199 1.971004
 3448.000000 0.432218 -3.021848 1.960323
 3449.000000 0.448288 -2.737914 1.869318
 3450.000000 -1.413445 -2.697918 1.371844
 3451.000000 -1.093806 -2.432777 1.799976
 3452.000000 0.274180 -2.450238 1.604091
 3453.000000 0.257982 -2.407688 1.836986
 3454.000000 0.217454 -2.633133 1.923027
 3455.000000 0.226679 -1.982581 1.880575
 3456.000000 0.213991 -2.346491 1.823006
 3457.000000 0.183697 -2.550003 1.963652
 3458.000000 0.285455 -2.584169 1.983769
 3459.000000 0.296239 -1.682955 1.967033
 3460.000000 0.380280 -1.830259 1.962265
 3461.000000 0.213287 -2.561126 1.875086
 3462.000000 0.198905 -2.119525 1.583810
 3463.000000 0.329481 -2.246302 1.994053
 3464.000000 0.462576 -1.671044 1.987331
 3465.000000 0.232029 -2.347759 1.971776
 3466.000000 0.411574 -2.084879 1.985201
 3467.000000 0.310995 -1.784120 1.978567
 3468.000000 0.338663 -1.950037 1.928215
 3469.000000 0.301730 -2.666955 1.876458
 3470.000000 0.246281 -2.409371 1.968019
 3471.000000 0.121805 -2.233488 1.935196
 3472.000000 -0.040814 -2.579601 1.947668
 3473.000000 0.196879 -1.954388 1.957296
 3474.000000 0.228295 -2.125454 1.964286
 3475.000000 0.150607 -2.145064 1.952838
 3476.000000 0.368450 -2.315898 1.958065
 3477.000000 0.220747 -1.963623 1.925704
 3478.000000 0.204559 -2.228787 1.936732
 3479.000000 0.540605 -2.058819 1.947859
 3480.000000 0.149487 -2.574770 1.982769
 3481.000000 0.169881 -2.527908 1.951023
 3482.000000 0.315483 -2.412372 1.958957
 3483.000000 0.290383 -2.310842 1.890965
 3484.000000 0.274257 -2.637900 1.872364
 3485.000000 0.418678 -1.794182 1.958984
 3486.000000 0.436213 -2.480869 1.944556
 3487.000000 0.329621 -1.973494 1.941897
 3488.000000 0.318755 -1.950690 1.929544
 3489.000000 0.256763 -1.553199 1.951894
 3490.000000 0.145152 -2.313742 1.911379
 3491.000000 0.469777 -1.940001 1.873673
 3492.000000 0.384635 -2.779856 1.908081
 3493.000000 0.221515 -1.500013 1.935334
 3494.000000 -0.616376 -1.911628 1.755041
 3495.000000 -0.281652 -2.040836 1.536330
 3496.000000 1.533400 -2.826829 1.577628
 3497.000000 -1.410689 -3.092091 1.951328
 3498.000000 -1.791369 2.814915 1.462933
 3499.000000 0.464023 -2.235558 1.952547
 3500.000000 1.282983 -2.815805 1.432626
 3501.000000 0.030801 2.639491 1.242611
 3502.000000 0.476033 2.951411 1.918131
 3503.000000 0.240991 2.490508 1.341230
 3504.000000 0.279062 2.565522 1.460651
 3505.000000 0.391059 2.574687 1.858074
 3506.000000 -0.340908 -2.999337 1.733531
 3507.000000 -1.516803 2.692458 1.484638
 3508.000000 -0.365515 2.833759 1.840160
 3509.000000 -1.228741 -2.699371 1.955591
 3510.000000 -1.284242 -2.410044 1.915358
 3511.000000 0.404338 -2.549040 1.892689
 3512.000000 0.216340 -2.861492 1.932422
 3513.000000 0.313557 -2.233032 1.981268
 3514.000000 0.277021 -3.038633 1.982307
 3515.000000 1.386678 -2.338602 1.972749
 3516.000000 2.007081 -1.993582 1.978841
 3517.000000 -1.511142 -2.633471 1.898979
 3518.000000 0.212971 -2.536248 1.897636
 3519.000000 0.302030 -2.471172 1.926685
 3520.000000 1.417494 -2.843761 1.861251
 3521.000000 -0.099458 -2.663621 1.892050
 3522.000000 0.346817 -2.566349 1.945552
 3523.000000 0.362747 -2.584889 1.578757
 3524.000000 1.527250 -2.641015 1.880570
 3525.000000 -0.642280 -3.113429 1.962310
 3526.000000 -0.474228 -2.897639 1.548825
 3527.000000 1.129608 -2.579536 1.591904
 3528.000000 0.330143 2.468667 1.948716
 3529.000000 -0.161396 3.090074 1.925595
 3530.000000 1.406632 2.607425 1.957132
 3531.000000 -1.011998 -2.953737 1.892137
 3532.000000 0.445598 2.580831 1.921653
 3533.000000 0.269059 -2.614730 1.809502
 3534.000000 0.278906 -2.744959 1.836962
 3535.000000 1.153720 -2.563135 1.728665
 3536.000000 -0.186995 -2.821410 1.602735
 3537.000000 0.398289 -2.082773 1.856150
 3538.000000 -1.261794 -2.082435 1.888824
 3539.000000 0.367818 -2.421180 1.714949
 3540.000000 0.994551 -3.019983 1.827470
 3541.000000 1.000191 2.927278 1.829692
 3542.000000 1.451801 3.055693 1.945749
 3543.000000 -0.515135 2.710066 1.853641
 3544.000000 -0.338936 3.067287 1.900725
 3545.000000 -0.399324 -2.823296 1.966454
 3546.000000 0.361308 -3.011567 1.884086
 3547.000000 0.177836 -2.898996 1.906286
 3548.000000 0.444434 -2.662845 1.876867
 3549.000000 0.317555 -2.940969 1.887108
 3550.000000 0.166234 -2.203983 1.980957
 3551.000000 0.153989 2.902781 1.972313
 3552.000000 0.325571 3.124178 1.234845
 3553.000000 0.194969 -2.603536 1.957180
 3554.000000 0.498522 -2.975078 1.899372
 3555.000000 -0.004715 -2.560135 0.922918
 3556.000000 -0.266176 -2.420371 1.875180
 3557.000000 0.419508 2.918275 1.744150
 3558.000000 -1.002848 -3.038012 1.924750
 3559.000000 0.339717 2.665724 1.817361
 3560.000000 -0.296155 -3.008977 1.769865
 3561.000000 1.221354 -1.971977 1.890446
 3562.000000 1.811220 -2.584441 1.911656
 3563.000000 -0.326240 -2.681488 1.552714
 3564.000000 0.315583 -2.181007 1.980830
 3565.000000 0.295669 -1.809855 1.836896
 3566.000000 0.323836 2.671058 1.807394
 3567.000000 0.359016 2.588305 1.897838
 3568.000000 0.227625 -2.793341 1.985042
 3569.000000 0.228178 -2.974135 1.827095
 3570.000000 0.247286 -2.599455 1.936085
 3571.000000 0.133812 2.969368 1.979076
 3572.000000 0.165031 -3.097833 1.949908
 3573.000000 0.410912 -2.740953 1.988440
 3574.000000 -0.730429 -2.892339 1.960146
 3575.000000 -0.209481 -2.732728 1.912472
 3576.000000 -0.482030 2.749379 1.891427
 3577.000000 -1.582152 -3.032437 1.981526
 3578.000000 -1.154711 -3.058574 1.973765
 3579.000000 -1.241133 -2.145271 1.976428
 3580.000000 -0.561325 2.936856 1.969043
 3581.000000 -0.232396 -3.069021 1.946202
 3582.000000 0.396891 -2.538963 1.941884
 3583.000000 0.979255 -2.897158 1.910957
 3584.000000 -0.280557 -2.820731 1.771098
 3585.000000 0.133758 -2.967927 1.571639
 3586.000000 0.388219 2.745649 0.738531
 3587.000000 -1.106833 -2.457682 1.398938
 3588.000000 -0.371974 -2.696049 1.454374
 3589.000000 0.262522 -2.386703 1.795829
 3590.000000 0.326697 -2.579714 1.794307
 3591.000000 0.411173 -2.548791 1.769739
 3592.000000 0.337919 -2.534232 1.527884
 3593.000000 0.445197 -2.756037 1.661358
 3594.000000 -0.286006 -2.726614 1.774621
 3595.000000 0.894947 -2.750904 1.753565
 3596.000000 0.059873 -2.778955 1.673532
 3597.000000 -1.308412 -2.437342 1.653900
 3598.000000 0.258954 -2.591728 1.603957
 3599.000000 0.418949 -2.733350 1.625814
 3600.000000 -1.468740 -2.886220 1.634582
 3601.000000 -1.386190 -2.760994 1.648209
 3602.000000 -1.405319 -2.786275 1.741776
 3603.000000 0.384080 -1.806804 1.134945
 3604.000000 0.939431 -1.894300 1.618343
 3605.000000 1.382654 -2.856232 1.437111
 3606.000000 0.181104 -2.863436 1.018568
 3607.000000 1.282065 -2.671802 1.873477
 3608.000000 -0.417796 -2.861881 1.855018
 3609.000000 0.007563 3.122426 1.790936
 3610.000000 0.284836 -2.388167 1.099336
 3611.000000 -0.263817 2.874575 1.823255
 3612.000000 0.221314 -2.678956 1.733315
 3613.000000 0.201957 -1.910635 1.570161
 3614.000000 -1.020528 -2.653583 1.848642
 3615.000000 -1.431459 -2.600279 1.627635
 3616.000000 0.299698 -2.634824 1.845962
 3617.000000 0.300121 -3.063344 1.971541
 3618.000000 1.738784 -2.952290 1.958393
 3619.000000 -0.539288 -3.020583 1.826312
 3620.000000 1.376437 -2.792155 1.868480
 3621.000000 0.389683 -2.816896 1.812951
 3622.000000 -0.390130 2.487189 1.621988
 3623.000000 -1.608446 2.798933 1.942785
 3624.000000 0.506940 3.013172 1.946434
 3625.000000 0.333098 -2.726288 1.824029
 3626.000000 -0.400533 2.760298 1.790769
 3627.000000 -0.393479 2.665454 1.668001
 3628.000000 1.555778 -2.741143 1.035392
 3629.000000 0.250834 -1.953539 1.764828
 3630.000000 0.901851 -2.089827 1.673832
 3631.000000 0.150658 -2.789732 1.753693
 3632.000000 0.301588 2.722794 1.660515
 3633.000000 -1.512357 -2.984687 1.799662
 3634.000000 -0.376079 2.703682 1.577911
 3635.000000 0.439677 2.643804 1.707939
 3636.000000 0.349949 2.799551 1.885969
 3637.000000 -0.581035 -3.014490 1.808538
 3638.000000 -1.315726 -2.724181 1.978343
 3639.000000 0.457798 2.885156 1.977661
 3640.000000 -1.338217 -3.128198 1.954766
 3641.000000 -0.434390 -2.709204 1.962988
 3642.000000 -0.867332 3.056782 1.905734
 3643.000000 0.331460 -2.639248 1.683051
 3644.000000 0.359170 -2.555817 1.771800
 3645.000000 0.324787 -2.448032 1.795585
 3646.000000 0.166988 -2.199059 1.852816
 3647.000000 -0.357133 -1.601569 1.929888
 3648.000000 -1.130289 -2.545936 1.841782
 3649.000000 0.206747 -2.413283 1.964319
 3650.000000 -1.256624 -2.607430 1.733771
 3651.000000 0.352219 3.099176 1.794657
 3652.000000 0.438853 2.887197 1.742702
 3653.000000 0.522925 -3.136409 1.863020
 3654.000000 0.220799 2.761933 1.846270
 3655.000000 -1.216620 -2.967837 1.832965
 3656.000000 -1.438882 -3.122370 1.843603
 3657.000000 -1.397067 -2.869139 1.872896
 3658.000000 0.478929 -3.075410 1.826414
 3659.000000 1.405992 -2.837546 1.805901
 3660.000000 0.180178 -2.929259 1.857123
 3661.000000 -1.453533 2.890174 1.814610
 3662.000000 -1.556596 -3.102490 1.791836
 3663.000000 0.995339 -2.773668 1.804587
 3664.000000 -0.279578 -2.754212 1.884742
 3665.000000 0.328935 -2.148126 1.593640
 3666.000000 0.893492 -2.970612 1.676406
 3667.000000 0.150192 -2.974307 1.929332
 3668.000000 0.217545 -3.024133 1.924284
 3669.000000 0.341475 3.051256 1.654427
 3670.000000 -0.082741 -2.783272 1.573437
 3671.000000 0.460617 -2.961618 1.781937
 3672.000000 0.282970 2.731233 1.605333
 3673.000000 -0.560376 -2.994186 1.562840
 3674.000000 -1.220819 -2.976303 1.939788
 3675.000000 0.367489 2.728419 1.959230
 3676.000000 0.332521 -2.598608 1.801324
 3677.000000 0.291377 -3.061234 1.844175
 3678.000000 0.103137 2.869896 1.920074
 3679.000000 -0.508258 2.875126 1.902364
 3680.000000 -0.418366 -2.470769 1.739383
 3681.000000 -0.476588 -2.401533 1.770690
 3682.000000 -0.435562 -2.524404 0.778270
 3683.000000 0.450475 -2.698926 1.584327
 3684.000000 0.382257 -2.134726 1.758541
 3685.000000 0.449263 -2.684865 0.624223
 3686.000000 0.018106 2.622575 0.931919
 3687.000000 -0.997647 -2.265306 1.002817
 3688.000000 0.332035 -2.763532 1.046438
 3689.000000 -0.294254 -2.626836 1.360693
 3690.000000 -0.559911 -2.692262 0.957798
 3691.000000 0.509123 2.355445 0.768985
 3692.000000 0.085659 -2.979047 1.856244
 3693.000000 0.302185 2.921061 1.967902
 3694.000000 0.287278 -3.029612 1.924645
 3695.000000 0.316967 -3.139026 1.928591
 3696.000000 0.310736 2.821738 1.947807
 3697.000000 0.362679 2.883287 1.745617
 3698.000000 0.346779 -2.636815 1.215551
 3699.000000 0.037728 -2.667531 1.640207
 3700.000000 -1.140389 -2.625236 1.858850
 3701.000000 -1.386016 3.055701 1.596188
 3702.000000 1.121943 2.774996 1.674640
 3703.000000 0.309817 -3.094400 1.466523
 3704.000000 0.645090 2.382584 1.821635
 3705.000000 -1.285182 -2.352443 1.364122
 3706.000000 0.459029 -2.615954 1.632258
 3707.000000 -0.443209 -2.602187 1.923717
 3708.000000 0.602524 -2.692226 1.928278
 3709.000000 -0.044002 -2.766082 1.911982
 3710.000000 1.389697 -2.821296 1.919725
 3711.000000 1.201639 2.776342 1.623861
 3712.000000 -0.054260 3.129117 1.000028
 3713.000000 -1.367804 -3.043403 1.863732
 3714.000000 -0.222649 -2.885617 1.711412
 3715.000000 1.024093 -2.817200 1.693295
 3716.000000 -0.382477 -2.296036 0.939640
 3717.000000 0.440613 -2.614691 1.932878
 3718.000000 0.281181 -2.712218 1.891794
 3719.000000 0.663840 -2.788102 1.799853
 3720.000000 0.568037 -2.613368 1.764829
 3721.000000 -0.139895 -1.819227 1.794631
 3722.000000 0.291776 -3.048776 1.851603
 3723.000000 0.198311 3.018795 1.833593
 3724.000000 0.335386 -2.629237 1.773805
 3725.000000 0.233371 -2.772415 1.799799
 3726.000000 0.292584 -2.317112 1.866236
 3727.000000 -1.735025 -2.758030 0.836126
 3728.000000 -1.534280 -2.720095 1.273955
 3729.000000 1.061446 2.758205 1.777797
 3730.000000 0.905598 -2.841981 1.657694
 3731.000000 0.419658 -2.650564 1.363083
 3732.000000 -0.088343 -2.113220 1.943927
 3733.000000 1.213511 -2.413266 1.925275
 3734.000000 -0.863874 -2.693578 1.834307
 3735.000000 0.227894 -1.821032 1.919106
 3736.000000 -0.604839 -2.731902 1.943462
 3737.000000 1.471127 -2.826467 1.977170
 3738.000000 0.358135 -2.615377 1.813564
 3739.000000 0.519790 -2.276428 1.859658
 3740.000000 -1.212880 -2.480329 1.878584
 3741.000000 0.418941 -1.970354 1.773770
 3742.000000 1.341777 -1.811759 1.778598
 3743.000000 0.263012 -2.646927 1.968611
 3744.000000 0.276460 2.944060 1.752041
 3745.000000 0.247973 -2.647905 1.775352
 3746.000000 0.470855 -2.992922 1.793822
 3747.000000 0.261822 -2.743844 1.826046
 3748.000000 0.135188 -2.823218 1.789983
 3749.000000 -1.447972 -3.040403 1.486539
 3750.000000 -1.173169 -2.702922 1.911822
 3751.000000 -0.376640 -2.581765 1.917632
 3752.000000 -0.243322 -2.615249 1.870401
 3753.000000 -0.468903 -2.757520 1.784672
 3754.000000 -1.433747 -2.763936 1.813093
 3755.000000 -0.600815 -2.622651 1.790716
 3756.000000 0.210846 -2.626135 1.891272
 3757.000000 0.460745 -2.697554 1.836710
 3758.000000 0.358806 -2.875073 1.870483
 3759.000000 -0.114462 2.861269 1.821675
 3760.000000 0.419283 -2.830816 1.722052
 3761.000000 1.140335 2.801502 1.930981
 3762.000000 -0.297962 -2.510463 1.319238
 3763.000000 -0.051474 -2.665391 1.789726
 3764.000000 0.371983 -2.351599 1.688240
 3765.000000 0.395985 -2.300193 1.520122
 3766.000000 0.414082 -3.025482 1.113598
 3767.000000 0.122168 2.975384 1.351933
 3768.000000 0.489725 2.879554 1.880092
 3769.000000 -0.800548 -2.739965 1.909224
 3770.000000 0.741995 -2.612210 1.621082
 3771.000000 0.211723 -2.044999 1.859000
 3772.000000 0.405918 -1.878764 1.846300
 3773.000000 0.166159 -2.594919 1.939873
 3774.000000 0.332172 -2.229031 1.915206
 3775.000000 0.214905 -2.188735 1.912134
 3776.000000 0.109850 -2.650910 1.895134
 3777.000000 0.380829 -1.749883 1.850645
 3778.000000 0.273806 -1.973766 1.955046
 3779.000000 0.314143 -2.173981 1.955371
 3780.000000 0.279044 -1.836031 1.958751
 3781.000000 0.423056 -1.533672 1.950917
 3782.000000 0.356480 -2.514855 1.983619
 3783.000000 0.277355 -2.248739 1.979705
 3784.000000 0.329702 -1.902449 1.974538
 3785.000000 0.258718 -2.628108 1.971423
 3786.000000 0.372225 -2.293391 1.968516
 3787.000000 0.322942 -2.118199 1.971922
 3788.000000 0.419030 -1.684182 1.904317
 3789.000000 0.270152 -2.375940 1.925507
 3790.000000 0.214164 -2.271099 1.974291
 3791.000000 0.371820 -2.152390 1.947335
 3792.000000 0.316556 -2.661963 1.970019
 3793.000000 0.330429 -2.825818 1.980632
 3794.000000 0.295608 -2.608263 1.983945
 3795.000000 0.493460 -2.680282 1.990023
 3796.000000 0.185870 -2.376764 1.971870
 3797.000000 0.304891 -2.081054 1.838173
 3798.000000 0.294515 -2.271155 1.972428
 3799.000000 0.203979 -1.956843 1.978655
 3800.000000 0.370940 -1.857304 1.989372
 3801.000000 0.271486 -1.715036 1.964453
 3802.000000 0.357588 -2.132151 1.955313
 3803.000000 0.231777 -2.818704 1.964485
 3804.000000 0.301269 -1.875021 1.936455
 3805.000000 0.563798 -2.589379 1.887910
 3806.000000 0.242052 -2.321966 1.954423
 3807.000000 0.285681 -1.979484 1.953305
 3808.000000 0.244740 -2.524449 1.937855
 3809.000000 0.221939 -3.057247 1.953736
 3810.000000 0.335078 -2.500294 1.948146
 3811.000000 0.179211 3.122961 1.965788
 3812.000000 0.239046 2.828796 1.965383
 3813.000000 0.390826 3.084478 1.961852
 3814.000000 0.159411 2.802502 1.953504
 3815.000000 0.248590 -3.002661 1.962570
 3816.000000 0.269296 2.913426 1.924131
 3817.000000 0.388743 3.107100 1.978639
 3818.000000 0.422887 -2.973971 1.951795
 3819.000000 0.316365 3.051320 1.978208
 3820.000000 0.124286 2.865862 1.945956
 3821.000000 0.309422 -3.050917 1.934734
 3822.000000 0.293912 2.685758 1.819564
 3823.000000 0.239904 -2.948366 1.981995
 3824.000000 0.363434 -2.976231 1.890981
 3825.000000 0.319887 2.501405 1.897430
 3826.000000 0.249913 -2.954929 1.863527
 3827.000000 1.508294 2.691396 1.844130
 3828.000000 -1.272232 -2.650247 1.856274
 3829.000000 -1.573285 -2.694932 1.852934
 3830.000000 0.481939 -2.556667 1.924952
 3831.000000 0.127639 2.860678 1.866159
 3832.000000 0.665277 2.821928 1.961434
 3833.000000 1.039003 -2.989102 1.978319
 3834.000000 0.383522 3.071045 1.963693
 3835.000000 0.346585 2.805622 1.948256
 3836.000000 0.342308 -2.974939 1.934116
 3837.000000 0.408794 2.877508 1.945043
 3838.000000 0.261712 -3.058713 1.902067
 3839.000000 0.417677 -2.954763 1.961698
 3840.000000 -0.004502 3.066485 1.977553
 3841.000000 0.178153 2.716675 1.573136
 3842.000000 1.444438 -2.712813 1.879798
 3843.000000 -0.279846 -2.696306 1.843459
 3844.000000 0.500020 -2.465864 1.710496
 3845.000000 0.488333 -2.499891 1.791671
 3846.000000 -1.194561 -2.939858 1.925518
 3847.000000 -0.007135 -2.130339 1.926466
 3848.000000 -0.062354 -2.478008 1.980398
 3849.000000 -0.211814 -3.125216 1.602563
 3850.000000 -0.264447 2.552727 1.877840
 3851.000000 -0.440696 -3.062748 1.889613
 3852.000000 0.360352 -2.404577 1.287275
 3853.000000 0.439457 -2.722335 1.920260
 3854.000000 0.246632 -2.384509 1.912842
 3855.000000 1.454575 -2.542828 1.846892
 3856.000000 0.831523 -2.617573 1.392678
 3857.000000 -1.587075 -2.901929 1.626640
 3858.000000 -1.381678 -2.204152 1.962408
 3859.000000 0.224035 -2.921822 1.975604
 3860.000000 0.346921 -2.437989 1.952047
 3861.000000 0.340359 -2.550443 1.964079
 3862.000000 0.009428 -2.664082 1.942200
 3863.000000 1.324643 -2.707996 1.960224
 3864.000000 0.249146 -2.926583 1.975449
 3865.000000 0.453776 -2.985646 1.928606
 3866.000000 0.201952 -2.865860 1.979184
 3867.000000 0.420030 2.901086 1.943412
 3868.000000 0.147019 3.050310 1.834879
 3869.000000 -1.549492 -2.936442 1.556725
 3870.000000 0.478768 -2.921580 1.950462
 3871.000000 0.425583 -2.167485 1.774149
 3872.000000 1.489122 -2.658373 1.811315
 3873.000000 -0.372015 -2.276734 1.888976
 3874.000000 -0.314796 -2.977862 1.839469
 3875.000000 -0.437549 -2.811426 1.749182
 3876.000000 0.444071 -2.495628 1.747986
 3877.000000 -0.415616 -1.913799 1.493422
 3878.000000 0.432956 -2.839941 1.857138
 3879.000000 0.345161 -2.274382 1.852843
 3880.000000 0.208091 -2.464421 1.842501
 3881.000000 -0.332024 -2.714364 1.778904
 3882.000000 0.586282 -2.424413 1.018268
 3883.000000 -1.442814 -2.727992 1.071203
 3884.000000 0.422457 -2.901519 1.697279
 3885.000000 -1.343292 -2.326396 1.493815
 3886.000000 0.324193 3.026331 1.582408
 3887.000000 0.453314 -2.546913 1.684878
 3888.000000 -1.557941 -2.729099 1.651098
 3889.000000 -1.593067 2.641049 1.550594
 3890.000000 0.486992 -2.796735 1.312645
 3891.000000 0.270073 -2.422206 1.961400
 3892.000000 1.008357 -2.898717 1.662089
 3893.000000 -0.456282 -2.196671 1.856359
 3894.000000 -0.362458 -2.822190 1.964529
 3895.000000 0.296221 -2.488842 1.822112
 3896.000000 0.298087 -3.141361 1.858371
 3897.000000 0.297406 3.006757 1.734614
 3898.000000 -1.358201 -3.004789 1.881922
 3899.000000 -0.467894 -3.034739 1.754851
 3900.000000 0.442307 -2.706785 1.773647
 3901.000000 -1.476918 -2.897552 1.725725
 3902.000000 -0.180442 -2.743022 1.744272
 3903.000000 1.948672 -2.699580 1.734074
 3904.000000 0.310649 -2.596582 1.622431
 3905.000000 1.474760 -2.408942 1.676631
 3906.000000 -0.198103 -2.309918 1.800160
 3907.000000 1.583803 -2.659793 1.783821
 3908.000000 -0.467664 -2.783672 1.537721
 3909.000000 0.349665 2.771952 1.543893
 3910.000000 -0.302555 2.841050 1.923723
 3911.000000 0.260925 -2.655194 1.894751
 3912.000000 -1.262147 -2.277320 1.906102
 3913.000000 0.388643 -2.860904 1.844222
 3914.000000 0.639946 -2.754442 1.958103
 3915.000000 0.255309 -2.367481 1.886352
 3916.000000 -0.377219 -2.711471 1.838475
 3917.000000 0.399550 -2.908414 1.780474
 3918.000000 -0.506535 2.952837 1.979334
 3919.000000 1.508077 -2.955123 1.973166
 3920.000000 0.284830 3.041188 1.970878
 3921.000000 -0.315318 2.821569 1.980659
 3922.000000 1.323589 2.755797 1.975295
 3923.000000 -0.233497 -3.013515 1.973972
 3924.000000 -0.391668 2.903330 1.980526
 3925.000000 1.425526 2.762621 1.980007
 3926.000000 -0.249960 2.984680 1.977189
 3927.000000 -0.443106 2.592094 1.982175
 3928.000000 -0.360043 2.756449 1.978111
 3929.000000 1.403007 2.744546 1.977133
 3930.000000 1.317208 -3.031103 1.972722
 3931.000000 -0.366672 2.992195 1.977468
 3932.000000 1.524088 -3.006859 1.972504
 3933.000000 -0.423620 2.704375 1.974058
 3934.000000 1.159544 2.811339 1.966641
 3935.000000 1.498542 2.853258 1.977590
 3936.000000 -0.472866 2.638549 1.980391
 3937.000000 1.443446 2.819403 1.972249
 3938.000000 -0.387477 -3.140277 1.969257
 3939.000000 -0.320072 -3.003427 1.972212
 3940.000000 -0.276477 2.497589 1.966739
 3941.000000 1.344163 2.738122 1.968164
 3942.000000 -0.552715 2.974366 1.974011
 3943.000000 -0.380407 -2.985261 1.981085
 3944.000000 -0.542010 -2.995113 1.968695
 3945.000000 1.263087 2.196256 1.974297
 3946.000000 -0.430759 2.621971 1.979150
 3947.000000 1.091232 2.648881 1.970830
 3948.000000 -0.312422 2.816462 1.978036
 3949.000000 -0.435695 3.005382 1.973320
 3950.000000 -0.318061 2.700889 1.987165
 3951.000000 -0.325277 2.867226 1.974691
 3952.000000 -0.273324 2.841667 1.976904
 3953.000000 -0.146382 2.593154 1.980071
 3954.000000 -0.372735 -3.126599 1.974690
 3955.000000 1.056729 2.615153 1.974384
 3956.000000 -0.314145 3.067550 1.973474
 3957.000000 1.210599 3.114736 1.978863
 3958.000000 1.176757 2.618661 1.966257
 3959.000000 -0.335307 2.811029 1.975384
 3960.000000 -0.321855 2.983206 1.977918
 3961.000000 -0.288091 2.506688 1.976694
 3962.000000 1.462914 2.682810 1.974439
 3963.000000 1.157032 -3.125422 1.973833
 3964.000000 -0.428720 2.805877 1.982670
 3965.000000 -0.365169 -2.899205 1.974926
 3966.000000 -0.196940 2.789208 1.975084
 3967.000000 -0.318158 2.710867 1.978844
 3968.000000 -0.542165 -3.044394 1.976829
 3969.000000 1.065036 2.634803 1.967252
 3970.000000 2.049673 2.595027 1.973735
 3971.000000 -0.407250 -2.841673 1.972358
 3972.000000 -0.500700 2.682368 1.977535
 3973.000000 -0.184000 2.799090 1.977394
 3974.000000 -0.309333 2.779911 1.978543
 3975.000000 -0.226669 2.756890 1.976710
 3976.000000 1.463771 2.886609 1.977562
 3977.000000 1.004354 -2.845616 1.973141
 3978.000000 1.312783 2.627348 1.967110
 3979.000000 -0.279811 2.629010 1.980781
 3980.000000 -0.259046 2.718662 1.978861
 3981.000000 -0.366880 2.774298 1.978642
 3982.000000 1.594695 2.919128 1.975698
 3983.000000 -0.305511 3.123478 1.974427
 3984.000000 -0.370345 3.026393 1.985019
 3985.000000 -0.063571 2.726976 1.970581
 3986.000000 -0.305589 2.984215 1.979689
 3987.000000 1.546203 2.630485 1.979576
 3988.000000 1.321898 2.655780 1.973642
 3989.000000 -0.482400 3.027511 1.977869
 3990.000000 -0.355584 2.910281 1.982764
 3991.000000 -0.456867 -3.095207 1.981473
 3992.000000 -0.192629 2.956509 1.979454
 3993.000000 -0.390654 3.040361 1.974396
 3994.000000 -0.458224 -3.122687 1.978227
 3995.000000 0.913503 2.884197 1.986035
 3996.000000 0.375141 2.723836 1.972979
 3997.000000 0.928426 -2.928435 1.972959
 3998.000000 1.159539 -3.049101 1.974512
 3999.000000 -0.299024 2.914123 1.981647
 4000.000000 1.575142 -3.046466 1.976811
 4001.000000 1.626225 2.942389 1.970878
 4002.000000 -0.428362 -3.113734 1.976166
 4003.000000 -0.299176 2.968965 1.972748
 4004.000000 1.042499 2.695729 1.978335
 4005.000000 1.336096 -2.988407 1.978229
 4006.000000 -0.476667 2.646815 1.979642
 4007.000000 1.648894 2.886351 1.977692
 4008.000000 1.457692 2.634597 1.982085
 4009.000000 1.185178 2.444162 1.966016
 4010.000000 -0.419412 2.866618 1.978103
 4011.000000 1.316307 2.616487 1.965207
 4012.000000 0.104400 -2.729209 1.979431
 4013.000000 1.172225 -3.073988 1.977645
 4014.000000 -0.269305 2.942821 1.974006
 4015.000000 -0.452917 2.989965 1.979583
 4016.000000 -0.472236 2.898659 1.980731
 4017.000000 1.687945 2.828759 1.972022
 4018.000000 -0.288346 2.433125 1.976740
 4019.000000 -0.404956 2.421807 1.976136
 4020.000000 -0.505134 2.977653 1.982262
 4021.000000 1.363593 2.734405 1.976687
 4022.000000 -0.427186 2.744243 1.977854
 4023.000000 1.277320 2.706056 1.969691
 4024.000000 -0.405889 -2.951593 1.976226
 4025.000000 -0.336650 3.064378 1.985293
 4026.000000 -0.361934 -2.937842 1.978603
 4027.000000 -0.130036 2.460819 1.981499
 4028.000000 1.279099 2.885335 1.968740
 4029.000000 -0.268908 3.069389 1.979078
 4030.000000 -0.497845 2.798035 1.979381
 4031.000000 0.879750 2.491533 1.984084
 4032.000000 -0.181083 2.876463 1.975802
 4033.000000 0.961244 3.090861 1.973618
 4034.000000 -0.182159 2.783044 1.976784
 4035.000000 -0.273055 3.047139 1.989701
 4036.000000 -0.294795 -3.117686 1.989021
 4037.000000 1.329024 2.804695 1.976025
 4038.000000 0.979150 2.845889 1.982517
 4039.000000 1.049866 2.996325 1.972943
 4040.000000 -0.204550 2.737146 1.979498
 4041.000000 1.327068 2.717590 1.978872
 4042.000000 -0.356560 2.701241 1.970802
 4043.000000 -0.253469 3.090625 1.976541
 4044.000000 -0.262128 2.664518 1.979521
 4045.000000 -0.477070 2.869252 1.974172
 4046.000000 1.304698 2.788271 1.976335
 4047.000000 -0.362715 -2.949749 1.976939
 4048.000000 -0.340077 2.763823 1.973081
 4049.000000 -0.300194 3.018645 1.978039
 4050.000000 -0.305849 2.593930 1.975851
 4051.000000 1.307792 2.665704 1.976746
 4052.000000 -0.305066 3.065153 1.975002
 4053.000000 1.196811 2.782337 1.964887
 4054.000000 -0.328897 2.654427 1.977342
 4055.000000 -0.305939 2.771629 1.974980
 4056.000000 1.378545 2.922709 1.979187
 4057.000000 0.806214 2.767606 1.971830
 4058.000000 -0.443167 3.084532 1.975444
 4059.000000 -0.269441 2.645463 1.977459
 4060.000000 -0.205619 2.921775 1.975800
 4061.000000 1.174554 2.717870 1.973552
 4062.000000 1.333122 2.340767 1.975497
 4063.000000 1.470804 2.437858 1.981719
 4064.000000 -0.161326 3.131511 1.975604
 4065.000000 -0.324859 2.690637 1.976277
 4066.000000 -0.425690 2.862178 1.974956
 4067.000000 0.983862 2.453701 1.971318
 4068.000000 -0.284654 2.750336 1.980437
 4069.000000 0.981777 2.834450 1.967040
 4070.000000 1.420450 -2.896612 1.971978
 4071.000000 -0.342664 2.650145 1.976671
 4072.000000 -0.455908 3.130572 1.977126
 4073.000000 -0.163457 2.594948 1.978211
 4074.000000 -0.248861 3.017185 1.975150
 4075.000000 1.340629 2.938251 1.983889
 4076.000000 1.691841 2.966912 1.980934
 4077.000000 -0.458250 2.757073 1.979519
 4078.000000 -0.417878 2.951976 1.976680
 4079.000000 -0.431636 3.141261 1.978509
 4080.000000 -0.251904 2.611508 1.978621
 4081.000000 -0.287276 2.928595 1.976098
 4082.000000 1.237321 2.708759 1.968958
 4083.000000 -0.425639 2.850573 1.978814
 4084.000000 0.965088 2.664445 1.976637
 4085.000000 -0.024053 2.581823 1.976951
 4086.000000 -0.376283 2.663330 1.979046
 4087.000000 -0.343397 2.284989 1.971059
 4088.000000 -0.273893 2.792152 1.979182
 4089.000000 1.369626 2.520976 1.975650
 4090.000000 1.283756 -3.113958 1.968608
 4091.000000 -0.340497 2.772321 1.976817
 4092.000000 -0.343273 2.940523 1.987983
 4093.000000 -0.331026 2.615454 1.973204
 4094.000000 -0.383457 2.764925 1.981255
 4095.000000 -0.436191 3.061746 1.973577
 4096.000000 1.322930 3.011026 1.970369
 4097.000000 -0.369112 2.968790 1.977832
 4098.000000 -0.330601 3.017559 1.976911
 4099.000000 1.542523 2.739316 1.979419
 4100.000000 -0.354262 3.047860 1.977883
 4101.000000 1.211524 2.781471 1.972962
 4102.000000 -0.457627 2.864272 1.983438
 4103.000000 1.310298 2.690219 1.971066
 4104.000000 -0.220894 -3.106877 1.979134
 4105.000000 -0.296011 -3.126379 1.979257
 4106.000000 -0.281785 2.648334 1.976981
 4107.000000 -0.442223 2.656598 1.974487
 4108.000000 -0.258192 2.762270 1.974512
 4109.000000 1.434465 2.713736 1.977460
 4110.000000 -0.369444 2.762203 1.982519
 4111.000000 -0.383789 3.070359 1.973415
 4112.000000 -0.364849 3.010638 1.978669
 4113.000000 -0.355710 2.883788 1.977471
 4114.000000 -0.376346 2.224792 1.981267
 4115.000000 1.605871 2.789315 1.980468
 4116.000000 1.169636 2.832370 1.973829
 4117.000000 0.956199 -2.758190 1.974914
 4118.000000 -0.089844 2.840871 1.977964
 4119.000000 1.089644 2.872329 1.977352
 4120.000000 -0.323124 2.953943 1.977476
 4121.000000 -0.255278 2.575602 1.981537
 4122.000000 1.320144 3.020644 1.975257
 4123.000000 0.565226 2.813346 1.967931
 4124.000000 0.734265 2.593109 1.973483
 4125.000000 -0.318553 -3.106462 1.980736
 4126.000000 -0.344668 2.734521 1.974591
 4127.000000 1.179227 -3.079742 1.981035
 4128.000000 -0.423360 2.776386 1.973154
 4129.000000 -0.241630 2.613980 1.974092
 4130.000000 1.215849 2.610537 1.978124
 4131.000000 1.470082 2.196392 1.975661
 4132.000000 -0.265570 -3.073792 1.967951
 4133.000000 -0.402646 2.733832 1.977579
 4134.000000 -0.289463 2.702976 1.974867
 4135.000000 -0.375673 2.605087 1.978822
 4136.000000 1.100307 2.665087 1.977153
 4137.000000 0.912177 2.554939 1.971134
 4138.000000 1.120380 2.965044 1.976858
 4139.000000 1.353435 -3.007068 1.971517
 4140.000000 1.148744 -2.964203 1.972444
 4141.000000 1.082855 -2.970367 1.977521
 4142.000000 1.123152 2.754565 1.966942
 4143.000000 1.009291 -2.857093 1.974902
 4144.000000 -0.635293 2.875538 1.978084
 4145.000000 -0.400008 -2.940485 1.974288
 4146.000000 0.991733 2.420580 1.972009
 4147.000000 1.487050 3.132946 1.972419
 4148.000000 -0.267722 2.856813 1.981814
 4149.000000 1.178145 2.780467 1.977776
 4150.000000 -0.385338 2.616600 1.969205
 4151.000000 -0.247811 3.042620 1.975390
 4152.000000 0.781625 2.732237 1.974873
 4153.000000 1.638315 2.682088 1.976562
 4154.000000 -0.494671 2.828585 1.972420
 4155.000000 -0.415945 2.829682 1.978951
 4156.000000 1.444040 2.634822 1.976041
 4157.000000 1.265502 2.908282 1.971878
 4158.000000 -0.172298 2.698974 1.973980
 4159.000000 -0.410913 2.655103 1.974363
 4160.000000 1.194795 2.491278 1.965975
 4161.000000 -0.263342 -2.996303 1.984988
 4162.000000 -0.360467 3.081621 1.979503
 4163.000000 -0.412676 -3.121339 1.977442
 4164.000000 -0.367457 2.703336 1.977778
 4165.000000 -0.282818 2.983584 1.971279
 4166.000000 -0.378542 2.711250 1.977974
 4167.000000 1.514483 2.680259 1.979872
 4168.000000 -0.327387 2.779868 1.977288
 4169.000000 -0.463167 2.681361 1.978451
 4170.000000 -0.347518 3.001433 1.974751
 4171.000000 -0.317821 2.901614 1.977647
 4172.000000 -0.394362 2.552138 1.974650
 4173.000000 0.996885 2.956855 1.973067
 4174.000000 -0.110714 2.837168 1.972829
 4175.000000 -0.397595 3.015106 1.977217
 4176.000000 1.276646 2.812034 1.974591
 4177.000000 1.349635 2.805620 1.975998
 4178.000000 -0.466385 2.948006 1.981061
 4179.000000 1.028466 2.907395 1.981374
 4180.000000 1.216654 2.862300 1.967381
 4181.000000 0.056632 2.761209 1.974682
 4182.000000 -0.419376 2.812200 1.972416
 4183.000000 -0.235513 2.734738 1.974209
 4184.000000 -0.333879 2.829839 1.975833
 4185.000000 -0.215947 2.851106 1.970880
 4186.000000 -0.316167 2.420175 1.967393
 4187.000000 -0.351142 2.637511 1.975510
 4188.000000 -0.368375 -3.123230 1.981387
 4189.000000 1.326661 2.776816 1.972301
 4190.000000 1.463316 2.440527 1.970880
 4191.000000 2.206856 2.307751 1.966697
 4192.000000 0.870404 2.446470 1.975840
 4193.000000 -0.566279 -3.093550 1.973290
 4194.000000 -0.365574 3.058009 1.991539
 4195.000000 -0.305267 3.127707 1.989301
 4196.000000 -0.266923 2.976632 1.987663
 4197.000000 -0.150496 2.938822 1.972131
 4198.000000 -0.396588 2.491172 1.977848
 4199.000000 -0.407630 3.128031 1.972026
 4200.000000 -0.291356 2.828601 1.976346
 4201.000000 -0.386174 2.426626 1.972221
 4202.000000 -0.124175 2.802396 1.971031
 4203.000000 -0.311779 2.822685 1.975896
 4204.000000 -0.317360 -2.869211 1.972131
 4205.000000 -0.386809 -2.899092 1.978670
 4206.000000 -0.347972 2.961667 1.977473
 4207.000000 1.342132 2.573686 1.978919
 4208.000000 0.893171 2.638056 1.977609
 4209.000000 -0.367666 2.816502 1.984565
 4210.000000 1.233463 2.716806 1.971797
 4211.000000 1.282716 2.605509 1.973873
 4212.000000 -0.326815 2.845169 1.977245
 4213.000000 -0.262975 2.805828 1.977790
 4214.000000 1.539341 2.811774 1.969336
 4215.000000 -0.433315 2.772422 1.971805
 4216.000000 1.088587 2.760978 1.969091
 4217.000000 -0.417526 3.109408 1.975214
 4218.000000 -0.467828 2.697445 1.980707
 4219.000000 1.297035 -3.047753 1.980015
 4220.000000 -0.404218 2.762981 1.976802
 4221.000000 -0.580956 3.117788 1.976515
 4222.000000 1.549348 2.912546 1.976839
 4223.000000 -0.276791 -3.127802 1.983173
 4224.000000 -0.411237 -2.937862 1.971770
 4225.000000 -0.131156 -2.996368 1.978649
 4226.000000 1.312679 2.572152 1.976101
 4227.000000 1.594632 2.840095 1.954780
 4228.000000 -1.214357 -2.295542 1.900075
 4229.000000 0.836024 -2.588230 1.895560
 4230.000000 0.362367 2.796049 1.867574
 4231.000000 -0.257382 -2.776428 1.923371
 4232.000000 0.416300 3.012519 1.969574
 4233.000000 1.237401 3.098839 1.879448
 4234.000000 -0.346122 2.809410 1.931935
 4235.000000 1.847207 2.317233 1.953029
 4236.000000 1.246663 2.762663 1.954025
 4237.000000 1.338131 2.386227 1.951598
 4238.000000 -1.013274 -3.017799 1.840911
 4239.000000 -0.109609 2.940562 1.729653
 4240.000000 -0.166587 2.531241 1.337662
 4241.000000 0.336602 -2.990211 1.680796
 4242.000000 -0.407768 -2.652737 1.790004
 4243.000000 -0.838358 -2.575739 1.618539
 4244.000000 0.313679 -2.455866 1.338104
 4245.000000 -2.142766 -2.179603 1.724408
 4246.000000 -1.406936 3.030701 1.931621
 4247.000000 0.425103 -3.093600 1.926139
 4248.000000 -1.361793 -2.799611 1.915613
 4249.000000 0.184507 -2.796159 1.939883
 4250.000000 -0.117588 -2.875131 1.908139
 4251.000000 1.393626 -2.689027 1.930192
 4252.000000 -0.327574 -2.648128 1.882981
 4253.000000 1.149114 -2.701987 1.807556
 4254.000000 1.145517 -2.689230 1.844476
 4255.000000 0.168542 -2.527323 1.962455
 4256.000000 1.186969 -2.784643 1.977002
 4257.000000 1.392316 -2.689134 1.976019
 4258.000000 1.186778 -2.863928 1.965869
 4259.000000 1.337202 -2.611028 1.961885
 4260.000000 0.334774 2.438690 1.794440
 4261.000000 0.162426 -2.850550 1.785804
 4262.000000 -0.315444 -2.914865 1.865713
 4263.000000 -1.744992 -2.773654 0.949743
 4264.000000 -0.410570 2.890268 1.839381
 4265.000000 1.100305 -2.827372 1.521142
 4266.000000 0.620800 -2.507477 1.972540
 4267.000000 -0.375951 -2.635538 1.955272
 4268.000000 0.429805 -2.838186 1.984234
 4269.000000 0.110507 -2.647834 1.981674
 4270.000000 1.314131 -2.215128 1.828060
 4271.000000 -0.559995 2.948100 1.844914
 4272.000000 -0.244576 -2.720818 1.823487
 4273.000000 0.370392 -3.081672 1.888248
 4274.000000 0.389114 -2.999906 1.709898
 4275.000000 0.425606 2.422145 1.695875
 4276.000000 -1.352617 -2.538611 1.678925
 4277.000000 0.139743 -2.716722 1.702010
 4278.000000 1.319032 -2.618748 1.727134
 4279.000000 0.169889 -2.784002 1.759570
 4280.000000 0.340813 -2.835415 1.821161
 4281.000000 0.381370 -2.777591 1.763396
 4282.000000 0.381019 -2.719739 1.728170
 4283.000000 0.205589 -2.936256 1.693061
 4284.000000 -1.374405 -2.737941 1.695107
 4285.000000 0.152514 -2.776099 1.659988
 4286.000000 0.402173 -2.537040 1.645291
 4287.000000 0.236138 2.844901 1.714561
 4288.000000 0.198078 -2.174593 1.726579
 4289.000000 0.427174 2.754197 1.744970
 4290.000000 0.305485 -2.866407 1.812814
 4291.000000 -1.218670 2.763724 1.914052
 4292.000000 -0.801748 2.992102 1.882925
 4293.000000 0.475822 -2.894220 1.931976
 4294.000000 0.325099 -3.051008 1.925400
 4295.000000 0.163466 2.809650 1.920540
 4296.000000 0.360469 2.954085 1.983429
 4297.000000 0.431563 2.933445 1.958494
 4298.000000 0.408358 -2.888436 1.976459
 4299.000000 0.489091 3.024610 1.979768
 4300.000000 0.446280 -2.528624 1.943604
 4301.000000 0.228890 -2.890306 1.925766
 4302.000000 0.257449 2.542734 1.883090
 4303.000000 0.526807 -2.808364 1.457217
 4304.000000 -0.400347 -2.688759 1.475784
 4305.000000 -0.150937 -2.836833 1.236997
 4306.000000 1.664784 -2.688261 1.892091
 4307.000000 0.094069 -1.850856 1.852492
 4308.000000 0.403241 -3.133685 1.829720
 4309.000000 0.408534 -3.068558 1.872601
 4310.000000 0.292736 -2.893600 1.869994
 4311.000000 0.427642 -2.878211 1.929298
 4312.000000 -0.480243 2.803543 1.779073
 4313.000000 0.273723 2.927794 1.819475
 4314.000000 0.383912 2.686772 1.957492
 4315.000000 0.481388 2.868259 1.909109
 4316.000000 0.233101 -2.597217 1.967647
 4317.000000 0.117306 -3.085345 1.942487
 4318.000000 0.339994 3.036901 1.943997
 4319.000000 0.233583 2.825820 1.854923
 4320.000000 0.167174 -2.766239 1.958094
 4321.000000 0.376852 2.399338 1.937392
 4322.000000 1.575741 -2.718089 1.511069
 4323.000000 -0.121304 -2.885247 1.934983
 4324.000000 0.464541 -2.751587 1.298669
 4325.000000 0.449770 -2.672096 1.798073
 4326.000000 -1.018618 -2.845290 1.784198
 4327.000000 -1.633780 -2.886770 1.922078
 4328.000000 0.774892 -2.585689 1.803274
 4329.000000 -1.231531 -2.647762 1.659379
 4330.000000 -0.213136 -2.631491 1.471047
 4331.000000 -0.378422 -2.649091 1.638247
 4332.000000 0.182875 2.546592 1.380428
 4333.000000 0.627432 -2.096242 1.954162
 4334.000000 0.459063 2.809629 1.718767
 4335.000000 0.427224 -2.838673 1.902828
 4336.000000 0.434081 -2.960380 1.942337
 4337.000000 0.176285 -2.636796 1.919666
 4338.000000 0.108478 -2.736377 1.685336
 4339.000000 -0.008113 -2.603970 1.083337
 4340.000000 0.144660 3.124229 1.537195
 4341.000000 -1.476176 -2.406988 1.938234
 4342.000000 1.433107 -2.731353 1.493573
 4343.000000 1.291478 -2.672071 1.546988
 4344.000000 0.188823 -2.378274 1.785283
 4345.000000 0.091893 -2.581165 1.864538
 4346.000000 0.598930 -2.894027 1.861165
 4347.000000 0.353101 -2.254505 1.984342
 4348.000000 0.254625 -2.430171 1.972660
 4349.000000 1.775530 3.055485 1.951367
 4350.000000 -0.404703 1.880864 1.932966
 4351.000000 -0.241729 2.771533 1.380869
 4352.000000 -0.291250 2.697751 1.920327
 4353.000000 -0.391708 2.531086 1.927638
 4354.000000 -0.301093 2.680844 1.820072
 4355.000000 0.331532 2.995297 1.184118
 4356.000000 0.339356 3.037216 1.824380
 4357.000000 0.421966 2.594679 1.775040
 4358.000000 -1.548015 2.808224 1.822516
 4359.000000 1.185037 -2.699059 1.779678
 4360.000000 0.076344 2.889325 1.681562
 4361.000000 -0.549850 -2.862572 1.757202
 4362.000000 0.264081 2.981644 1.849297
 4363.000000 0.544474 2.828987 1.765759
 4364.000000 0.260682 -2.505814 1.814187
 4365.000000 0.278634 -2.698392 1.840426
 4366.000000 0.207879 -2.201325 1.773021
 4367.000000 0.165897 -2.393892 1.841130
 4368.000000 1.837382 -2.794263 1.422323
 4369.000000 0.232098 2.891109 1.612925
 4370.000000 -1.038199 2.533756 1.661090
 4371.000000 0.173676 2.637202 1.696924
 4372.000000 0.149543 -1.903126 1.802844
 4373.000000 1.508310 -2.741793 1.553668
 4374.000000 -0.398843 -2.729275 1.382861
 4375.000000 1.237532 -2.336517 1.781523
 4376.000000 -0.342284 -2.730673 1.864205
 4377.000000 -1.119530 -1.879002 1.495028
 4378.000000 0.351831 2.979753 1.810472
 4379.000000 0.397626 -3.113941 1.760367
 4380.000000 1.436551 -2.758894 1.497288
 4381.000000 0.341507 -2.320979 1.376346
 4382.000000 -0.323126 2.837719 1.669568
 4383.000000 0.284347 2.532920 1.637292
 4384.000000 -0.006526 2.663139 1.508529
 4385.000000 0.399320 -2.781977 1.481329
 4386.000000 0.387117 -2.831870 1.635012
 4387.000000 -1.291219 -2.404462 1.737898
 4388.000000 -0.217392 -2.604791 1.621111
 4389.000000 0.467443 -2.855309 1.960508
 4390.000000 -0.007053 -2.667463 1.725455
 4391.000000 -1.818505 -2.680765 1.498251
 4392.000000 -1.650727 -2.838176 1.508738
 4393.000000 -0.387231 -2.832770 1.500930
 4394.000000 0.278516 -2.767447 1.956504
 4395.000000 0.323712 3.085856 1.770354
 4396.000000 0.358823 -2.659487 1.375631
 4397.000000 0.692125 3.039608 1.795798
 4398.000000 0.141324 -2.596323 1.877080
 4399.000000 0.387498 -2.377097 1.833848
 4400.000000 0.173739 2.886073 1.638147
 4401.000000 0.010856 3.093382 1.593317
 4402.000000 -1.173494 -3.078206 1.588421
 4403.000000 1.429233 -2.802331 1.818166
 4404.000000 1.474428 -2.408000 1.830832
 4405.000000 -0.369151 2.312366 1.906354
 4406.000000 -0.376907 2.702995 1.884460
 4407.000000 -0.544704 -2.412614 1.938153
 4408.000000 -0.539048 2.761657 1.894202
 4409.000000 1.103109 -2.983145 1.881049
 4410.000000 0.409732 2.912010 1.933417
 4411.000000 0.168284 -2.883472 1.876772
 4412.000000 0.172241 -2.862533 1.848422
 4413.000000 1.357472 -2.647744 1.828342
 4414.000000 0.840565 -2.730336 1.793615
 4415.000000 0.278885 3.051603 1.970504
 4416.000000 -0.421350 -2.604998 1.845477
 4417.000000 0.201342 -1.791975 1.881717
 4418.000000 -1.546998 -1.959822 1.598446
 4419.000000 0.286956 -2.147984 1.793995
 4420.000000 -1.116639 -2.314620 1.463877
 4421.000000 1.092362 2.748568 1.921059
 4422.000000 -1.222045 -2.398756 1.216959
 4423.000000 0.301047 -2.525868 1.613853
 4424.000000 0.205086 2.728374 1.881573
 4425.000000 0.456509 3.002992 1.434907
 4426.000000 0.557550 -2.876262 1.327716
 4427.000000 -0.326397 -2.634596 1.789492
 4428.000000 -0.341699 -2.429551 1.016057
 4429.000000 0.462066 -2.176105 1.323848
 4430.000000 0.348709 2.539927 1.814938
 4431.000000 -1.340549 -2.851988 1.668291
 4432.000000 -0.325754 -2.678053 1.752922
 4433.000000 -0.313190 -2.750746 1.693728
 4434.000000 -1.078613 -2.388235 1.714940
 4435.000000 -0.373374 -2.371801 1.771022
 4436.000000 -1.461311 2.320918 1.540799
 4437.000000 0.375432 -2.633531 1.822948
 4438.000000 1.692285 -2.733055 1.956575
 4439.000000 0.293390 -2.151941 0.915480
 4440.000000 0.446414 -2.912611 1.902255
 4441.000000 1.492394 2.581840 1.773509
 4442.000000 -0.407265 2.629981 1.895889
 4443.000000 -0.060345 2.490039 1.852289
 4444.000000 -0.335215 2.686404 1.876051
 4445.000000 -1.459025 -2.844419 1.811387
 4446.000000 -1.433885 -2.566261 1.215738
 4447.000000 0.513355 2.921559 1.220970
 4448.000000 -0.303766 -2.356435 1.936461
 4449.000000 -0.055898 -3.072032 1.788359
 4450.000000 -1.164418 3.084193 1.920490
 4451.000000 0.152295 -2.660677 1.864718
 4452.000000 -0.485567 -2.904848 1.861507
 4453.000000 1.769643 -2.385784 1.756467
 4454.000000 0.464960 -2.511810 1.909570
 4455.000000 0.458431 -2.616528 1.967112
 4456.000000 -1.435039 2.855084 1.886598
 4457.000000 0.432932 -2.685582 1.591968
 4458.000000 0.375308 -1.881565 1.332777
 4459.000000 -1.186102 -3.049534 1.795060
 4460.000000 0.286214 -2.602677 1.847382
 4461.000000 1.208544 -2.827650 1.754800
 4462.000000 1.528496 -2.721439 1.824054
 4463.000000 -1.595858 -2.965437 1.804367
 4464.000000 -0.122734 2.756965 1.659370
 4465.000000 0.399215 2.877365 1.559915
 4466.000000 0.402434 -2.192141 1.859404
 4467.000000 -1.193087 -3.045185 1.933472
 4468.000000 0.467184 -2.809248 1.456651
 4469.000000 0.338451 -2.993360 1.924490
 4470.000000 -1.508582 -2.718238 1.930945
 4471.000000 0.403397 3.131953 1.677958
 4472.000000 -0.530682 2.594247 0.998708
 4473.000000 -1.149932 3.000095 1.770091
 4474.000000 0.354368 3.010193 1.111152
 4475.000000 1.536652 -2.751778 1.746093
 4476.000000 1.121161 -2.878517 1.757496
 4477.000000 -1.715709 -2.498148 1.722143
 4478.000000 0.302291 -2.727863 0.983673
 4479.000000 -0.049019 -2.988888 1.826606
 4480.000000 -0.270081 -3.052460 1.726717
 4481.000000 -1.361938 3.046815 1.626629
 4482.000000 0.411667 -2.880118 1.949914
 4483.000000 0.949309 2.812576 1.912105
 4484.000000 -0.525032 -3.111339 1.838295
 4485.000000 0.249784 2.784910 1.846704
 4486.000000 -0.324899 -3.081498 1.975610
 4487.000000 0.497389 -2.950243 1.892839
 4488.000000 0.356086 3.119153 1.884691
 4489.000000 -0.426967 3.107225 1.862786
 4490.000000 0.298544 2.636459 1.874006
 4491.000000 -0.463133 -2.690555 1.838644
 4492.000000 -0.255005 -2.941736 1.847630
 4493.000000 -0.483377 2.982968 1.839315
 4494.000000 -1.587547 2.496109 1.901646
 4495.000000 -0.458085 -2.647544 1.910142
 4496.000000 0.983003 2.792301 1.917649
 4497.000000 -1.501306 -3.019483 1.898140
 4498.000000 0.512505 -3.014640 1.884153
 4499.000000 0.200930 -2.111262 1.917355
 4500.000000 0.327250 -2.833719 1.926559
 4501.000000 0.363334 -2.860504 1.878719
 4502.000000 1.155542 2.798956 1.873106
 4503.000000 1.443973 -2.787250 1.568126
 4504.000000 0.406123 -3.022368 1.526682
 4505.000000 -0.233218 -2.364716 1.936434
 4506.000000 -0.492858 2.824893 1.768761
 4507.000000 -0.540885 -2.065451 1.670107
 4508.000000 1.189917 -2.361622 1.920130
 4509.000000 0.382096 -2.527472 1.896611
 4510.000000 0.262153 -2.043152 1.882143
 4511.000000 0.323416 -2.331313 1.948514
 4512.000000 0.032354 -2.417705 1.950082
 4513.000000 0.932111 -1.968841 1.890794
 4514.000000 0.422099 -2.036355 1.788860
 4515.000000 0.287079 -2.888032 1.585137
 4516.000000 0.165481 -2.086427 1.717413
 4517.000000 -0.269904 -2.612854 1.784503
 4518.000000 0.467374 2.631684 1.953307
 4519.000000 0.214876 3.055915 1.885200
 4520.000000 -0.700349 -2.836855 1.766516
 4521.000000 -0.574044 -2.632399 1.402720
 4522.000000 -0.700933 -2.785009 1.831750
 4523.000000 0.613661 -2.528596 1.824721
 4524.000000 1.452749 -2.331980 1.839389
 4525.000000 0.836443 -2.215062 1.850217
 4526.000000 0.836429 -1.905197 1.956015
 4527.000000 1.187471 -1.678406 1.882964
 4528.000000 1.282855 -2.577312 1.650876
 4529.000000 0.805548 -2.206787 1.866999
 4530.000000 0.864356 -1.895290 1.947995
 4531.000000 -0.479332 -2.424803 1.736385
 4532.000000 0.626912 -1.905143 1.923903
 4533.000000 1.011810 -2.227397 1.957647
 4534.000000 -0.819046 -2.027240 1.948749
 4535.000000 -0.058291 -2.146494 1.844080
 4536.000000 -1.865314 2.228370 1.866391
 4537.000000 -0.289794 -2.336705 1.427989
 4538.000000 1.133330 -2.611641 1.449436
 4539.000000 0.342196 -3.016051 1.564891
 4540.000000 -1.170315 2.823127 1.701389
 4541.000000 0.056045 -2.721821 1.659465
 4542.000000 -1.240795 -3.073756 1.971200
 4543.000000 0.160982 -2.899175 1.502777
 4544.000000 0.351934 -2.755331 1.911477
 4545.000000 0.350346 -3.037535 1.880687
 4546.000000 0.308434 -2.790277 1.963420
 4547.000000 -0.005912 2.800271 1.981994
 4548.000000 0.195348 -2.797943 1.925371
 4549.000000 0.364719 -2.983457 1.988876
 4550.000000 0.206683 3.030532 1.990773
 4551.000000 0.316106 -2.773976 1.963725
 4552.000000 0.276963 3.007451 1.950010
 4553.000000 0.361277 -3.072700 1.968529
 4554.000000 0.278438 2.871878 1.978644
 4555.000000 0.220101 2.965905 1.790192
 4556.000000 0.385384 -2.797587 1.491786
 4557.000000 0.236962 2.873828 1.957705
 4558.000000 1.495773 2.767924 1.932017
 4559.000000 -1.022802 -2.717488 1.811426
 4560.000000 -1.019245 2.945290 1.852830
 4561.000000 -0.344447 -3.102649 1.805930
 4562.000000 0.913135 -2.956551 1.776468
 4563.000000 0.320526 2.785531 1.983771
 4564.000000 0.370147 2.821892 1.717229
 4565.000000 1.068092 3.079320 1.653330
 4566.000000 -0.369908 -1.854385 1.901221
 4567.000000 1.290373 2.499286 1.881770
 4568.000000 -0.392133 -3.088062 1.937866
 4569.000000 -1.299260 2.748431 1.887459
 4570.000000 0.236023 -2.844098 1.860368
 4571.000000 0.083978 3.089595 1.882506
 4572.000000 -1.004994 -2.826519 1.914681
 4573.000000 0.061714 2.969768 1.877235
 4574.000000 0.440957 -2.643530 1.920387
 4575.000000 0.365323 2.849410 1.881341
 4576.000000 -0.058335 -2.998757 1.976554
 4577.000000 1.084842 -3.090483 1.912286
 4578.000000 1.403085 2.828818 1.873061
 4579.000000 -0.296564 3.109034 1.809967
 4580.000000 0.329506 -3.139108 1.848905
 4581.000000 0.249071 -3.069112 1.865870
 4582.000000 0.285030 -2.459709 1.925192
 4583.000000 0.359147 -2.657905 1.956378
 4584.000000 0.355074 3.077549 1.840644
 4585.000000 0.225054 2.734215 1.756671
 4586.000000 0.340719 -3.108259 1.875085
 4587.000000 0.088512 -2.754201 1.734242
 4588.000000 -0.128464 -2.531126 1.904318
 4589.000000 -1.493631 -2.832610 1.928860
 4590.000000 -1.296506 -2.748550 1.876601
 4591.000000 0.030156 -2.770628 1.741003
 4592.000000 0.380456 -1.686814 1.923395
 4593.000000 1.244928 -1.845481 1.699294
 4594.000000 1.344025 -1.914760 1.887942
 4595.000000 1.105627 -1.952534 1.830682
 4596.000000 0.841180 -2.007915 1.901134
 4597.000000 1.321456 -2.276098 1.891833
 4598.000000 -0.022214 -1.554813 1.889686
 4599.000000 -1.420677 3.105928 1.619320
 4600.000000 -0.100435 -2.931896 1.892498
 4601.000000 0.356746 -2.617099 1.948709
 4602.000000 -1.263109 -2.453279 1.908998
 4603.000000 0.176991 -1.984673 1.875049
 4604.000000 -1.447184 -2.389395 1.941951
 4605.000000 0.073053 -2.090970 1.573057
 4606.000000 0.440360 -2.812541 1.870225
 4607.000000 0.291439 2.859362 1.829564
 4608.000000 0.503698 -2.669650 1.833410
 4609.000000 0.281551 2.841981 1.813182
 4610.000000 -1.487606 2.876570 1.877091
 4611.000000 -0.257263 -2.463987 1.587172
 4612.000000 0.461533 -2.719312 1.782153
 4613.000000 1.365398 -2.787475 1.938641
 4614.000000 -1.273260 2.548480 1.879388
 4615.000000 1.047151 -2.808404 1.892529
 4616.000000 0.278496 -2.715569 1.155051
 4617.000000 1.330707 -3.099998 1.474357
 4618.000000 -1.064029 -2.975805 1.681182
 4619.000000 0.946985 2.705712 1.938024
 4620.000000 -0.935820 -3.060361 1.770836
 4621.000000 0.437230 -2.978341 1.689234
 4622.000000 0.013047 -3.127548 1.443488
 4623.000000 0.263195 2.991466 1.648973
 4624.000000 1.296919 -2.806784 1.889751
 4625.000000 -0.351017 -2.658130 1.833424
 4626.000000 0.537893 -2.787313 1.627827
 4627.000000 -0.310044 3.092009 1.829125
 4628.000000 -0.068457 2.666904 1.735296
 4629.000000 -0.176654 -2.376726 1.609801
 4630.000000 0.367174 2.453839 1.744790
 4631.000000 -0.255012 -2.915664 1.249938
 4632.000000 -1.363885 -2.879704 1.816348
 4633.000000 0.398721 -3.127316 1.319729
 4634.000000 -1.566584 2.990638 1.621012
 4635.000000 0.268809 -2.462697 1.942462
 4636.000000 0.621688 3.067920 1.781429
 4637.000000 0.298021 2.911010 1.868174
 4638.000000 1.087740 3.043258 1.819684
 4639.000000 0.463286 -2.333683 1.768441
 4640.000000 0.426158 3.030196 1.775332
 4641.000000 0.134382 -2.799336 1.681432
 4642.000000 0.234193 -2.629990 1.714132
 4643.000000 -0.357539 -2.711837 1.890052
 4644.000000 -0.463641 2.637073 1.742358
 4645.000000 0.104439 2.937772 1.367646
 4646.000000 0.366551 2.865707 1.793760
 4647.000000 -1.372164 -2.659761 1.666764
 4648.000000 0.321583 -3.025171 1.944394
 4649.000000 0.176956 -2.806184 1.334528
 4650.000000 0.654321 -2.760458 1.631706
 4651.000000 0.286698 -2.950349 1.968901
 4652.000000 0.358583 -3.014535 1.977029
 4653.000000 0.078557 2.808161 1.946773
 4654.000000 0.263040 -2.605808 1.941923
 4655.000000 0.230964 -1.578921 1.909458
 4656.000000 0.204224 -2.827735 1.937213
 4657.000000 0.273973 3.115015 1.907055
 4658.000000 0.364533 -2.566858 1.916376
 4659.000000 0.233181 -1.918630 1.893843
 4660.000000 0.266311 -2.981809 1.528726
 4661.000000 0.249416 -2.770718 1.721964
 4662.000000 0.304312 -3.044298 1.821576
 4663.000000 0.420657 -2.992858 1.833339
 4664.000000 1.227364 -2.688914 1.818974
 4665.000000 -0.244375 -2.532768 1.729235
 4666.000000 -1.174132 -2.581830 1.680801
 4667.000000 0.128617 -2.986403 1.917963
 4668.000000 1.845981 2.798763 1.447131
 4669.000000 1.083813 2.663990 1.924510
 4670.000000 -1.661743 -1.985144 1.826282
 4671.000000 0.508087 -2.725271 1.831004
 4672.000000 1.406563 -2.569237 1.901799
 4673.000000 0.355249 -2.956392 1.881961
 4674.000000 -0.152189 -2.975038 1.094697
 4675.000000 0.161431 -2.640950 1.772867
 4676.000000 0.454939 -2.071432 1.903708
 4677.000000 -0.445120 -2.474429 1.742092
 4678.000000 0.434297 -3.073671 1.588270
 4679.000000 0.247419 -2.158707 1.782576
 4680.000000 0.999266 -2.700134 1.702641
 4681.000000 0.331842 3.034180 1.615571
 4682.000000 1.124784 -2.597994 1.915701
 4683.000000 0.017929 -2.748949 1.767648
 4684.000000 -0.543691 -2.569329 1.355548
 4685.000000 0.762416 -1.981157 1.934172
 4686.000000 -1.326058 -2.839608 1.179460
 4687.000000 0.367553 2.851269 1.867634
 4688.000000 0.184189 -2.823828 1.736696
 4689.000000 0.329241 -2.254668 1.352696
 4690.000000 0.140789 -2.037860 1.918201
 4691.000000 0.051978 -2.649194 1.548567
 4692.000000 -1.552242 -2.273465 1.799310
 4693.000000 0.222312 -2.185956 1.844410
 4694.000000 0.375812 -2.690688 1.865933
 4695.000000 0.578061 -2.920668 1.907415
 4696.000000 -1.368282 -2.679834 1.889476
 4697.000000 -0.262926 -2.619068 1.892341
 4698.000000 -0.549690 3.066285 1.896519
 4699.000000 0.063698 -2.880320 1.937005
 4700.000000 -0.023360 2.531831 1.947953
 4701.000000 0.424201 -3.116493 1.827302
 4702.000000 0.413835 2.763613 1.724065
 4703.000000 -0.389072 -2.675050 1.629837
 4704.000000 -0.360598 -2.543579 1.416169
 4705.000000 0.418495 -3.085511 1.781542
 4706.000000 0.194799 -2.954685 1.605788
 4707.000000 0.674378 -2.178019 1.893994
 4708.000000 2.042304 -2.938270 1.902989
 4709.000000 0.129050 -2.854877 1.861045
 4710.000000 -0.397524 -2.770365 1.943655
 4711.000000 -0.291341 -2.701385 1.895998
 4712.000000 -0.281236 2.631022 1.138863
 4713.000000 0.075051 -3.123159 1.563363
 4714.000000 0.437300 3.125876 1.835691
 4715.000000 0.264438 -2.306117 1.647624
 4716.000000 -0.295488 -2.763875 1.404233
 4717.000000 0.509811 -1.882971 1.812338
 4718.000000 0.223695 -2.183817 1.962864
 4719.000000 0.358671 -2.533840 1.956266
 4720.000000 0.251115 -2.285650 1.950742
 4721.000000 0.132048 -1.977933 1.936245
 4722.000000 0.323215 -2.914744 1.906463
 4723.000000 0.023318 -2.649652 1.861683
 4724.000000 0.147749 -2.181248 1.942907
 4725.000000 -0.032329 -2.275652 1.956545
 4726.000000 0.292379 -2.815364 1.981705
 4727.000000 0.451756 -2.599541 1.976526
 4728.000000 0.209850 -2.528369 1.990083
 4729.000000 -0.962948 -2.357388 1.923507
 4730.000000 0.176200 -2.424565 1.851801
 4731.000000 0.335314 2.491020 1.798911
 4732.000000 -0.300526 2.703001 1.464279
 4733.000000 -0.976410 2.713999 1.897145
 4734.000000 0.405563 -1.784499 1.789238
 4735.000000 0.520103 -2.781008 1.717297
 4736.000000 0.307497 -2.218647 1.902510
 4737.000000 -1.732772 -2.441484 1.848365
 4738.000000 -1.066503 -2.679945 1.883647
 4739.000000 0.498005 -1.653665 1.856613
 4740.000000 -0.087291 -3.055250 1.911093
 4741.000000 -0.603071 -1.758477 1.865927
 4742.000000 1.041944 -2.725611 1.886849
 4743.000000 1.411446 -3.029596 1.928633
 4744.000000 -0.600860 -2.744485 1.916612
 4745.000000 1.082033 -2.949356 1.936098
 4746.000000 -0.529417 -2.254940 1.904260
 4747.000000 1.104991 -2.723848 1.905344
 4748.000000 0.512557 -2.674789 1.863867
 4749.000000 0.495918 -2.850231 1.901097
 4750.000000 -0.575809 -2.913006 1.832527
 4751.000000 -0.301848 -3.088318 1.815690
 4752.000000 1.044227 -2.107990 1.940009
 4753.000000 0.936001 -2.643089 1.891271
 4754.000000 0.867210 -2.821935 1.870252
 4755.000000 0.408521 -2.915453 1.871766
 4756.000000 -0.456102 -3.063190 1.825979
 4757.000000 0.167226 -2.748516 1.850594
 4758.000000 -0.391741 -2.925672 1.884978
 4759.000000 -1.585763 2.634856 1.965567
 4760.000000 1.745378 -2.455940 1.824972
 4761.000000 -0.435881 -2.848222 1.907048
 4762.000000 0.263933 -2.402808 1.896503
 4763.000000 0.333315 -2.390609 1.885353
 4764.000000 1.027456 -2.849341 1.752351
 4765.000000 1.186574 -2.731112 1.933569
 4766.000000 -0.319597 3.029610 1.845532
 4767.000000 -0.973928 -2.627473 1.773407
 4768.000000 1.329313 -2.741417 1.751031
 4769.000000 -0.404832 2.176985 1.945126
 4770.000000 -1.214445 2.997149 1.708516
 4771.000000 -2.362647 2.688907 1.664140
 4772.000000 0.280423 -3.025442 1.553413
 4773.000000 1.573995 -2.448030 1.632431
 4774.000000 -0.210642 -2.380842 1.778891
 4775.000000 -0.393455 -2.586578 1.751298
 4776.000000 -0.311176 -2.968292 1.791844
 4777.000000 -0.270647 -2.913798 1.682650
 4778.000000 -0.446887 -2.927044 1.869852
 4779.000000 -0.617234 -2.846527 1.980557
 4780.000000 -0.438814 -2.667149 1.934887
 4781.000000 0.520542 -1.596442 1.942144
 4782.000000 0.443406 -2.425195 1.967502
 4783.000000 0.384907 2.788198 1.711475
 4784.000000 -1.383012 -2.373509 1.850225
 4785.000000 0.285056 -2.934883 1.751116
 4786.000000 0.242786 -3.043360 1.253231
 4787.000000 0.428558 -3.097266 1.416440
 4788.000000 0.259909 -2.807178 1.540270
 4789.000000 1.344185 -2.689167 1.795945
 4790.000000 0.510401 -2.536212 1.784034
 4791.000000 -0.133872 2.852010 1.794246
 4792.000000 -0.337210 2.998447 1.869434
 4793.000000 -1.489617 -3.134765 1.812527
 4794.000000 0.431906 -3.130403 1.818304
 4795.000000 0.204457 -2.754704 1.715597
 4796.000000 0.249519 -3.119277 1.921805
 4797.000000 0.321933 -2.643737 1.878677
 4798.000000 0.511592 -2.869161 1.192690
 4799.000000 -0.437809 -2.915212 1.809394
 4800.000000 0.665817 -2.893666 1.645224
 4801.000000 0.110657 -2.268447 1.675434
 4802.000000 1.089007 -2.144035 1.865581
 4803.000000 1.449524 -1.940540 1.904607
 4804.000000 1.068826 -2.069305 1.696341
 4805.000000 -0.350832 -2.796744 1.639623
 4806.000000 1.237509 -2.651842 1.428795
 4807.000000 1.133808 -2.755278 1.893291
 4808.000000 1.299829 -2.264024 1.887377
 4809.000000 -0.347408 -2.892284 1.822643
 4810.000000 0.499084 -2.765703 1.524401
 4811.000000 -1.555403 2.555630 1.793789
 4812.000000 -0.525531 -2.764605 1.652015
 4813.000000 -1.554743 2.699387 1.919652
 4814.000000 0.363103 -2.746846 1.504190
 4815.000000 0.389238 -2.708046 1.802774
 4816.000000 0.310402 -2.511960 1.710038
 4817.000000 0.172878 -2.990669 1.131617
 4818.000000 -0.363439 -2.471688 1.627338
 4819.000000 -0.417698 -2.748408 1.744831
 4820.000000 -0.450413 2.734197 1.535425
 4821.000000 -0.092769 3.062237 1.661300
 4822.000000 0.678811 -2.735218 1.885693
 4823.000000 -0.378251 -2.743771 1.466130
 4824.000000 -0.500371 -2.892962 1.935223
 4825.000000 -0.208165 2.582573 1.762404
 4826.000000 0.655934 -2.399442 1.765530
 4827.000000 -0.471781 -2.482346 1.805466
 4828.000000 0.407401 -2.776891 1.889702
 4829.000000 0.360853 2.675828 1.835852
 4830.000000 0.260177 -0.871719 1.662799
 4831.000000 0.429684 -2.615183 1.808574
 4832.000000 -1.032051 -2.837799 1.041065
 4833.000000 -0.372859 3.061130 1.577392
 4834.000000 -0.642474 2.761071 1.937835
 4835.000000 0.018004 2.899213 1.970035
 4836.000000 -1.559391 2.981964 1.974170
 4837.000000 1.081671 -3.051719 1.760128
 4838.000000 1.085624 -3.109251 1.860667
 4839.000000 -0.206070 -3.099945 1.796929
 4840.000000 0.361012 -2.697107 1.954750
 4841.000000 0.964053 -2.802877 1.787355
 4842.000000 0.485867 -3.097764 1.857862
 4843.000000 -1.041423 3.084930 1.559343
 4844.000000 1.146953 -2.835901 1.958182
 4845.000000 -1.445857 2.942853 1.870443
 4846.000000 -1.321350 -3.024782 1.810941
 4847.000000 0.535080 -2.656753 1.289065
 4848.000000 0.491172 -2.523998 1.953995
 4849.000000 -1.177921 -2.958397 1.912486
 4850.000000 0.455486 -2.983796 1.961805
 4851.000000 0.230002 -3.001004 1.948955
 4852.000000 0.054162 -3.114521 1.440884
 4853.000000 0.113520 -2.515000 1.745883
 4854.000000 0.434471 -2.720524 1.598396
 4855.000000 -0.422863 -2.790801 1.689414
 4856.000000 1.407128 -2.286822 1.757327
 4857.000000 0.227459 -2.578784 1.603416
 4858.000000 0.253587 -2.625328 1.677477
 4859.000000 -0.357078 -2.735501 1.669061
 4860.000000 0.363967 -3.046287 1.697516
 4861.000000 0.523359 -2.549784 1.431172
 4862.000000 -0.335173 -2.623303 1.760567
 4863.000000 -1.286927 2.740985 1.695781
 4864.000000 0.349800 2.448733 1.843969
 4865.000000 0.826323 -2.143849 1.867047
 4866.000000 1.376565 -1.793304 1.922869
 4867.000000 1.019218 -1.568345 1.869306
 4868.000000 0.255312 -1.835029 1.820318
 4869.000000 1.145475 -1.728119 1.958777
 4870.000000 0.962370 -1.943934 1.961875
 4871.000000 0.173040 -2.026264 1.978588
 4872.000000 0.679052 -2.349684 1.938683
 4873.000000 1.303801 -2.788118 1.410868
 4874.000000 0.397086 -2.730971 1.756008
 4875.000000 -0.283274 -2.795785 1.907763
 4876.000000 -0.062326 -2.590513 1.848168
 4877.000000 0.200470 -2.747213 1.920540
 4878.000000 1.960643 -2.851032 1.918871
 4879.000000 1.099224 -2.793625 1.755963
 4880.000000 0.849789 -2.846661 1.937127
 4881.000000 -1.048613 -2.315138 1.667298
 4882.000000 -0.389041 3.127183 1.908023
 4883.000000 -1.684281 -2.631846 1.269601
 4884.000000 1.466674 2.639113 1.532630
 4885.000000 1.423574 -2.847861 1.922384
 4886.000000 0.165501 -2.982782 1.820854
 4887.000000 1.146339 2.931473 1.705700
 4888.000000 0.291717 -2.449320 1.386433
 4889.000000 1.135236 2.762267 1.825105
 4890.000000 0.356333 -2.788817 1.610563
 4891.000000 0.375823 -2.933363 1.819323
 4892.000000 0.393287 2.462218 1.659361
 4893.000000 0.206354 2.435184 1.712983
 4894.000000 0.350497 -2.990089 1.794530
 4895.000000 0.304296 -2.742753 1.934782
 4896.000000 1.235339 -2.626253 1.836830
 4897.000000 1.176137 2.782863 1.954718
 4898.000000 1.496066 -2.786206 1.939209
 4899.000000 -1.520511 -2.644644 1.903687
 4900.000000 -0.174546 -3.074319 1.945452
 4901.000000 1.433378 2.384503 1.900486
 4902.000000 0.027040 -2.415082 1.826296
 4903.000000 -0.926476 -2.984461 1.668263
 4904.000000 -0.103715 2.751447 1.676447
 4905.000000 -0.395162 -2.367204 1.585302
 4906.000000 0.199394 2.809675 1.884915
 4907.000000 -1.323490 2.661272 1.944635
 4908.000000 0.372516 -3.066726 1.754411
 4909.000000 0.340820 -2.698863 1.722745
 4910.000000 0.527043 -2.690979 1.565396
 4911.000000 0.410075 -3.061791 1.681453
 4912.000000 0.539657 2.807206 1.829468
 4913.000000 -1.368991 2.860232 1.565510
 4914.000000 0.335254 -2.950217 1.765271
 4915.000000 -0.302410 -2.606866 1.874983
 4916.000000 -0.290952 2.780764 1.855510
 4917.000000 0.269252 -2.613106 1.810885
 4918.000000 0.159646 -2.437526 1.947002
 4919.000000 0.304533 2.717496 1.894989
 4920.000000 0.466708 2.708323 1.856829
 4921.000000 -1.249910 2.966070 1.888205
 4922.000000 -1.076596 -3.072105 1.734886
 4923.000000 0.265307 -2.419052 1.784277
 4924.000000 0.223568 -1.924424 1.936570
 4925.000000 0.865628 -2.413942 1.907003
 4926.000000 0.737038 -2.304974 1.937549
 4927.000000 1.642099 -2.107952 1.929202
 4928.000000 -0.339562 -2.116266 1.919295
 4929.000000 -0.414068 -2.586156 1.901418
 4930.000000 -0.909705 -2.755230 1.909408
 4931.000000 1.370427 -2.798581 1.469386
 4932.000000 0.456533 -2.547162 1.902373
 4933.000000 0.260477 -2.816242 1.677140
 4934.000000 0.445611 -1.932193 1.898856
 4935.000000 0.272724 -2.711369 1.879426
 4936.000000 0.011185 -2.752923 1.862112
 4937.000000 0.490163 -2.917498 1.874801
 4938.000000 0.256002 3.042854 1.715722
 4939.000000 -0.049636 -2.798100 1.093780
 4940.000000 1.347194 -2.777716 1.724846
 4941.000000 -0.170440 -3.098469 1.907119
 4942.000000 0.302200 2.937532 1.865533
 4943.000000 0.384686 2.972871 1.714362
 4944.000000 -0.284521 3.087676 1.702977
 4945.000000 -0.099323 2.871698 1.599683
 4946.000000 0.145651 3.012187 1.920151
 4947.000000 0.378061 2.884598 1.762762
 4948.000000 0.338370 3.051066 1.830887
 4949.000000 -1.206584 -2.875522 1.783981
 4950.000000 0.480346 -2.459114 1.901595
 4951.000000 -0.411434 -2.635056 1.847074
 4952.000000 -0.324942 -2.700616 1.880268
 4953.000000 1.316369 -3.131483 1.980366
 4954.000000 -0.650192 2.820399 1.751978
 4955.000000 0.389162 -2.639313 1.620871
 4956.000000 0.301816 -2.560840 1.805748
 4957.000000 0.260992 -2.753056 1.928434
 4958.000000 0.328976 -2.634581 1.950326
 4959.000000 0.400410 -3.138951 1.930035
 4960.000000 0.085896 2.868134 1.953397
 4961.000000 0.299644 2.827262 1.977883
 4962.000000 0.447779 -2.811885 1.962138
 4963.000000 0.381446 3.004251 1.957215
 4964.000000 0.440936 2.452872 1.828229
 4965.000000 0.389670 -2.547361 1.484151
 4966.000000 1.529329 2.926096 1.900200
 4967.000000 0.331253 2.671445 1.861580
 4968.000000 -0.621013 -2.080275 1.081037
 4969.000000 0.031904 -2.801131 1.717751
 4970.000000 0.325091 -3.062640 1.816073
 4971.000000 1.127594 -2.788995 1.648683
 4972.000000 0.507490 2.803438 1.243254
 4973.000000 0.171115 -2.511753 1.785679
 4974.000000 1.216992 -2.702382 1.475441
 4975.000000 0.192644 -2.827310 1.256396
 4976.000000 0.381857 -2.683620 1.342816
 4977.000000 0.201582 -2.272321 1.774372
 4978.000000 0.387686 2.925269 1.893602
 4979.000000 -1.592833 -2.625461 1.936069
 4980.000000 0.499607 -1.656970 1.705098
 4981.000000 -0.465028 2.630406 1.788929
 4982.000000 0.360439 2.717724 1.729832
 4983.000000 0.465937 -2.939041 1.627448
 4984.000000 0.439141 -3.051288 1.727905
 4985.000000 -0.501080 -2.830191 1.886381
 4986.000000 -0.577338 2.862675 1.788234
 4987.000000 -1.556737 -2.856552 1.720828
 4988.000000 0.278384 -2.731192 1.558980
 4989.000000 -1.061591 -2.735448 1.710243
 4990.000000 0.160021 -2.740701 1.701873
 4991.000000 0.244980 -2.670237 1.637762
 4992.000000 -1.407162 -2.477214 1.678887
 4993.000000 0.143826 -2.228612 1.947422
 4994.000000 0.334045 -2.646403 1.588179
 4995.000000 1.169872 -2.568458 1.742180
 4996.000000 0.308010 -2.723872 1.722078
 4997.000000 1.276325 3.081399 1.296257
 4998.000000 -1.162563 -1.792223 1.817242
 4999.000000 0.367828 -3.052545 1.885993
 5000.000000 0.114154 -2.485269 1.876188
 5001.000000 -1.160028 -2.953443 1.960426
 5002.000000 -1.589859 -2.933209 1.472260
 5003.000000 0.388510 2.755225 1.913460
 5004.000000 -0.394769 -2.872040 1.244861
 5005.000000 -0.398712 -2.726115 1.586802
 5006.000000 0.515893 2.746589 1.831248
 5007.000000 0.136504 2.729562 1.876308
 5008.000000 0.187539 -2.947443 1.871556
 5009.000000 0.454075 3.118348 1.916506
 5010.000000 -1.667053 -1.892031 1.765715
 5011.000000 -0.008195 -2.472999 1.896071
 5012.000000 0.290536 -2.522926 1.984163
 5013.000000 1.444528 -2.997578 1.898344
 5014.000000 -0.408335 2.658527 1.861452
 5015.000000 -0.348345 -2.823241 1.589411
 5016.000000 -0.106341 -2.377211 1.399817
 5017.000000 0.319327 2.966576 1.563937
 5018.000000 0.340812 -3.014351 1.745882
 5019.000000 -1.598154 2.608678 1.679207
 5020.000000 -1.403717 3.018837 1.684700
 5021.000000 -1.139116 -2.959309 1.572474
 5022.000000 0.444898 -2.748343 1.800461
 5023.000000 1.162442 -2.746546 1.568204
 5024.000000 1.114272 -2.778576 1.973961
 5025.000000 -1.171719 -2.388517 1.655056
 5026.000000 0.098420 2.865100 1.782502
 5027.000000 -1.483761 2.563777 1.747348
 5028.000000 -0.412127 -3.085833 1.639824
 5029.000000 0.460531 -2.342463 1.879647
 5030.000000 1.005294 -2.912974 1.917486
 5031.000000 0.868357 -2.181166 1.827749
 5032.000000 1.004835 -2.506132 1.867556
 5033.000000 -0.496322 -2.631303 1.829421
 5034.000000 -0.207293 3.086127 1.754204
 5035.000000 -1.295845 -3.116616 1.693615
 5036.000000 -0.276079 -2.857269 1.530037
 5037.000000 0.289540 -2.455626 1.863027
 5038.000000 0.272997 -2.702128 1.875613
 5039.000000 0.324846 2.588108 1.871970
 5040.000000 -0.159561 -2.613926 1.934250
 5041.000000 -1.640480 -2.479039 1.843694
 5042.000000 1.187303 -2.680535 1.880182
 5043.000000 0.451227 3.130512 1.505383
 5044.000000 -1.713157 -2.393336 1.971926
 5045.000000 -0.436585 -2.729133 1.936880
 5046.000000 -0.307762 -2.426557 1.941723
 5047.000000 -0.290178 -2.727911 1.257442
 5048.000000 0.506086 3.066134 1.948789
 5049.000000 0.320195 -2.643330 1.981754
 5050.000000 0.429452 -2.606141 1.946095
 5051.000000 0.132252 2.376082 1.942035
 5052.000000 1.811254 2.959108 1.932353
 5053.000000 0.254601 -2.198474 1.833114
 5054.000000 0.996763 -2.940057 1.928528
 5055.000000 0.615883 -2.859379 1.932708
 5056.000000 -0.383291 2.798407 1.947450
 5057.000000 0.131462 -2.647129 1.892239
 5058.000000 -0.288642 -3.008351 1.900077
 5059.000000 0.342207 -2.751431 1.730097
 5060.000000 0.020588 -2.727078 1.765954
 5061.000000 0.470656 -2.544734 1.901229
 5062.000000 -1.776687 2.565467 1.826762
 5063.000000 -0.105932 -2.624568 1.692848
 5064.000000 -1.357070 -1.994484 1.857633
 5065.000000 -1.732042 -2.454390 1.645681
 5066.000000 0.430995 2.587127 1.910196
 5067.000000 0.361022 2.316281 1.952611
 5068.000000 -0.637855 -3.019508 1.258619
 5069.000000 1.276892 -2.908216 1.877825
 5070.000000 -0.995127 -2.524335 1.536879
 5071.000000 0.313452 -2.542204 1.835873
 5072.000000 1.118595 -2.670539 0.889120
 5073.000000 -1.131443 2.879151 1.980284
 5074.000000 -0.970641 -2.513146 1.978478
 5075.000000 0.148970 -2.853147 1.925460
 5076.000000 0.086267 -2.717229 1.605601
 5077.000000 0.181437 -2.878529 1.869340
 5078.000000 0.229276 -3.006706 1.758192
 5079.000000 -0.393920 -2.829167 1.523494
 5080.000000 0.295816 -2.629316 1.372187
 5081.000000 0.081826 -3.020450 1.800971
 5082.000000 0.203288 -2.431073 1.861953
 5083.000000 -0.344824 -3.058069 1.813720
 5084.000000 -0.384262 2.801388 1.811182
 5085.000000 -0.706704 2.916892 1.243189
 5086.000000 0.428607 -2.462886 1.638635
 5087.000000 1.540546 2.786143 1.691416
 5088.000000 1.381219 -2.348218 1.707213
 5089.000000 -0.075103 -3.121320 0.746209
 5090.000000 0.352875 -1.885926 1.040086
 5091.000000 -0.527723 -2.823167 1.848532
 5092.000000 0.348468 -2.695572 1.940821
 5093.000000 -1.564488 -2.821740 1.920483
 5094.000000 0.482731 3.138053 1.929412
 5095.000000 0.519431 2.905031 1.718062
 5096.000000 0.369389 2.671003 1.883850
 5097.000000 0.290176 -2.667568 1.795422
 5098.000000 0.237894 -2.886823 0.718357
 5099.000000 0.389702 -2.646327 1.860918
 5100.000000 -0.011102 2.617713 1.803797
 5101.000000 0.394141 3.046649 1.163301
 5102.000000 -0.923111 -2.924304 1.784902
 5103.000000 0.343518 -2.643684 1.945494
 5104.000000 1.569470 -2.803319 1.669779
 5105.000000 0.455471 2.650985 1.803452
 5106.000000 -0.409603 -2.649688 1.804883
 5107.000000 1.057191 2.862966 1.959269
 5108.000000 0.124437 -2.693959 1.814990
 5109.000000 0.428725 2.773399 1.838203
 5110.000000 -0.950171 -2.940739 1.809805
 5111.000000 1.402548 -2.879288 1.821846
 5112.000000 -0.321359 2.525204 1.915714
 5113.000000 -0.301585 2.822638 1.935679
 5114.000000 -1.046368 -2.853023 1.970431
 5115.000000 0.421306 -1.651782 1.490771
 5116.000000 -0.458649 -2.741437 1.570435
 5117.000000 1.300561 -2.681226 1.023943
 5118.000000 0.357637 -2.909460 1.500003
 5119.000000 -0.551093 -2.329988 1.910540
 5120.000000 -1.395450 -2.713251 1.691033
 5121.000000 -0.216945 3.082595 1.729995
 5122.000000 -0.812520 -2.585614 1.872676
 5123.000000 -1.151074 -3.030854 1.890692
 5124.000000 0.360488 -2.886324 1.820171
 5125.000000 -1.152965 -2.938096 1.754927
 5126.000000 -1.270692 2.642450 1.906947
 5127.000000 -0.420694 -2.779632 1.794190
 5128.000000 -0.048480 -2.742706 1.902160
 5129.000000 1.369248 -2.749132 1.753720
 5130.000000 1.243460 -2.792664 1.547262
 5131.000000 -0.460091 -2.658039 1.775931
 5132.000000 0.478253 -2.359271 1.775054
 5133.000000 -0.217157 -2.864569 1.700701
 5134.000000 -1.370105 -2.352666 1.578821
 5135.000000 0.373409 -2.641051 1.795749
 5136.000000 0.484740 -2.781042 1.637710
 5137.000000 -1.279020 -2.628725 1.800545
 5138.000000 -0.201434 -2.681827 1.769648
 5139.000000 -0.421107 -2.752007 1.952128
 5140.000000 0.328584 -2.568297 1.974133
 5141.000000 0.441038 -2.536208 1.978792
 5142.000000 -0.360769 -2.735614 1.568137
 5143.000000 -0.426412 2.981064 1.910812
 5144.000000 0.489585 3.141034 1.888664
 5145.000000 -1.480348 2.940476 1.712461
 5146.000000 -0.396757 2.742930 1.926779
 5147.000000 -0.390298 2.902099 1.851414
 5148.000000 0.494059 2.784015 1.739647
 5149.000000 -0.986051 -2.928080 1.669087
 5150.000000 0.264065 -2.965538 1.915847
 5151.000000 -0.416379 -2.570166 1.905418
 5152.000000 0.276961 -2.468097 0.961504
 5153.000000 -1.291667 -3.029361 1.895976
 5154.000000 1.439372 -2.941357 1.961174
 5155.000000 1.098696 2.669230 1.777488
 5156.000000 0.476092 -2.988768 1.616331
 5157.000000 0.385757 -2.921699 1.791728
 5158.000000 0.066616 -2.802948 1.604681
 5159.000000 -0.342223 -3.041842 1.633715
 5160.000000 1.128475 -2.577650 1.820654
 5161.000000 -0.353872 -2.925964 1.930664
 5162.000000 0.106113 -2.962445 1.736545
 5163.000000 0.068731 -2.247994 1.781488
 5164.000000 0.367585 -2.551639 1.353033
 5165.000000 -0.390771 2.709911 1.793034
 5166.000000 -0.535117 -3.107480 1.922041
 5167.000000 1.111295 2.612602 1.745434
 5168.000000 0.792032 -2.593221 1.842887
 5169.000000 0.249450 -2.919126 1.750733
 5170.000000 -1.334817 -2.749401 1.803881
 5171.000000 0.321738 -2.945730 1.939720
 5172.000000 -1.186433 2.963643 1.418747
 5173.000000 0.169749 -1.881618 1.811375
 5174.000000 0.148679 -2.392754 1.969788
 5175.000000 0.426442 -2.246628 1.955840
 5176.000000 0.222545 -2.471972 1.901797
 5177.000000 0.378212 -2.485680 1.933708
 5178.000000 0.383398 -2.450871 1.952882
 5179.000000 0.406726 -2.377876 1.914534
 5180.000000 0.373711 -2.492091 1.925264
 5181.000000 0.302689 -2.665951 1.948752
 5182.000000 0.498460 -2.837585 1.942706
 5183.000000 0.210345 -2.637227 1.883999
 5184.000000 0.193980 -2.468691 1.793275
 5185.000000 0.296202 2.991633 1.702334
 5186.000000 -1.126690 -2.048565 1.472271
 5187.000000 0.405267 -2.627843 1.612863
 5188.000000 -1.159420 -2.810260 1.829853
 5189.000000 0.378789 -2.529839 1.865532
 5190.000000 0.362952 -2.850883 1.034132
 5191.000000 0.209779 -2.623757 1.341436
 5192.000000 0.432538 -2.398078 1.764667
 5193.000000 -1.126872 -2.900102 1.823601
 5194.000000 -1.303848 2.889449 1.841160
 5195.000000 -1.362902 2.775552 1.776156
 5196.000000 0.445333 -2.517346 1.945490
 5197.000000 -0.337726 -2.327652 1.903131
 5198.000000 1.054081 -2.250883 1.967000
 5199.000000 -0.509902 -2.692867 1.965946
 5200.000000 -0.499536 -2.366489 1.980461
 5201.000000 -0.386910 -2.702582 1.968381
 5202.000000 -0.440345 -2.060140 1.975613
 5203.000000 -0.310707 -2.048110 1.978674
 5204.000000 -0.331234 -2.699389 1.928047
 5205.000000 -0.409802 -2.604570 1.965473
 5206.000000 -0.009042 -2.457278 1.975070
 5207.000000 -0.224633 -2.494885 1.974676
 5208.000000 -0.341721 -2.216754 1.980083
 5209.000000 -0.260787 -2.439619 1.978027
 5210.000000 -0.402368 -2.639036 1.981325
 5211.000000 -0.393077 -1.536031 1.980705
 5212.000000 -0.378619 -2.277261 1.981391
 5213.000000 -0.295533 -2.825152 1.982716
 5214.000000 -0.556820 -2.055884 1.980616
 5215.000000 -0.428931 -2.349367 1.984325
 5216.000000 -0.365950 -2.778089 1.982956
 5217.000000 -0.258450 -2.063179 1.980811
 5218.000000 -0.300776 -2.655013 1.979366
 5219.000000 -0.360625 -2.171476 1.980158
 5220.000000 -0.299383 -2.822426 1.972909
 5221.000000 -0.123491 -1.852381 1.977786
 5222.000000 -0.314858 -2.363281 1.982126
 5223.000000 -0.380099 -2.502127 1.983050
 5224.000000 -0.348163 -2.073133 1.983256
 5225.000000 -0.342728 -2.720784 1.983772
 5226.000000 -0.454817 -2.598492 1.976833
 5227.000000 -0.436460 -2.244863 1.978536
 5228.000000 1.490143 -1.472322 1.980496
 5229.000000 -0.308290 -2.014766 1.978840
 5230.000000 -0.276349 -2.088771 1.979038
 5231.000000 -0.245777 -2.598525 1.977912
 5232.000000 -0.362099 2.735645 1.976065
 5233.000000 -0.315795 3.045756 1.975114
 5234.000000 -0.433605 2.886019 1.980174
 5235.000000 0.982122 -2.824644 1.973845
 5236.000000 -0.488926 2.546100 1.980287
 5237.000000 -0.486536 2.838358 1.982431
 5238.000000 -0.289534 2.542362 1.979178
 5239.000000 1.428588 2.479970 1.970918
 5240.000000 1.169730 3.053535 1.972189
 5241.000000 -0.459370 2.635584 1.974502
 5242.000000 -0.412904 2.836819 1.972399
 5243.000000 -0.401070 2.751730 1.979885
 5244.000000 -0.359884 2.701732 1.978812
 5245.000000 -0.153139 3.136899 1.976056
 5246.000000 -0.414153 2.918237 1.978473
 5247.000000 -0.246493 -3.075132 1.978127
 5248.000000 1.675610 2.336272 1.976192
 5249.000000 -0.486031 3.105445 1.975886
 5250.000000 1.272898 2.683384 1.971254
 5251.000000 -0.549237 2.909585 1.974591
 5252.000000 -0.358360 2.566692 1.975139
 5253.000000 1.274490 -3.002401 1.975736
 5254.000000 -0.297613 -2.930479 1.976679
 5255.000000 1.319432 -3.042773 1.974784
 5256.000000 1.054151 2.482955 1.969372
 5257.000000 -0.433048 2.550695 1.978312
 5258.000000 -0.445036 2.552862 1.980860
 5259.000000 0.958398 2.830503 1.970901
 5260.000000 -0.468138 3.120892 1.975009
 5261.000000 -0.353776 -2.992283 1.980341
 5262.000000 -0.529097 3.131353 1.981170
 5263.000000 1.442318 2.424589 1.984504
 5264.000000 1.334352 2.697564 1.979922
 5265.000000 1.494289 3.074115 1.966667
 5266.000000 2.189842 -3.131265 1.977350
 5267.000000 -0.293811 2.995779 1.981864
 5268.000000 -0.412332 2.846901 1.976067
 5269.000000 -0.443059 2.644536 1.978673
 5270.000000 -0.334143 2.950444 1.978297
 5271.000000 1.402131 2.981423 1.966349
 5272.000000 -0.366894 2.528210 1.980058
 5273.000000 -0.433025 -3.084186 1.977453
 5274.000000 -0.272686 2.260313 1.967561
 5275.000000 1.463378 2.467693 1.975718
 5276.000000 1.149459 2.995324 1.975981
 5277.000000 -0.455538 2.723029 1.984546
 5278.000000 -0.261239 -3.011530 1.971014
 5279.000000 -0.457239 -3.100616 1.973804
 5280.000000 1.090704 -3.113683 1.963843
 5281.000000 -0.211568 2.641826 1.973761
 5282.000000 -0.332164 2.720759 1.976233
 5283.000000 0.066764 2.878472 1.969695
 5284.000000 -0.395021 2.782341 1.972711
 5285.000000 -0.512904 2.999254 1.976392
 5286.000000 -0.373324 2.650139 1.978816
 5287.000000 -0.386561 2.828582 1.978011
 5288.000000 -0.544051 -2.848213 1.966766
 5289.000000 -0.239223 -2.987940 1.972023
 5290.000000 -0.351242 -2.928089 1.966231
 5291.000000 -0.430596 -3.020465 1.974999
 5292.000000 -0.481833 2.633887 1.977531
 5293.000000 1.358790 2.848782 1.974820
 5294.000000 -0.316790 2.947158 1.977660
 5295.000000 1.096669 2.997516 1.974540
 5296.000000 -0.264351 -3.038249 1.977928
 5297.000000 1.406393 2.651958 1.971543
 5298.000000 -0.431000 3.015671 1.981153
 5299.000000 -0.314082 3.115987 1.976437
 5300.000000 -0.358341 3.062397 1.973231
 5301.000000 1.173343 2.791700 1.975007
 5302.000000 -0.435999 2.651681 1.973807
 5303.000000 -0.501693 -3.126283 1.971961
 5304.000000 -0.482671 -3.122166 1.981244
 5305.000000 1.465596 2.658170 1.972504
 5306.000000 0.947334 2.947529 1.970437
 5307.000000 -0.438049 2.385285 1.974738
 5308.000000 1.141940 2.705360 1.972599
 5309.000000 2.089862 2.979460 1.977510
 5310.000000 1.784377 2.806537 1.968072
 5311.000000 1.024742 2.827293 1.977441
 5312.000000 -0.335569 2.740486 1.976226
 5313.000000 -0.219783 2.672579 1.978896
 5314.000000 1.486497 3.078161 1.977270
 5315.000000 -0.412602 2.720721 1.979432
 5316.000000 -0.375429 2.905279 1.979600
 5317.000000 -0.239841 -2.936944 1.972707
 5318.000000 -0.438033 2.808319 1.977694
 5319.000000 -0.409134 2.469483 1.974667
 5320.000000 1.274337 2.761364 1.969717
 5321.000000 -0.280221 2.666383 1.980625
 5322.000000 -0.156784 3.051771 1.985874
 5323.000000 -0.462680 -2.896601 1.977444
 5324.000000 1.216485 3.140535 1.967555
 5325.000000 -0.395897 3.032470 1.980597
 5326.000000 1.131582 -2.904429 1.974205
 5327.000000 1.100228 2.604585 1.972078
 5328.000000 -0.629799 -2.922490 1.987543
 5329.000000 1.284213 3.031965 1.978382
 5330.000000 -0.347773 2.885236 1.978496
 5331.000000 -0.418551 2.964285 1.971314
 5332.000000 -0.358343 2.953681 1.976742
 5333.000000 -0.169109 2.363844 1.970976
 5334.000000 1.168699 3.009640 1.966591
 5335.000000 -0.368636 2.648851 1.979663
 5336.000000 -0.359711 -2.947782 1.976551
 5337.000000 -0.340332 2.704650 1.980611
 5338.000000 -0.340446 3.006621 1.979479
 5339.000000 -0.382631 -3.024063 1.980884
 5340.000000 1.614311 2.983812 1.977516
 5341.000000 1.095983 2.663571 1.985247
 5342.000000 -0.363902 3.022979 1.978097
 5343.000000 -0.431471 -3.078953 1.981910
 5344.000000 0.886769 2.866193 1.980059
 5345.000000 0.993803 2.930999 1.970330
 5346.000000 -0.281747 2.684104 1.975084
 5347.000000 -0.339135 2.933646 1.971699
 5348.000000 -0.327254 -3.104376 1.978076
 5349.000000 -0.183440 -2.996975 1.968327
 5350.000000 1.156559 2.718390 1.967422
 5351.000000 -0.377144 1.859253 1.979895
 5352.000000 -0.350419 -3.047246 1.974049
 5353.000000 -0.451673 2.525455 1.985773
 5354.000000 -0.250547 3.019500 1.976107
 5355.000000 1.116809 2.777307 1.975132
 5356.000000 -0.384791 2.407129 1.972715
 5357.000000 1.018347 -3.138776 1.978705
 5358.000000 -0.350600 2.965913 1.978641
 5359.000000 -0.364204 2.715093 1.978805
 5360.000000 -0.345142 3.077987 1.977724
 5361.000000 -0.393985 -3.002183 1.978271
 5362.000000 1.540109 2.723398 1.976047
 5363.000000 -0.456716 2.545401 1.981333
 5364.000000 1.564499 -3.106940 1.978218
 5365.000000 0.902361 -2.995040 1.975469
 5366.000000 -0.482409 2.791583 1.980394
 5367.000000 1.226297 2.855696 1.978384
 5368.000000 1.566613 2.905326 1.976498
 5369.000000 1.201375 2.528556 1.975340
 5370.000000 -0.417284 -3.084736 1.974319
 5371.000000 1.286229 -2.949815 1.969800
 5372.000000 1.228863 3.133214 1.973673
 5373.000000 -0.349245 2.908385 1.974331
 5374.000000 -0.415383 2.545569 1.977494
 5375.000000 -0.341910 2.653688 1.978735
 5376.000000 1.100467 2.616573 1.982405
 5377.000000 -0.438238 2.892521 1.966697
 5378.000000 -0.399860 2.703958 1.980901
 5379.000000 -0.431843 2.437143 1.980975
 5380.000000 -0.185226 2.501640 1.986301
 5381.000000 1.325722 2.911992 1.974264
 5382.000000 -0.238449 2.967784 1.979024
 5383.000000 1.154886 2.887294 1.979276
 5384.000000 1.263037 -3.060658 1.977385
 5385.000000 1.457341 -3.005642 1.973183
 5386.000000 -0.440724 2.954132 1.976172
 5387.000000 -0.456972 2.978344 1.990135
 5388.000000 0.014899 2.833763 1.980648
 5389.000000 -0.241159 2.908810 1.978071
 5390.000000 -0.370975 2.761464 1.984313
 5391.000000 -0.413783 -2.916576 1.987533
 5392.000000 -0.154426 2.955213 1.975896
 5393.000000 -0.207320 2.836341 1.974967
 5394.000000 -0.479689 3.058249 1.976304
 5395.000000 1.446224 2.517445 1.975758
 5396.000000 -0.405561 3.091940 1.979967
 5397.000000 -0.424487 2.841865 1.982109
 5398.000000 1.904294 2.745222 1.979049
 5399.000000 1.136001 2.758200 1.975110
 5400.000000 1.096626 2.530333 1.977374
 5401.000000 -0.349076 2.733145 1.976969
 5402.000000 -0.337250 -2.975335 1.986411
 5403.000000 1.809860 2.652678 1.976217
 5404.000000 -0.475960 2.638881 1.979013
 5405.000000 -0.333273 2.805081 1.977898
 5406.000000 -0.284039 2.635555 1.978607
 5407.000000 -0.337341 2.961658 1.972523
 5408.000000 -0.462843 -3.037071 1.974506
 5409.000000 1.242487 -2.934764 1.973423
 5410.000000 -0.361558 2.931780 1.980622
 5411.000000 -0.489839 3.043291 1.978028
 5412.000000 -0.289815 2.887020 1.974860
 5413.000000 0.314139 3.061214 1.971579
 5414.000000 -0.423932 -2.450571 1.954287
 5415.000000 0.418271 2.835493 1.971410
 5416.000000 0.514229 -2.397672 1.947987
 5417.000000 0.797625 3.066305 1.966507
 5418.000000 1.146114 -2.758950 1.959853
 5419.000000 1.133498 3.004954 1.962145
 5420.000000 0.306957 2.955958 1.967583
 5421.000000 1.073715 3.130151 1.972716
 5422.000000 1.133080 3.008972 1.972202
 5423.000000 1.170685 -3.110705 1.966569
 5424.000000 0.931836 -2.896210 1.953629
 5425.000000 0.914108 -3.130645 1.967437
 5426.000000 -0.374497 -2.891129 1.955010
 5427.000000 1.217838 3.001648 1.912368
 5428.000000 -0.276215 2.733518 1.951664
 5429.000000 0.386624 -2.825110 1.957555
 5430.000000 -1.155911 2.893020 1.921694
 5431.000000 -0.652904 2.950230 1.938577
 5432.000000 -0.340568 -2.808314 1.941654
 5433.000000 1.525450 2.637031 1.928782
 5434.000000 -0.180417 -3.140889 1.937986
 5435.000000 -0.356219 2.638045 1.933557
 5436.000000 0.463845 2.451135 1.911525
 5437.000000 1.437095 2.674669 1.937135
 5438.000000 -0.194043 2.594868 1.939455
 5439.000000 1.497192 3.091873 1.956158
 5440.000000 1.469711 -2.787691 1.762143
 5441.000000 -0.471773 -2.960803 1.689200
 5442.000000 0.496345 -2.804421 1.773482
 5443.000000 0.288150 -3.103452 1.932427
 5444.000000 0.104914 2.983216 1.872044
 5445.000000 1.314587 2.661778 1.794978
 5446.000000 -0.381781 2.592538 1.933752
 5447.000000 1.214378 2.814613 1.923928
 5448.000000 0.354188 -2.869253 1.297115
 5449.000000 1.153716 -3.083724 1.903984
 5450.000000 0.403371 2.505623 1.831853
 5451.000000 0.306554 2.881532 1.903150
 5452.000000 0.327478 -3.065249 1.881099
 5453.000000 0.278634 2.769103 1.906077
 5454.000000 0.506738 -2.989571 1.895264
 5455.000000 0.440943 2.469419 1.881181
 5456.000000 0.464147 2.769009 1.867060
 5457.000000 0.385269 3.014357 1.860846
 5458.000000 0.393775 2.992438 1.880124
 5459.000000 0.199314 2.716474 1.935131
 5460.000000 0.182708 2.793082 1.887613
 5461.000000 0.342215 2.800377 1.877743
 5462.000000 0.258045 -3.062056 1.939622
 5463.000000 0.088402 2.534878 1.904610
 5464.000000 0.035848 2.829151 1.941568
 5465.000000 0.160975 -3.038844 1.939260
 5466.000000 0.413851 2.931699 1.919470
 5467.000000 0.091808 3.009166 1.915942
 5468.000000 0.407671 2.735504 1.914006
 5469.000000 0.411185 -2.963529 1.940637
 5470.000000 0.407794 2.859180 1.874496
 5471.000000 0.343852 -3.074729 1.881350
 5472.000000 0.385535 -2.889488 1.889557
 5473.000000 0.394255 2.457198 1.859822
 5474.000000 0.293754 2.772481 1.885809
 5475.000000 0.349945 3.115023 1.906085
 5476.000000 0.292978 3.103370 1.840418
 5477.000000 0.278466 2.708450 1.880386
 5478.000000 0.402598 2.772974 1.894161
 5479.000000 0.277646 -2.954875 1.890091
 5480.000000 0.221065 3.087421 1.875049
 5481.000000 0.369622 -3.008857 1.897106
 5482.000000 0.349122 3.034458 1.887205
 5483.000000 0.365841 -3.085356 1.893044
 5484.000000 0.374732 2.492488 1.942329
 5485.000000 0.516161 -3.051486 1.901346
 5486.000000 0.465985 2.826237 1.858506
 5487.000000 0.196986 -3.094928 1.912348
 5488.000000 0.454053 2.781266 1.887077
 5489.000000 0.305631 2.926014 1.892551
 5490.000000 0.354641 2.700613 1.886003
 5491.000000 0.437772 -2.955395 1.902593
 5492.000000 0.472951 -3.087173 1.890522
 5493.000000 0.356773 -2.895562 1.874946
 5494.000000 0.327867 -3.031550 1.899819
 5495.000000 0.503700 -3.030431 1.853182
 5496.000000 0.288822 -3.001820 1.883355
 5497.000000 0.432005 2.754387 1.887852
 5498.000000 0.445312 2.917425 1.909086
 5499.000000 0.244944 2.863180 1.894523
 5500.000000 0.319274 -3.070883 1.942661
 5501.000000 0.268743 -3.052929 1.871439
 5502.000000 0.320240 3.023829 1.846417
 5503.000000 0.435444 -2.989571 1.911020
 5504.000000 0.215357 2.606550 1.879051
 5505.000000 0.398037 3.123937 1.850484
 5506.000000 0.028667 2.749599 1.896433
 5507.000000 0.293146 2.526715 1.940259
 5508.000000 0.333299 3.089787 1.894571
 5509.000000 -1.572705 -3.043463 1.854230
 5510.000000 -0.205091 -2.613764 1.949857
 5511.000000 -1.909689 3.071391 1.925476
 5512.000000 -0.070000 2.565685 1.886873
 5513.000000 -0.323190 2.873520 1.870956
 5514.000000 -0.425374 -2.879832 1.938607
 5515.000000 -0.237555 -2.854162 1.636932
 5516.000000 0.371003 -2.724256 1.911642
 5517.000000 -0.192401 -2.843312 1.896144
 5518.000000 0.075017 -3.077785 1.896638
 5519.000000 0.414865 -2.691131 1.940439
 5520.000000 1.034310 -2.986124 1.940488
 5521.000000 -0.445677 -2.840976 1.464874
 5522.000000 -1.627705 -2.816760 1.811265
 5523.000000 -1.334434 2.731776 1.854395
 5524.000000 0.302278 -3.044579 1.876529
 5525.000000 -1.087143 -3.003108 1.963781
 5526.000000 0.504393 2.607951 1.889947
 5527.000000 -1.705252 -3.086028 1.926201
 5528.000000 -1.496985 -2.776649 1.613189
 5529.000000 -0.372762 -2.769037 1.871778
 5530.000000 -1.015218 2.888811 1.871830
 5531.000000 0.461828 2.809629 1.237870
 5532.000000 0.329272 2.849557 1.252663
 5533.000000 1.307706 -2.943562 1.364198
 5534.000000 0.607584 -2.598619 1.865539
 5535.000000 0.364327 -2.855128 1.806516
 5536.000000 0.903344 -2.094292 1.472043
 5537.000000 0.318844 -2.738345 1.880020
 5538.000000 0.041558 -2.827078 1.926344
 5539.000000 0.378910 -1.618702 1.748794
 5540.000000 -0.505225 -1.957817 1.919796
 5541.000000 0.483665 2.855490 1.824712
 5542.000000 0.067038 2.610146 1.821778
 5543.000000 0.414413 -2.987641 1.969005
 5544.000000 0.423137 3.087166 1.966605
 5545.000000 0.435975 3.049541 1.960548
 5546.000000 -1.801995 -2.855395 1.974592
 5547.000000 0.230725 2.781700 1.907821
 5548.000000 0.429213 2.778607 1.935530
 5549.000000 0.318569 -2.995573 1.895651
 5550.000000 1.118621 -2.781231 1.753110
 5551.000000 -0.479037 -2.517476 1.884591
 5552.000000 -0.071527 -3.130449 1.783193
 5553.000000 1.373586 -2.750349 1.782957
 5554.000000 0.454198 -2.838844 1.749322
 5555.000000 0.265144 -2.948419 1.886461
 5556.000000 0.007450 -3.038711 1.940209
 5557.000000 0.348449 -3.060001 1.648712
 5558.000000 -0.346491 -3.107176 1.614118
 5559.000000 0.238841 -2.995296 1.819772
 5560.000000 0.488148 -2.958798 1.803076
 5561.000000 0.513432 -2.913739 1.844537
 5562.000000 0.343282 -2.605015 1.747412
 5563.000000 -1.193370 -2.880100 1.917553
 5564.000000 0.988499 -2.647253 1.509306
 5565.000000 0.342175 2.814470 1.705926
 5566.000000 0.178816 -2.683555 1.414828
 5567.000000 -0.317245 -2.927977 1.757323
 5568.000000 0.334347 -2.668988 1.722736
 5569.000000 -0.394416 -2.392026 1.438392
 5570.000000 -0.323277 -2.753262 1.850000
 5571.000000 1.773503 -2.658174 1.978544
 5572.000000 -0.297105 -2.916899 1.837464
 5573.000000 0.346127 -2.357599 1.645007
 5574.000000 1.625813 -2.968989 1.911215
 5575.000000 -0.119321 3.054921 1.209103
 5576.000000 -1.161182 -2.528427 1.841961
 5577.000000 0.694256 -2.595114 0.719225
 5578.000000 -1.391157 2.779169 1.685437
 5579.000000 0.146479 -2.916222 1.625555
 5580.000000 0.209931 -2.722708 1.707039
 5581.000000 -0.616796 -2.710618 1.697872
 5582.000000 0.032800 2.593240 1.758366
 5583.000000 0.399605 -2.620354 1.287237
 5584.000000 0.266327 -2.124585 1.983929
 5585.000000 -0.361291 -2.159107 1.864530
 5586.000000 0.324194 -2.848923 1.879227
 5587.000000 0.628829 -1.973271 1.861989
 5588.000000 -0.464665 2.402483 1.655468
 5589.000000 1.181276 -2.501446 1.629820
 5590.000000 -0.484064 -2.821996 1.207732
 5591.000000 1.299359 2.620480 1.933108
 5592.000000 0.999804 -2.938796 1.964158
 5593.000000 1.660284 -2.896364 1.838852
 5594.000000 0.460796 -3.119732 1.612552
 5595.000000 1.203450 -2.620553 1.735584
 5596.000000 -0.376480 -2.673448 0.800004
 5597.000000 -0.262019 -2.713520 1.769650
 5598.000000 -0.354511 2.574680 1.876797
 5599.000000 0.471283 -2.691935 1.878834
 5600.000000 -0.187663 -2.720553 1.702455
 5601.000000 1.413805 -2.631524 1.545103
 5602.000000 -1.349923 2.999719 1.903191
 5603.000000 0.451380 -2.918459 1.824419
 5604.000000 0.431054 -2.749030 1.889901
 5605.000000 0.347261 -3.022967 1.771168
 5606.000000 0.392649 2.828200 1.847765
 5607.000000 0.207144 3.051333 1.883635
 5608.000000 0.089032 2.549449 1.841288
 5609.000000 0.059350 -2.978371 1.729576
 5610.000000 -1.337514 -2.873392 1.758692
 5611.000000 1.128685 -3.013330 1.910965
 5612.000000 -1.023198 -2.285905 1.635784
 5613.000000 0.128189 -2.548319 1.818828
 5614.000000 1.284137 2.646207 1.689620
 5615.000000 -0.377248 -2.926973 1.838515
 5616.000000 -0.307137 2.936139 1.920950
 5617.000000 0.409596 2.901282 1.892691
 5618.000000 0.322287 -2.496586 1.658846
 5619.000000 0.399667 2.678232 1.946752
 5620.000000 -0.323298 -2.669424 1.855247
 5621.000000 0.207855 -2.936509 1.613429
 5622.000000 -1.401174 2.737037 1.750986
 5623.000000 0.060393 -2.678322 1.697124
 5624.000000 0.098787 -2.805364 0.825054
 5625.000000 0.337081 2.269128 1.252641
 5626.000000 0.104076 2.776240 1.902670
 5627.000000 0.461425 -2.672787 1.458748
 5628.000000 -0.368662 -2.651958 1.862476
 5629.000000 0.242898 -2.936222 1.016962
 5630.000000 -0.007287 -2.770745 1.797052
 5631.000000 0.150158 -2.685788 1.925324
 5632.000000 0.389602 2.696486 1.764615
 5633.000000 -0.068394 -2.964438 0.985896
 5634.000000 0.308865 2.852739 1.325811
 5635.000000 -0.169091 -2.732790 1.022346
 5636.000000 -0.429330 -3.039986 1.821416
 5637.000000 -0.397792 -2.379956 1.731328
 5638.000000 0.515810 -2.258925 1.729477
 5639.000000 -0.453427 -2.332053 1.948188
 5640.000000 -0.448054 -2.018360 1.951648
 5641.000000 -0.455022 -2.021614 1.959274
 5642.000000 0.649346 -2.667633 1.958834
 5643.000000 1.430179 -2.790988 1.868729
 5644.000000 -1.274233 -2.692541 1.847962
 5645.000000 0.346274 -2.005775 1.818468
 5646.000000 0.291864 -2.251932 1.907758
 5647.000000 0.308039 -2.613042 1.888620
 5648.000000 0.283322 -2.680304 1.796244
 5649.000000 0.355530 2.817086 1.901861
 5650.000000 0.402325 3.111149 1.890149
 5651.000000 0.315004 2.921489 1.887082
 5652.000000 0.433639 -2.992564 1.939276
 5653.000000 0.368727 2.795570 1.897772
 5654.000000 0.320540 2.769875 1.862868
 5655.000000 0.352887 -2.930061 1.881769
 5656.000000 0.236961 2.579952 1.882670
 5657.000000 0.198010 -3.140953 1.853140
 5658.000000 0.429632 -3.064232 1.845695
 5659.000000 0.350337 -2.938316 1.888140
 5660.000000 0.313955 -2.807850 1.869405
 5661.000000 0.354086 2.725188 1.925002
 5662.000000 0.399271 2.935490 1.868199
 5663.000000 0.487492 2.825817 1.902256
 5664.000000 0.367377 2.763909 1.943974
 5665.000000 0.241700 -3.000069 1.894163
 5666.000000 0.384608 -3.089035 1.844060
 5667.000000 -1.158520 -3.109984 1.689322
 5668.000000 0.379938 3.130613 1.871828
 5669.000000 0.430104 -2.762805 1.738450
 5670.000000 1.386858 -2.590759 1.702196
 5671.000000 -1.252584 -2.641450 1.611567
 5672.000000 -0.041603 -2.959975 0.953199
 5673.000000 0.322657 2.602129 1.963309
 5674.000000 1.352647 -2.627119 1.623906
 5675.000000 -0.512304 -2.779750 1.644817
 5676.000000 -1.497974 2.822756 1.694793
 5677.000000 -1.206262 -2.876192 1.797444
 5678.000000 0.288979 -2.188385 1.342940
 5679.000000 0.194591 2.879595 1.930228
 5680.000000 0.096523 3.065044 1.847444
 5681.000000 -1.268063 -2.765308 1.752700
 5682.000000 0.254785 -2.611548 1.694121
 5683.000000 -1.779450 2.386145 1.886816
 5684.000000 0.375420 -3.039760 1.831394
 5685.000000 -1.231458 -3.029074 1.040659
 5686.000000 0.806338 -2.918073 1.681306
 5687.000000 1.217731 -2.162954 1.781977
 5688.000000 -0.437474 -2.545331 1.742830
 5689.000000 0.059186 -2.942104 1.897983
 5690.000000 0.185933 -2.543582 1.916426
 5691.000000 0.251477 -2.778788 1.932902
 5692.000000 0.273760 -2.044545 1.937153
 5693.000000 -0.010583 -2.066788 1.912522
 5694.000000 -1.982582 -2.459194 1.932456
 5695.000000 -0.230633 2.780639 1.852032
 5696.000000 -0.641794 2.081026 1.957094
 5697.000000 0.686311 -2.717540 1.567180
 5698.000000 1.595973 -2.734295 1.889663
 5699.000000 -0.274696 3.064725 1.901849
 5700.000000 -1.392367 2.633885 1.847642
 5701.000000 0.254568 3.009478 1.895481
 5702.000000 0.380613 2.905391 1.849597
 5703.000000 -0.078391 -3.028683 1.907776
 5704.000000 0.135085 2.538894 1.866599
 5705.000000 0.338404 2.726502 1.853019
 5706.000000 -0.346571 -2.598471 1.859017
 5707.000000 0.247924 -2.685501 1.975111
 5708.000000 0.217500 -3.028656 1.848402
 5709.000000 -0.543408 -2.764405 1.870928
 5710.000000 0.242238 -2.537221 1.859192
 5711.000000 -0.034657 -2.860568 1.867122
 5712.000000 -0.682145 -2.335414 1.857213
 5713.000000 0.360071 -2.746741 1.885962
 5714.000000 -0.228175 -2.845881 1.858094
 5715.000000 0.597295 -2.572715 1.829264
 5716.000000 1.119865 3.075961 1.863536
 5717.000000 -0.780561 -2.408962 1.840105
 5718.000000 -1.470084 2.775522 1.812436
 5719.000000 -1.496748 -2.979979 1.835451
 5720.000000 -0.331070 -3.113714 1.902132
 5721.000000 -1.058746 2.776007 1.819725
 5722.000000 -0.513162 2.726777 1.854792
 5723.000000 -1.477448 2.942143 1.928863
 5724.000000 -0.734821 -2.901183 1.764971
 5725.000000 -1.183924 2.707842 0.805850
 5726.000000 -1.391646 2.463407 1.773227
 5727.000000 0.401612 3.033623 1.739893
 5728.000000 -1.673162 -2.970154 1.875832
 5729.000000 -1.584366 -3.122696 1.755464
 5730.000000 -1.193784 2.591543 1.893777
 5731.000000 -1.505438 2.634561 1.956417
 5732.000000 0.321981 -2.961496 1.826035
 5733.000000 0.397416 -2.652099 1.804878
 5734.000000 1.197662 -2.791169 1.840886
 5735.000000 -1.292163 2.969013 1.534889
 5736.000000 0.298836 -2.671791 1.578740
 5737.000000 0.342580 -2.500414 1.745938
 5738.000000 -1.233953 -3.092794 1.895614
 5739.000000 0.488069 2.299158 1.859062
 5740.000000 -0.248474 -2.432625 1.873849
 5741.000000 1.068547 -2.581548 1.729371
 5742.000000 -0.329471 -2.843480 1.788411
 5743.000000 0.365607 -2.384176 1.839168
 5744.000000 0.437277 -3.020020 1.708177
 5745.000000 -0.644518 -2.737478 1.658169
 5746.000000 0.151113 -2.774492 1.879382
 5747.000000 0.342461 -2.257493 1.399287
 5748.000000 0.245647 -2.502270 1.858723
 5749.000000 -0.486757 -2.599294 1.695925
 5750.000000 -1.353943 2.472080 1.808768
 5751.000000 -1.237594 2.635591 1.789321
 5752.000000 -0.375230 -2.122156 1.802037
 5753.000000 1.072394 -2.632880 1.780116
 5754.000000 -0.327154 -2.303209 1.633360
 5755.000000 0.118895 -2.789064 1.366573
 5756.000000 -0.404383 -2.572125 1.905438
 5757.000000 1.834566 -2.850724 1.890007
 5758.000000 -0.652638 -2.406214 1.849465
 5759.000000 1.365624 -2.469967 1.931686
 5760.000000 -0.680839 -2.159087 1.897305
 5761.000000 0.292625 -1.915430 1.764495
 5762.000000 0.052518 -2.590647 1.654130
 5763.000000 0.433753 -2.623252 1.592014
 5764.000000 0.263929 -1.937373 1.735292
 5765.000000 0.317801 -2.694747 1.664008
 5766.000000 0.229280 -2.900109 1.908907
 5767.000000 0.856991 -2.822276 1.959783
 5768.000000 1.684526 -3.030088 1.789064
 5769.000000 0.819505 -2.304346 1.549828
 5770.000000 1.190987 -2.804019 1.699335
 5771.000000 0.694444 -1.934987 1.697205
 5772.000000 0.943785 -2.261013 1.555757
 5773.000000 1.208282 -2.709494 1.594891
 5774.000000 0.453899 -2.621544 1.793500
 5775.000000 0.807869 -1.723198 1.832304
 5776.000000 0.866052 -1.919291 1.637391
 5777.000000 0.017285 -2.699461 1.620811
 5778.000000 0.358516 -2.976255 1.886461
 5779.000000 0.869547 -1.867272 1.809430
 5780.000000 0.057190 -2.906525 1.817782
 5781.000000 0.199159 -2.824937 1.479694
 5782.000000 -0.154428 -2.976745 1.915645
 5783.000000 -1.592111 -3.081057 1.343629
 5784.000000 -1.394913 -3.043022 1.881933
 5785.000000 -1.104843 2.928085 1.896920
 5786.000000 -1.506071 2.546414 1.379104
 5787.000000 -1.118555 2.444726 1.863914
 5788.000000 -1.162130 -3.131518 1.898999
 5789.000000 -1.805193 -1.991548 1.871734
 5790.000000 -1.417416 -2.959109 1.785139
 5791.000000 1.366161 -2.140187 1.882014
 5792.000000 -0.251928 -2.709169 1.952243
 5793.000000 -0.957933 3.140977 1.906384
 5794.000000 0.464664 -2.522296 1.122873
 5795.000000 0.150734 -2.754469 1.762426
 5796.000000 0.518455 -2.206229 1.490494
 5797.000000 0.411054 -2.418584 1.922518
 5798.000000 0.902975 -1.991576 1.954642
 5799.000000 0.625280 -1.842944 1.970634
 5800.000000 0.998284 -1.918349 1.703688
 5801.000000 -0.272407 -2.391998 1.821769
 5802.000000 1.021568 -2.648575 1.718965
 5803.000000 0.095242 3.063326 1.743004
 5804.000000 0.364085 -2.367568 1.392821
 5805.000000 0.999551 -2.857501 1.410246
 5806.000000 0.278669 -2.778576 1.668594
 5807.000000 1.967136 -2.544131 1.944383
 5808.000000 -1.261732 2.812135 1.882393
 5809.000000 0.659334 3.132518 1.944616
 5810.000000 -0.899449 2.899414 1.785443
 5811.000000 -1.435931 2.510589 1.570852
 5812.000000 -1.179105 -2.706323 1.495590
 5813.000000 0.712052 -2.736375 1.734494
 5814.000000 0.372232 -2.373051 1.967796
 5815.000000 0.392298 -2.047198 1.959364
 5816.000000 0.316373 -2.437217 1.885815
 5817.000000 0.265155 -2.429346 1.939428
 5818.000000 0.150124 -2.830627 1.850644
 5819.000000 0.401883 -2.508371 1.854043
 5820.000000 0.397137 -2.507485 1.905217
 5821.000000 0.278216 -2.591537 1.862915
 5822.000000 0.435642 -2.668551 1.818195
 5823.000000 -1.586231 -2.843630 1.875696
 5824.000000 0.453082 -2.998638 1.738276
 5825.000000 0.407005 -2.289238 1.941105
 5826.000000 -0.585531 -2.646426 1.857812
 5827.000000 0.359141 -2.534658 1.663854
 5828.000000 -1.241389 -2.550225 1.573037
 5829.000000 -1.035247 -2.900529 1.935947
 5830.000000 0.284688 -2.773963 1.765461
 5831.000000 -0.306576 -2.587556 1.884453
 5832.000000 -0.232684 -3.044620 1.976251
 5833.000000 0.241565 -3.082878 1.261022
 5834.000000 0.378958 -2.283816 1.228736
 5835.000000 0.350295 2.522285 1.300601
 5836.000000 -1.626658 3.079811 1.770842
 5837.000000 0.590890 2.810581 1.573365
 5838.000000 0.536597 3.089795 1.883487
 5839.000000 0.455506 2.728584 1.639873
 5840.000000 -0.419575 -2.488154 1.537680
 5841.000000 0.855718 -3.039726 1.844439
 5842.000000 0.757062 -2.941593 1.903690
 5843.000000 1.167099 2.881935 1.897668
 5844.000000 1.406344 -1.896767 1.917365
 5845.000000 0.623756 -2.031765 1.908801
 5846.000000 0.286895 -2.028814 1.921251
 5847.000000 1.129957 -2.004290 1.902926
 5848.000000 0.232029 -2.343557 1.937371
 5849.000000 0.117507 -2.397864 1.906200
 5850.000000 0.440545 -2.501080 1.679193
 5851.000000 0.882527 -2.204717 1.952432
 5852.000000 0.506112 -2.906649 1.715757
 5853.000000 -0.395976 -2.684276 1.572192
 5854.000000 0.356140 -2.689009 1.751109
 5855.000000 -1.453450 -2.113528 1.405871
 5856.000000 1.158851 -2.678012 1.760609
 5857.000000 0.369798 3.088290 1.169760
 5858.000000 -1.387800 2.938306 1.651976
 5859.000000 1.210704 2.745943 1.950123
 5860.000000 1.480409 -2.900278 1.496535
 5861.000000 -0.358231 -2.918953 1.875656
 5862.000000 1.117706 -2.944736 1.818945
 5863.000000 0.395993 -2.720886 1.807039
 5864.000000 0.607440 -2.951644 1.582461
 5865.000000 -1.329477 -2.483966 1.922156
 5866.000000 -0.241959 -2.839752 1.837718
 5867.000000 0.045314 3.000658 1.478847
 5868.000000 -0.339383 -2.762704 1.400699
 5869.000000 0.523173 2.515397 1.812918
 5870.000000 0.368126 -2.796998 1.264005
 5871.000000 1.181370 2.975318 1.836257
 5872.000000 0.702377 -2.052232 1.197231
 5873.000000 0.533003 -2.813967 1.847563
 5874.000000 0.344818 2.493684 1.952106
 5875.000000 -0.291193 -2.901200 1.491911
 5876.000000 0.445451 2.755618 0.973543
 5877.000000 -0.580645 -3.067438 1.651164
 5878.000000 0.236539 -3.077802 1.879610
 5879.000000 0.474527 3.132634 1.886927
 5880.000000 -1.140355 2.673885 1.842360
 5881.000000 0.003851 -2.619043 1.921901
 5882.000000 -1.313744 3.064921 1.953676
 5883.000000 -1.468317 -2.770313 1.917648
 5884.000000 -0.233359 -2.782901 1.555906
 5885.000000 -0.402015 -2.470392 1.737487
 5886.000000 -0.004723 -2.974112 1.741355
 5887.000000 0.378066 -3.138044 1.740139
 5888.000000 -1.359834 -2.392324 1.631534
 5889.000000 0.196146 -1.980938 1.977832
 5890.000000 1.143971 -2.242930 1.969947
 5891.000000 1.088570 -2.658942 1.905567
 5892.000000 1.165820 -2.380148 1.680196
 5893.000000 1.178510 -2.680094 1.879248
 5894.000000 0.221961 -3.035820 1.841425
 5895.000000 0.080571 2.705248 1.862810
 5896.000000 0.087124 -2.382080 1.714839
 5897.000000 1.532484 -2.775944 1.875281
 5898.000000 0.262271 -2.519126 1.831568
 5899.000000 0.210135 2.658294 1.836816
 5900.000000 -0.307859 -2.789057 1.931388
 5901.000000 0.456015 2.842035 1.864790
 5902.000000 -0.508310 2.616881 1.939650
 5903.000000 1.259834 -2.388495 1.275412
 5904.000000 0.699659 -2.703010 1.929969
 5905.000000 0.298609 -2.171118 1.661460
 5906.000000 0.373896 2.597715 1.734252
 5907.000000 -0.276040 -2.006716 1.320007
 5908.000000 0.449189 -2.702215 1.943134
 5909.000000 0.317984 2.725977 1.913888
 5910.000000 0.442686 2.634268 1.932686
 5911.000000 0.368165 2.849322 1.935796
 5912.000000 2.001342 2.820871 1.887888
 5913.000000 -0.462786 3.079999 1.948075
 5914.000000 -0.349954 2.705799 1.965747
 5915.000000 -0.520737 2.817071 1.923043
 5916.000000 -0.374413 2.849778 1.892368
 5917.000000 -0.392615 -3.043678 1.248830
 5918.000000 1.115776 2.899810 1.867518
 5919.000000 1.604400 -2.728217 1.934484
 5920.000000 0.523390 2.822997 1.773906
 5921.000000 0.324822 -3.110517 1.718826
 5922.000000 -1.451179 2.891028 1.659351
 5923.000000 -0.396926 2.741539 1.369167
 5924.000000 0.280175 -1.380767 1.947622
 5925.000000 -0.600666 -2.176074 1.810488
 5926.000000 0.413738 -1.818930 1.674818
 5927.000000 -0.245243 2.843757 1.633816
 5928.000000 0.162744 -3.120577 1.584811
 5929.000000 0.422962 -2.256952 1.938243
 5930.000000 1.658511 2.648607 1.864326
 5931.000000 -1.121143 -2.955067 1.850499
 5932.000000 0.391134 -2.502338 1.904344
 5933.000000 0.367143 -2.181984 1.940027
 5934.000000 0.187466 2.739854 1.846667
 5935.000000 0.308748 2.688932 1.812710
 5936.000000 0.352942 2.792481 1.912268
 5937.000000 1.446943 -3.021251 1.245132
 5938.000000 -0.351847 -2.781487 1.711250
 5939.000000 -0.145716 -1.988253 1.727110
 5940.000000 0.010852 -2.955616 1.814258
 5941.000000 0.339036 -2.681163 1.188396
 5942.000000 0.515722 -2.584394 1.764811
 5943.000000 -1.372964 -2.473384 1.365065
 5944.000000 -0.176389 -2.637325 1.568939
 5945.000000 0.842715 -3.071215 1.881544
 5946.000000 -0.527049 2.745773 1.708911
 5947.000000 0.218574 -2.326962 1.743375
 5948.000000 0.306565 -2.519378 1.613499
 5949.000000 0.356885 -2.848083 1.894880
 5950.000000 -0.319567 -2.872469 1.886468
 5951.000000 -0.500024 -2.485304 1.931683
 5952.000000 0.480052 -3.030237 1.526255
 5953.000000 -1.786688 2.671796 1.592044
 5954.000000 0.380679 -2.609473 1.897443
 5955.000000 -0.108688 -2.386170 1.902755
 5956.000000 -1.387350 -2.994097 1.931366
 5957.000000 -0.241313 -2.481994 1.728215
 5958.000000 0.950752 2.689419 1.977241
 5959.000000 0.448628 3.126675 1.961381
 5960.000000 1.632185 -3.064690 1.879329
 5961.000000 -0.352265 2.787252 1.918598
 5962.000000 1.770172 -2.564179 1.555689
 5963.000000 0.408094 2.531328 1.911646
 5964.000000 1.659338 -2.257426 1.668208
 5965.000000 -0.348335 -2.911674 1.844690
 5966.000000 -0.222068 -2.745206 1.851689
 5967.000000 -0.417088 -2.703014 1.595968
 5968.000000 -0.342199 -2.712685 1.765255
 5969.000000 0.330990 -2.570315 1.798030
 5970.000000 -0.476447 -2.798568 1.491227
 5971.000000 1.100448 -2.454980 1.022022
 5972.000000 0.407677 -2.659585 1.804367
 5973.000000 0.037140 -2.981150 1.727164
 5974.000000 -1.951962 2.707485 1.463694
 5975.000000 0.314637 2.761674 1.855241
 5976.000000 -1.014457 -2.630912 1.688325
 5977.000000 0.203403 -2.745386 1.821707
 5978.000000 -0.672376 2.456225 1.848922
 5979.000000 -0.366950 2.723995 1.779638
 5980.000000 -1.520632 3.092169 1.111493
 5981.000000 0.027934 3.054009 1.636508
 5982.000000 0.227150 2.952559 1.861596
 5983.000000 1.131721 -2.635086 1.611339
 5984.000000 0.365597 2.987368 1.863072
 5985.000000 -1.572411 -1.891313 1.922885
 5986.000000 0.109738 2.540176 1.718170
 5987.000000 0.029901 -2.209699 1.280364
 5988.000000 1.118122 -3.081129 1.905842
 5989.000000 -0.409576 3.030006 1.653087
 5990.000000 1.480287 -3.051105 1.946378
 5991.000000 0.861709 -2.700881 1.697482
 5992.000000 -0.398285 -3.118035 1.937890
 5993.000000 -0.249122 -3.140755 1.955944
 5994.000000 0.434391 -2.966931 1.334737
 5995.000000 -1.660107 -2.568358 1.794782
 5996.000000 1.349155 -2.756758 1.562775
 5997.000000 -0.381506 -3.034928 1.482942
 5998.000000 0.602572 2.726298 1.503068
 5999.000000 -0.496644 2.539833 1.715145
 6000.000000 0.330675 -2.957608 1.934736
 6001.000000 -0.111833 2.888545 1.708773
 6002.000000 0.473287 -2.915085 1.855954
 6003.000000 -1.472781 -2.819693 1.665774
 6004.000000 1.139760 -2.550812 1.686522
 6005.000000 -0.353236 -2.899991 1.835418
 6006.000000 0.082549 -2.543385 1.359409
 6007.000000 0.458068 -3.041975 1.413956
 6008.000000 0.428265 -3.132841 1.873818
 6009.000000 0.521173 2.521110 1.042405
 6010.000000 0.166999 2.746373 1.389922
 6011.000000 0.443574 -2.843341 1.847478
 6012.000000 0.392002 2.898959 1.778827
 6013.000000 0.514482 -2.885047 1.865317
 6014.000000 0.070136 -2.845722 1.559067
 6015.000000 0.311996 -2.731152 1.306315
 6016.000000 0.315134 -2.783267 1.896505
 6017.000000 0.168583 -2.646399 1.873056
 6018.000000 -0.448371 -3.079606 1.238713
 6019.000000 -1.368757 -2.867254 1.789942
 6020.000000 1.311013 -2.583198 1.844011
 6021.000000 0.658906 -3.049621 1.883280
 6022.000000 0.416687 -2.785782 1.764802
 6023.000000 0.387597 -2.851778 1.911163
 6024.000000 -0.457157 2.379026 1.892718
 6025.000000 0.325608 -2.668531 1.537540
 6026.000000 0.331079 -2.780641 1.924572
 6027.000000 0.434077 -1.986190 1.943802
 6028.000000 0.231130 2.980913 1.863888
 6029.000000 0.187639 -2.195567 1.930017
 6030.000000 0.280350 -2.295711 1.960013
 6031.000000 -0.414878 -2.746365 1.619337
 6032.000000 0.379237 -2.333314 1.646613
 6033.000000 0.283888 -3.125185 1.930219
 6034.000000 1.448097 -2.780083 1.066178
 6035.000000 -0.428502 -2.287690 1.749426
 6036.000000 0.242626 -2.808216 1.644268
 6037.000000 0.283955 3.087489 1.822157
 6038.000000 -0.055771 -2.544891 1.919462
 6039.000000 -0.087190 -3.010514 1.942636
 6040.000000 0.104171 -2.311250 1.736450
 6041.000000 0.323162 -2.678107 1.811454
 6042.000000 -0.339025 -2.675875 1.657635
 6043.000000 -0.340039 -2.647972 1.473730
 6044.000000 -1.529221 2.737455 1.895271
 6045.000000 0.302082 -2.611080 1.739725
 6046.000000 0.167734 -2.182014 1.865338
 6047.000000 0.325126 -2.537356 1.965582
 6048.000000 0.285353 -2.598299 1.941464
 6049.000000 0.358130 -2.356134 1.976989
 6050.000000 0.095163 -2.150570 1.990581
 6051.000000 0.362088 -2.212757 1.982371
 6052.000000 0.293405 -2.492384 1.987320
 6053.000000 0.260105 -2.816480 1.990592
 6054.000000 0.370271 -2.171014 1.988318
 6055.000000 0.255025 -2.043300 1.987065
 6056.000000 0.337764 -2.639683 1.988546
 6057.000000 0.303398 -2.070036 1.965322
 6058.000000 0.359712 -2.513360 1.990844
 6059.000000 0.387220 -2.276090 1.988066
 6060.000000 0.536742 -1.853521 1.929000
 6061.000000 0.343822 -2.394562 1.898103
 6062.000000 0.269027 -2.533308 1.960520
 6063.000000 0.314375 -2.568845 1.976319
 6064.000000 0.335727 -2.415567 1.973717
 6065.000000 0.295621 -2.595195 1.972554
 6066.000000 0.415704 -1.993869 1.972394
 6067.000000 0.627293 -1.602685 1.929379
 6068.000000 0.282318 -2.659910 1.911859
 6069.000000 0.156576 -2.188595 1.802968
 6070.000000 0.256312 2.667204 1.958539
 6071.000000 0.493420 -2.568125 1.974425
 6072.000000 0.131065 -2.333796 1.922642
 6073.000000 -1.685674 2.954293 1.940267
 6074.000000 -1.123701 2.902091 1.658706
 6075.000000 -0.322595 2.541953 1.917065
 6076.000000 1.351189 -2.476785 1.836013
 6077.000000 1.499709 2.523729 1.901295
 6078.000000 0.075114 2.898982 1.884089
 6079.000000 1.481089 2.645748 1.842336
 6080.000000 -0.453900 2.317454 1.933692
 6081.000000 1.047533 2.430673 1.912700
 6082.000000 -0.173715 2.705192 1.782472
 6083.000000 -0.384098 2.729354 1.810886
 6084.000000 1.140884 -2.904567 1.860405
 6085.000000 0.548016 -2.969643 1.821731
 6086.000000 -1.466440 -3.137724 1.822144
 6087.000000 0.418816 -2.655413 1.595595
 6088.000000 1.409288 -2.778503 1.834980
 6089.000000 1.713568 -2.957853 1.533637
 6090.000000 1.046203 -2.604593 1.406909
 6091.000000 -0.044582 -2.836493 1.448637
 6092.000000 0.541899 -2.649726 0.909949
 6093.000000 0.541567 -2.763453 1.940494
 6094.000000 0.713034 -2.592052 1.794261
 6095.000000 1.294671 -2.853467 1.964057
 6096.000000 0.390488 -3.131879 1.927601
 6097.000000 0.245140 3.075596 1.859672
 6098.000000 0.089290 -2.535528 1.869397
 6099.000000 0.376900 -2.315373 1.818380
 6100.000000 0.157567 -2.435930 1.697449
 6101.000000 1.201530 -2.488765 1.904305
 6102.000000 1.366090 -2.765267 1.078144
 6103.000000 0.154695 2.887160 1.793594
 6104.000000 0.016970 -2.725886 1.080548
 6105.000000 0.467489 -2.933838 1.487258
 6106.000000 0.374417 -2.548346 1.694567
 6107.000000 0.785403 -2.914245 1.529517
 6108.000000 -0.280589 2.950451 1.724126
 6109.000000 1.249512 2.838790 1.693217
 6110.000000 -1.294198 -2.266234 1.654262
 6111.000000 0.616582 -2.606378 1.609804
 6112.000000 0.361962 -2.693429 1.935443
 6113.000000 -1.536202 -2.998003 1.577936
 6114.000000 -0.948850 -2.815474 1.950061
 6115.000000 0.327071 -2.474285 1.883300
 6116.000000 0.269415 -2.448421 1.750227
 6117.000000 0.418995 -2.742259 1.955461
 6118.000000 0.239558 -2.093539 1.987047
 6119.000000 0.270044 -2.153040 1.990649
 6120.000000 0.400639 -2.210256 1.992885
 6121.000000 0.421079 -2.558655 1.994268
 6122.000000 0.385383 -2.256970 1.991609
 6123.000000 0.105595 -1.571338 1.989110
 6124.000000 0.386878 -2.260263 1.991552
 6125.000000 0.061844 -2.322658 1.978185
 6126.000000 0.362976 -2.111725 1.981366
 6127.000000 0.229869 -2.414293 1.985660
 6128.000000 0.018787 -2.321062 1.991194
 6129.000000 0.341178 -2.400410 1.991815
 6130.000000 0.220154 -2.858487 1.986204
 6131.000000 0.342530 -2.210284 1.983371
 6132.000000 0.348884 -2.731529 1.976295
 6133.000000 0.391367 -2.478429 1.959871
 6134.000000 0.261948 -1.601128 1.925347
 6135.000000 0.315928 -2.461078 1.941958
 6136.000000 0.277921 -2.428373 1.963335
 6137.000000 0.436029 -2.532552 1.969689
 6138.000000 0.275860 -2.449697 1.964670
 6139.000000 0.201465 -1.789417 1.966365
 6140.000000 0.311189 -2.399917 1.986878
 6141.000000 0.442727 -2.127971 1.968728
 6142.000000 0.196239 -2.112463 1.952482
 6143.000000 0.306678 -1.960846 1.962781
 6144.000000 0.254861 -2.120110 1.955920
 6145.000000 0.122208 -1.599742 1.935058
 6146.000000 0.325597 -1.725779 1.960135
 6147.000000 -0.864887 -2.519420 1.313884
 6148.000000 0.262890 -2.812028 1.090757
 6149.000000 -0.457996 2.802753 1.925294
 6150.000000 0.195731 -2.827733 1.522542
 6151.000000 0.377235 -2.760808 1.732518
 6152.000000 0.369199 2.898609 1.783901
 6153.000000 0.471717 -2.230646 1.862851
 6154.000000 0.117144 -2.416817 1.745435
 6155.000000 0.310411 -2.374471 1.901458
 6156.000000 0.244960 -1.903500 1.963565
 6157.000000 0.281787 -2.456278 1.987756
 6158.000000 0.285472 -2.153714 1.987257
 6159.000000 0.374470 -2.138549 1.950743
 6160.000000 0.392870 -2.310592 1.895035
 6161.000000 0.317611 -2.068998 1.967418
 6162.000000 0.356318 -2.535261 1.937681
 6163.000000 0.254947 -2.081028 1.945133
 6164.000000 0.474069 -2.553051 1.956480
 6165.000000 0.471192 -2.268634 1.929138
 6166.000000 0.430066 -2.674427 1.774559
 6167.000000 0.197602 -1.801160 1.925287
 6168.000000 -0.338873 -2.457141 1.981415
 6169.000000 0.182000 -1.892217 1.818221
 6170.000000 1.207180 2.315939 1.793397
 6171.000000 -1.390863 -2.904856 1.825647
 6172.000000 -0.305963 -2.672256 1.346477
 6173.000000 -0.088064 -2.847367 1.940894
 6174.000000 -1.748643 2.648961 1.589354
 6175.000000 -0.399637 -2.844106 1.935870
 6176.000000 0.623830 -2.906178 1.912862
 6177.000000 -0.493852 -2.761767 1.881711
 6178.000000 -0.453047 -2.595564 1.941863
 6179.000000 0.482898 3.140456 1.577468
 6180.000000 0.455418 -2.739923 1.809292
 6181.000000 0.767243 -2.703975 1.313267
 6182.000000 1.114690 -2.423812 1.543298
 6183.000000 0.353858 -1.998100 1.458860
 6184.000000 0.092845 -2.610543 1.400830
 6185.000000 -0.469562 -2.710403 1.777374
 6186.000000 -1.107502 -2.792200 1.955343
 6187.000000 1.134750 -2.399787 1.881664
 6188.000000 -0.413635 -2.514357 1.875136
 6189.000000 1.426812 -2.821093 1.888963
 6190.000000 -0.109351 -2.781102 1.890997
 6191.000000 1.477511 -2.825701 0.959788
 6192.000000 1.030870 -2.757376 1.712907
 6193.000000 0.225977 2.808618 1.554835
 6194.000000 -1.626875 2.835198 1.792549
 6195.000000 0.004853 2.201202 1.795493
 6196.000000 -1.380722 -3.039427 1.582909
 6197.000000 -0.213212 -2.200519 1.920523
 6198.000000 -0.187312 -2.791824 1.949643
 6199.000000 0.384259 -2.736853 1.777165
 6200.000000 0.307294 3.121811 1.956143
 6201.000000 0.278024 -2.943577 1.933725
 6202.000000 0.056067 3.114950 1.956515
 6203.000000 0.372405 -3.045651 1.940936
 6204.000000 -0.015223 2.939933 1.977247
 6205.000000 0.488869 2.492699 1.817042
 6206.000000 0.066734 2.761170 1.832809
 6207.000000 1.106964 -2.402771 1.610130
 6208.000000 0.300830 -2.808150 1.506001
 6209.000000 0.069830 -2.713809 1.712872
 6210.000000 0.529885 2.989820 1.837079
 6211.000000 0.415140 -3.108084 1.852813
 6212.000000 1.371573 -2.480766 1.860601
 6213.000000 -0.300439 -2.766305 1.892053
 6214.000000 -0.055951 -3.104438 1.408017
 6215.000000 0.450364 2.856215 1.733872
 6216.000000 -1.513219 -2.990606 1.587922
 6217.000000 -0.355972 -2.889537 1.597510
 6218.000000 0.455935 2.438695 1.601110
 6219.000000 1.292743 2.717613 1.794792
 6220.000000 0.497651 -2.736725 1.388325
 6221.000000 0.315981 -2.823780 1.825095
 6222.000000 0.309752 -2.513088 1.755371
 6223.000000 0.251943 -3.056038 1.631379
 6224.000000 -1.044910 -3.013386 1.913457
 6225.000000 0.232454 2.705883 1.839842
 6226.000000 -0.086005 -2.909179 1.892195
 6227.000000 1.650392 2.907178 1.801286
 6228.000000 -0.004771 -2.484166 1.885920
 6229.000000 -0.666252 -2.755745 1.846283
 6230.000000 0.385795 -2.734805 1.895998
 6231.000000 -0.177665 -2.158974 1.971390
 6232.000000 0.281573 -1.933599 1.863572
 6233.000000 0.230627 -2.289728 1.893098
 6234.000000 0.282080 -2.055701 1.989764
 6235.000000 0.306369 -2.598987 1.986327
 6236.000000 0.250452 -2.453502 1.977147
 6237.000000 0.397366 -2.440702 1.966069
 6238.000000 0.437459 -2.303597 1.961534
 6239.000000 0.398604 -2.549228 1.961739
 6240.000000 0.001829 -2.438265 1.965746
 6241.000000 -0.579881 3.120216 1.833525
 6242.000000 0.302233 -2.402960 1.569943
 6243.000000 0.300623 2.730052 1.720827
 6244.000000 0.264998 -2.631701 0.941619
 6245.000000 -0.310103 -2.745589 1.931171
 6246.000000 -0.340707 -2.836628 1.874472
 6247.000000 0.440936 -2.651758 1.942141
 6248.000000 -1.203538 -1.682905 1.785814
 6249.000000 -1.598356 -2.606223 1.496521
 6250.000000 0.353645 -2.229107 1.872965
 6251.000000 -0.501461 2.774724 1.710417
 6252.000000 0.117470 -2.725210 1.884460
 6253.000000 1.288456 -2.528517 1.768133
 6254.000000 0.394266 1.759638 1.249816
 6255.000000 0.287047 -2.793866 1.952743
 6256.000000 -0.418763 2.251506 1.751047
 6257.000000 -0.343849 -3.023272 1.937864
 6258.000000 0.381950 3.026467 1.870049
 6259.000000 -0.345327 -2.266755 1.370132
 6260.000000 -1.057741 2.742143 1.028740
 6261.000000 0.108550 -2.115728 0.819399
 6262.000000 0.442058 -2.569396 1.869299
 6263.000000 -1.279028 -2.898937 1.887639
 6264.000000 0.254126 -2.940715 1.907147
 6265.000000 -0.322182 -2.728556 1.591576
 6266.000000 0.194376 -2.894438 1.758615
 6267.000000 -0.336284 -2.739817 1.855025
 6268.000000 -0.297093 -2.552847 1.820057
 6269.000000 -0.294682 -2.700097 1.280079
 6270.000000 0.359262 2.706874 1.741174
 6271.000000 0.326660 3.009955 1.829482
 6272.000000 0.099887 -2.643438 1.635370
 6273.000000 1.620022 -2.729935 1.701002
 6274.000000 -0.420004 -2.941392 1.900354
 6275.000000 -1.111556 2.662121 1.766540
 6276.000000 -1.436245 -2.531416 1.686904
 6277.000000 -0.232322 -3.003275 1.872815
 6278.000000 0.370525 -3.095669 1.794714
 6279.000000 0.253816 2.742259 1.601017
 6280.000000 -0.242925 -2.652824 1.848857
 6281.000000 0.467075 -3.041217 1.566039
 6282.000000 1.186900 -2.701780 1.864037
 6283.000000 -0.184509 2.832775 1.650930
 6284.000000 -0.292090 2.887385 1.956105
 6285.000000 0.375048 -2.390794 1.063317
 6286.000000 0.397194 -2.908847 0.881197
 6287.000000 0.247748 -2.468546 1.858032
 6288.000000 -1.445402 -2.649501 1.673755
 6289.000000 0.422606 -3.041870 1.785422
 6290.000000 0.666419 -1.589194 1.781000
 6291.000000 0.285532 -2.404717 1.521893
 6292.000000 -0.230768 -2.577371 0.723810
 6293.000000 -0.296609 -2.744180 1.381585
 6294.000000 -0.067923 -2.756787 1.670222
 6295.000000 0.061223 -2.751851 1.061971
 6296.000000 1.083700 -2.185571 1.838142
 6297.000000 -1.064307 -2.258847 1.169945
 6298.000000 -1.223383 -2.383355 1.639164
 6299.000000 0.046077 -3.049027 1.808519
 6300.000000 -1.396314 2.946847 1.831028
 6301.000000 -0.904803 -2.875912 1.886998
 6302.000000 0.644223 -2.253429 1.916634
 6303.000000 0.666027 -2.323899 1.937799
 6304.000000 1.066381 -2.274626 1.939142
 6305.000000 0.349498 -1.883145 1.893732
 6306.000000 1.104652 -1.284488 1.885492
 6307.000000 1.439394 -2.085777 1.738100
 6308.000000 0.460757 -2.115723 1.621220
 6309.000000 0.363682 -1.500825 1.044358
 6310.000000 0.877482 -2.130368 1.917884
 6311.000000 0.362124 -2.497652 1.861157
 6312.000000 1.045393 -1.599104 1.838754
 6313.000000 0.958256 -2.443952 1.903222
 6314.000000 0.809932 -2.862333 1.934403
 6315.000000 -0.557500 -1.871094 1.924254
 6316.000000 0.849710 -2.589009 1.914433
 6317.000000 1.118555 -1.962627 1.505573
 6318.000000 1.072670 -2.811858 1.616954
 6319.000000 1.114796 -1.770332 1.925650
 6320.000000 -0.268498 2.868892 1.593493
 6321.000000 -1.074687 2.885462 1.930282
 6322.000000 0.709557 3.135153 1.941772
 6323.000000 0.844966 -2.921804 1.952904
 6324.000000 0.461221 2.983589 1.921768
 6325.000000 0.381475 2.832867 1.884173
 6326.000000 -0.300215 2.847351 1.902688
 6327.000000 0.437014 -3.075841 1.957868
 6328.000000 -0.457108 3.008216 1.865210
 6329.000000 -0.462903 -2.635912 1.412815
 6330.000000 -1.554390 2.952019 1.723173
 6331.000000 0.112049 2.687145 1.671130
 6332.000000 -1.527667 -2.958440 1.737166
 6333.000000 0.494926 -2.890552 1.817307
 6334.000000 0.418024 3.098967 1.189669
 6335.000000 0.584859 -2.856599 1.813266
 6336.000000 0.356907 -2.953126 1.386390
 6337.000000 0.694571 -2.662959 0.924631
 6338.000000 0.421802 2.628507 1.887228
 6339.000000 -0.482507 2.929058 1.902394
 6340.000000 0.978378 2.986040 1.691369
 6341.000000 0.196167 2.790530 1.710526
 6342.000000 -1.429267 -2.002032 1.910597
 6343.000000 -0.471167 2.970002 1.699108
 6344.000000 0.326180 -2.522105 1.882848
 6345.000000 -1.252145 -3.078937 1.746658
 6346.000000 -1.331708 -2.811780 1.131243
 6347.000000 -0.232451 -2.619513 1.662036
 6348.000000 0.660007 -2.900339 1.817464
 6349.000000 0.700199 -2.774655 1.083700
 6350.000000 0.189345 -2.589497 1.847867
 6351.000000 0.282538 2.983606 1.535258
 6352.000000 -1.296456 -2.791434 1.761234
 6353.000000 0.512585 -2.263658 1.755968
 6354.000000 0.334063 -2.521763 1.405511
 6355.000000 0.438963 -2.812142 1.558932
 6356.000000 0.396468 -2.968359 1.278187
 6357.000000 1.618912 -2.837596 1.548898
 6358.000000 0.168493 -2.984211 1.676773
 6359.000000 -1.516077 -2.773524 1.936569
 6360.000000 0.348998 -2.663713 1.855834
 6361.000000 0.306996 -2.344307 1.848157
 6362.000000 -1.375684 2.493119 1.816228
 6363.000000 0.411388 2.677546 1.933705
 6364.000000 -1.232950 2.896537 1.960155
 6365.000000 0.235260 -2.858969 1.960289
 6366.000000 -1.481568 -2.948248 1.609069
 6367.000000 -1.495936 -2.793422 1.501530
 6368.000000 -0.009638 -2.872567 1.767793
 6369.000000 0.349970 -2.026526 1.683016
 6370.000000 0.309242 -2.057750 1.907520
 6371.000000 -0.519146 -2.181709 1.876123
 6372.000000 -0.288943 -2.665339 1.515152
 6373.000000 0.025817 -2.680250 1.604449
 6374.000000 -0.079963 -2.629497 1.464167
 6375.000000 -0.305125 -2.594679 1.550259
 6376.000000 -1.699368 -2.647780 1.883973
 6377.000000 -1.278983 -2.992920 1.940214
 6378.000000 -1.415111 -2.491694 0.884428
 6379.000000 1.353044 -2.634159 1.779502
 6380.000000 0.673752 -2.684212 1.919947
 6381.000000 -0.166764 -2.389763 1.811840
 6382.000000 0.522449 2.922638 1.050643
 6383.000000 1.509710 -2.792081 1.715906
 6384.000000 -0.517183 -2.777374 1.743660
 6385.000000 -1.923703 2.633452 1.885224
 6386.000000 0.815154 -1.697896 1.594710
 6387.000000 -1.505920 -3.111009 1.852340
 6388.000000 0.406504 2.881426 1.942893
 6389.000000 0.500193 2.536575 1.930399
 6390.000000 1.261433 -2.756811 1.690150
 6391.000000 1.391079 -2.608808 1.778000
 6392.000000 0.980902 -2.887767 1.926308
 6393.000000 0.361997 -3.138540 1.573035
 6394.000000 -0.485056 -2.496492 1.621963
 6395.000000 0.429659 -2.518650 1.728872
 6396.000000 -0.012686 -2.584087 1.254600
 6397.000000 -0.197776 3.035199 1.940821
 6398.000000 0.399887 -2.802796 1.985794
 6399.000000 1.186608 2.620250 1.968863
 6400.000000 -0.311007 -2.913119 1.990010
 6401.000000 1.668193 -3.071007 1.976403
 6402.000000 1.786818 2.441602 1.975636
 6403.000000 -0.345631 2.651555 1.964799
 6404.000000 -0.343412 3.057658 1.972103
 6405.000000 1.212816 2.658039 1.976775
 6406.000000 1.428933 2.718919 1.971123
 6407.000000 1.336632 2.553171 1.976099
 6408.000000 -0.100774 2.677550 1.979048
 6409.000000 1.089264 -2.921093 1.973033
 6410.000000 -0.128866 2.790786 1.977495
 6411.000000 0.978852 3.075183 1.974177
 6412.000000 -0.467445 3.001107 1.979623
 6413.000000 -0.455593 2.689077 1.974043
 6414.000000 -0.271143 -2.998806 1.981396
 6415.000000 1.083272 2.942653 1.979586
 6416.000000 -0.535082 2.855824 1.969355
 6417.000000 -0.330059 2.710315 1.975105
 6418.000000 -0.347977 2.566910 1.979765
 6419.000000 -0.449869 3.022709 1.978767
 6420.000000 -0.498356 2.923000 1.978732
 6421.000000 -0.415516 2.762887 1.977933
 6422.000000 -0.357564 -2.996639 1.976334
 6423.000000 -0.489769 2.271327 1.975188
 6424.000000 -0.292441 2.367393 1.975587
 6425.000000 1.434115 2.663797 1.972128
 6426.000000 1.238024 -2.956591 1.976821
 6427.000000 -0.390665 2.881685 1.976069
 6428.000000 1.297669 2.277567 1.979084
 6429.000000 -0.389349 -3.136286 1.978797
 6430.000000 0.924857 2.681046 1.972672
 6431.000000 -0.444888 3.119250 1.975804
 6432.000000 -0.246318 2.885487 1.973169
 6433.000000 -0.477382 3.002739 1.977280
 6434.000000 -0.206065 2.672130 1.976366
 6435.000000 -0.384911 -2.985048 1.974777
 6436.000000 -0.357536 2.776764 1.981586
 6437.000000 1.155212 2.635675 1.975889
 6438.000000 -0.405947 -3.135310 1.979143
 6439.000000 1.652077 3.127847 1.975441
 6440.000000 -0.356939 2.794630 1.979912
 6441.000000 -0.168715 2.821513 1.978136
 6442.000000 1.130333 2.128327 1.980057
 6443.000000 -0.090789 2.433063 1.974635
 6444.000000 -0.459983 -2.951966 1.977393
 6445.000000 1.421570 2.697343 1.960825
 6446.000000 -0.476639 2.763088 1.973360
 6447.000000 1.358581 2.896620 1.969725
 6448.000000 1.182582 2.576427 1.976835
 6449.000000 -0.217055 -2.836233 1.972471
 6450.000000 1.376529 2.570205 1.971766
 6451.000000 2.111347 2.971848 1.973671
 6452.000000 -0.207080 2.580688 1.977508
 6453.000000 1.194875 2.667549 1.973577
 6454.000000 -0.264253 2.666169 1.977227
 6455.000000 1.549683 2.771040 1.981406
 6456.000000 -0.355897 2.604147 1.977484
 6457.000000 -0.385733 2.664081 1.976801
 6458.000000 -0.377283 2.621562 1.974183
 6459.000000 0.785184 2.791158 1.972483
 6460.000000 -0.349423 2.536291 1.979386
 6461.000000 1.742569 2.840931 1.972581
 6462.000000 -0.068975 -3.096691 1.972040
 6463.000000 1.308177 2.862151 1.977400
 6464.000000 -0.452869 3.007211 1.976719
 6465.000000 -0.268888 2.919141 1.975629
 6466.000000 -0.390502 2.758275 1.977246
 6467.000000 -0.248355 2.665148 1.978072
 6468.000000 1.606166 2.498100 1.975339
 6469.000000 -0.427743 2.291828 1.983571
 6470.000000 -0.417317 3.103198 1.976746
 6471.000000 -0.305526 2.765123 1.975629
 6472.000000 -0.233210 2.936667 1.974987
 6473.000000 -0.372209 -2.901893 1.971695
 6474.000000 -0.395603 2.697348 1.966738
 6475.000000 -0.352691 2.765854 1.980430
 6476.000000 -0.428511 2.485571 1.979297
 6477.000000 2.226229 3.104714 1.973873
 6478.000000 -0.411105 2.640458 1.976522
 6479.000000 -0.439296 3.066754 1.969305
 6480.000000 -0.298010 2.981549 1.977568
 6481.000000 -0.330448 3.091329 1.975900
 6482.000000 1.412904 2.568754 1.973948
 6483.000000 -1.546768 -2.414807 1.936623
 6484.000000 0.536054 -2.695790 1.895144
 6485.000000 0.428519 -2.524424 1.917906
 6486.000000 -1.443527 -2.267672 1.940363
 6487.000000 0.302674 -2.493559 1.924782
 6488.000000 -0.435378 -2.321674 1.905306
 6489.000000 -0.286446 -2.737539 1.870836
 6490.000000 0.491950 -2.568179 1.954995
 6491.000000 0.470254 -2.762975 1.902664
 6492.000000 0.362217 -2.949064 1.956339
 6493.000000 0.430801 2.738959 1.961010
 6494.000000 0.557713 -2.249697 1.954079
 6495.000000 -0.094126 -2.530112 1.540304
 6496.000000 -0.659307 2.874591 1.860344
 6497.000000 -0.013626 -2.790870 1.334576
 6498.000000 0.019592 -1.594883 1.863577
 6499.000000 0.363570 -2.134016 1.779811
 6500.000000 0.361748 -1.877724 1.947815
 6501.000000 0.536535 -2.730330 1.756243
 6502.000000 0.305535 -2.631841 1.660703
 6503.000000 -1.192566 2.740292 1.906904
 6504.000000 0.356273 3.044488 1.582662
 6505.000000 -0.284919 -2.638601 1.561130
 6506.000000 0.282654 -2.166911 1.934109
 6507.000000 0.143816 -2.866325 1.651695
 6508.000000 0.402544 -2.261014 1.980664
 6509.000000 0.683054 -1.954289 1.968080
 6510.000000 0.402810 -2.094440 1.983339
 6511.000000 0.427022 -2.326896 1.975164
 6512.000000 0.282283 -2.414915 1.984356
 6513.000000 0.471051 -2.726049 1.744316
 6514.000000 0.244872 -2.988539 1.694226
 6515.000000 1.694820 2.630265 1.519481
 6516.000000 0.487641 -2.721266 1.375879
 6517.000000 0.404244 -2.298752 1.573221
 6518.000000 -0.055647 -2.934293 1.813721
 6519.000000 0.200240 -2.520748 1.820688
 6520.000000 0.236321 -1.965632 1.862885
 6521.000000 0.128596 -2.630481 1.790862
 6522.000000 0.082129 -2.764517 1.775247
 6523.000000 0.269270 -2.939270 1.676500
 6524.000000 0.078960 -3.003835 1.655815
 6525.000000 0.149035 -2.947809 1.663158
 6526.000000 0.338481 -2.977689 1.694027
 6527.000000 0.204852 -2.801480 1.758404
 6528.000000 -0.003155 -2.618903 1.785622
 6529.000000 0.067504 -2.907204 1.816360
 6530.000000 0.394527 -2.284699 1.952951
 6531.000000 0.270052 -2.710644 1.969610
 6532.000000 0.433700 -2.679930 1.794553
 6533.000000 0.115999 -2.753792 1.861603
 6534.000000 -0.309714 2.712059 1.756385
 6535.000000 0.281535 -2.903485 1.858041
 6536.000000 0.537840 -3.015957 1.707853
 6537.000000 -1.642658 -2.929660 1.918816
 6538.000000 -1.012417 -2.746178 1.906239
 6539.000000 0.214103 -1.670771 1.380116
 6540.000000 0.364376 -2.634328 1.749301
 6541.000000 0.216258 -2.708910 1.761343
 6542.000000 0.234638 -3.124463 1.576920
 6543.000000 0.335574 -2.829791 1.375826
 6544.000000 0.536370 2.858332 1.610607
 6545.000000 0.344179 -3.025387 1.952291
 6546.000000 0.183966 2.672148 1.731010
 6547.000000 0.402188 2.268336 1.580952
 6548.000000 -1.502470 -2.902280 1.820774
 6549.000000 1.487825 -2.706867 1.858122
 6550.000000 0.334779 -3.081874 1.905351
 6551.000000 -0.323407 -2.989859 1.668682
 6552.000000 -0.018236 -2.662237 1.045402
 6553.000000 -0.336302 -3.041133 1.481872
 6554.000000 0.343703 3.096013 1.581561
 6555.000000 0.497905 2.620306 1.779483
 6556.000000 0.745879 -2.537959 1.710366
 6557.000000 0.295018 -2.798276 1.841789
 6558.000000 0.127299 -2.597742 1.830254
 6559.000000 0.393735 -1.529573 1.668815
 6560.000000 -0.444025 -2.459710 1.898590
 6561.000000 0.431583 -2.963562 1.815087
 6562.000000 0.940799 -2.663521 1.324328
 6563.000000 -1.453144 2.800285 1.830542
 6564.000000 -1.280640 2.895588 1.848476
 6565.000000 0.294975 2.774643 1.780824
 6566.000000 1.081802 -2.378473 1.431320
 6567.000000 0.094017 2.712440 1.858571
 6568.000000 -1.892696 -3.024923 1.934332
 6569.000000 0.497151 -2.019781 1.737858
 6570.000000 -1.058577 -2.749715 1.775185
 6571.000000 0.509145 -2.624005 1.697885
 6572.000000 0.394779 2.486335 1.919168
 6573.000000 0.292528 -3.048195 1.648594
 6574.000000 0.254521 -2.828046 1.599149
 6575.000000 0.442806 -3.101881 1.941875
 6576.000000 0.466699 -3.014022 1.785608
 6577.000000 -1.251118 2.821948 1.918491
 6578.000000 0.524672 -2.717981 1.850456
 6579.000000 0.745077 -2.898742 1.867236
 6580.000000 0.327765 2.799950 1.488932
 6581.000000 0.522861 -2.661673 1.297405
 6582.000000 -1.442299 2.587094 1.758222
 6583.000000 0.344010 -2.728321 1.758163
 6584.000000 -0.404079 -2.620009 1.657399
 6585.000000 -1.451923 -2.583847 1.627865
 6586.000000 0.819988 2.737444 0.986842
 6587.000000 0.459510 -2.865243 1.895813
 6588.000000 -0.366316 -2.547969 1.151023
 6589.000000 1.704535 -2.939730 1.467265
 6590.000000 -0.322528 -2.441287 1.071902
 6591.000000 0.505587 -2.342243 1.680361
 6592.000000 1.208591 -2.535631 1.530174
 6593.000000 -0.901812 -2.820903 0.981063
 6594.000000 -1.286153 -2.931368 1.869119
 6595.000000 0.340578 2.714414 1.904399
 6596.000000 0.487759 -3.005858 1.914783
 6597.000000 0.304916 -2.769787 1.866994
 6598.000000 0.283570 -2.773344 1.864148
 6599.000000 -0.411546 2.786931 1.337906
 6600.000000 0.365003 -2.990718 1.885788
 6601.000000 0.453487 -2.704756 1.744700
 6602.000000 -1.062104 -2.689648 1.867179
 6603.000000 -1.447169 -2.878290 1.892121
 6604.000000 0.467149 2.788477 1.843049
 6605.000000 -1.446573 -3.010767 1.857754
 6606.000000 -1.532455 -2.732431 1.852303
 6607.000000 1.342276 2.814856 1.852320
 6608.000000 0.396966 2.744521 1.879722
 6609.000000 0.667144 -2.322260 1.953832
 6610.000000 0.233517 -2.968393 1.588265
 6611.000000 -0.262700 -2.715079 1.765078
 6612.000000 0.652543 -2.685989 0.954484
 6613.000000 -0.324062 3.137347 0.916003
 6614.000000 0.254559 -2.416610 1.873945
 6615.000000 1.004012 -3.110910 1.673091
 6616.000000 -0.200835 -2.769248 1.049144
 6617.000000 0.403513 2.657221 1.713238
 6618.000000 -0.345924 2.330962 1.686801
 6619.000000 -1.569006 -2.593449 1.270870
 6620.000000 -0.179172 3.042044 1.792471
 6621.000000 0.293304 -2.679635 1.630101
 6622.000000 0.488771 -2.438948 1.674652
 6623.000000 0.461962 -2.775123 1.830783
 6624.000000 0.258711 -2.557293 1.819094
 6625.000000 -0.247979 -2.830139 1.605150
 6626.000000 -1.409773 -2.631469 1.790681
 6627.000000 -0.073387 -3.011748 1.761608
 6628.000000 0.623708 -2.652735 1.760210
 6629.000000 -1.355960 -2.849426 1.782398
 6630.000000 1.105477 -2.199596 1.776501
 6631.000000 0.387298 -2.764742 1.677075
 6632.000000 0.174326 -2.366937 1.757697
 6633.000000 -0.235738 -2.786527 1.728728
 6634.000000 -1.630242 -2.780557 1.888115
 6635.000000 -1.926246 2.970964 1.885191
 6636.000000 -1.385804 3.028504 1.869212
 6637.000000 0.340273 -2.930162 1.914083
 6638.000000 0.461833 2.997427 1.891765
 6639.000000 0.365134 -3.033859 1.939450
 6640.000000 0.400594 -2.990198 1.906896
 6641.000000 0.493056 -2.831840 1.899544
 6642.000000 0.299400 3.105319 1.929229
 6643.000000 0.378250 3.032926 1.901469
 6644.000000 0.311966 -2.855070 1.912495
 6645.000000 -1.609014 -3.141410 1.947923
 6646.000000 -1.492689 -2.886492 1.936802
 6647.000000 0.530102 -3.125816 1.907504
 6648.000000 -0.688020 -3.115896 1.825642
 6649.000000 -0.419191 -2.632793 1.594923
 6650.000000 0.163715 2.737848 1.408164
 6651.000000 0.349891 -0.796677 1.907373
 6652.000000 1.462224 -2.286888 1.669832
 6653.000000 -2.533086 -2.628100 1.611251
 6654.000000 1.330982 -3.035280 1.902291
 6655.000000 -1.588359 -2.442583 1.654700
 6656.000000 0.258204 -2.688269 1.653195
 6657.000000 1.168952 -2.663816 1.634923
 6658.000000 -1.762833 -2.442624 1.608519
 6659.000000 1.188368 -2.668222 1.700142
 6660.000000 0.935298 -2.723199 1.855733
 6661.000000 0.295701 -2.726890 1.713840
 6662.000000 0.490920 -2.066774 1.977110
 6663.000000 -1.171044 -1.720190 1.976631
 6664.000000 -0.014127 3.085533 0.745215
 6665.000000 0.207891 -2.826877 1.031333
 6666.000000 0.450632 3.077359 1.371408
 6667.000000 -1.422633 -2.797085 1.301760
 6668.000000 -1.324486 2.911707 1.829165
 6669.000000 0.455399 -3.096402 1.550480
 6670.000000 1.619506 2.584609 1.907791
 6671.000000 0.426770 2.859525 1.845255
 6672.000000 0.426678 -2.212212 1.842621
 6673.000000 0.271381 3.024941 1.229626
 6674.000000 0.295716 2.361793 1.552967
 6675.000000 0.027177 -2.713297 1.886970
 6676.000000 0.014608 -2.266807 1.719906
 6677.000000 1.578776 -2.653187 1.736537
 6678.000000 -0.497126 -2.225899 1.887682
 6679.000000 -0.374867 2.796513 1.805169
 6680.000000 0.262105 -2.842425 1.873171
 6681.000000 0.312649 -3.098422 1.820403
 6682.000000 0.257783 -2.689538 1.690483
 6683.000000 -1.688667 -2.436461 1.913689
 6684.000000 0.117848 2.667574 1.710700
 6685.000000 -1.444135 -1.858480 1.708516
 6686.000000 0.519474 -2.722635 1.716849
 6687.000000 0.566269 2.681534 1.701014
 6688.000000 0.349144 3.130979 1.674172
 6689.000000 -0.462343 2.692729 1.752810
 6690.000000 0.337768 -2.113923 1.828945
 6691.000000 -0.489629 -2.564445 1.707572
 6692.000000 1.343374 3.047992 1.948279
 6693.000000 1.152489 -2.835049 1.895528
 6694.000000 1.673752 -3.107460 1.918533
 6695.000000 -0.012967 2.645372 1.916196
 6696.000000 -1.241409 2.931099 1.834765
 6697.000000 -1.309318 2.736266 1.962844
 6698.000000 0.423076 2.210708 1.871078
 6699.000000 -1.235379 2.997025 1.044488
 6700.000000 0.086474 2.880084 1.688760
 6701.000000 0.053356 -2.670187 1.745073
 6702.000000 0.392341 -2.389954 1.725563
 6703.000000 0.334522 -3.065153 1.930047
 6704.000000 -0.126720 -3.038008 1.763199
 6705.000000 0.238533 -2.209133 1.151940
 6706.000000 0.455162 2.943961 1.698186
 6707.000000 0.406307 2.813120 1.753046
 6708.000000 0.318866 -2.822356 1.929902
 6709.000000 0.423382 -2.679790 1.911749
 6710.000000 -0.159006 -2.514014 1.692172
 6711.000000 -1.525628 -2.942003 1.164410
 6712.000000 0.305860 -2.827996 1.108684
 6713.000000 -0.407105 3.062796 1.945622
 6714.000000 -1.138761 2.812261 1.929900
 6715.000000 0.887968 2.951420 1.145983
 6716.000000 0.388263 -2.678013 1.750010
 6717.000000 1.247789 -2.284269 1.039332
 6718.000000 0.540052 -2.892387 1.727206
 6719.000000 0.476471 -2.682988 1.796288
 6720.000000 -1.400912 2.979694 1.793057
 6721.000000 -1.335753 2.686936 1.590796
 6722.000000 0.523511 -2.177846 1.423629
 6723.000000 -0.720794 -2.657673 1.587450
 6724.000000 0.457397 3.049434 1.921121
 6725.000000 0.272274 2.837111 1.597306
 6726.000000 -1.553428 -2.640147 1.606357
 6727.000000 1.127949 2.724375 1.460045
 6728.000000 0.487450 2.819538 1.107826
 6729.000000 -1.210677 -2.298085 1.808638
 6730.000000 0.531318 2.084495 1.791017
 6731.000000 0.416825 -2.806593 1.066943
 6732.000000 -0.461497 2.779927 1.121014
 6733.000000 -1.316072 2.544018 1.916545
 6734.000000 0.092835 -2.925886 1.900483
 6735.000000 -1.014910 2.746856 1.904802
 6736.000000 0.489436 2.718139 1.892284
 6737.000000 0.262479 3.007427 1.920827
 6738.000000 0.344644 -2.950703 1.920733
 6739.000000 -1.052293 -2.721324 1.935716
 6740.000000 -1.271358 2.944571 1.933788
 6741.000000 0.127582 -2.844641 1.931055
 6742.000000 0.490184 -3.002530 1.904386
 6743.000000 0.259351 2.667424 1.911598
 6744.000000 0.357000 2.753002 1.920732
 6745.000000 -0.029737 -2.894729 1.926069
 6746.000000 0.369253 -3.127367 1.902942
 6747.000000 0.447593 2.781728 1.900619
 6748.000000 -1.546246 -2.705137 1.903712
 6749.000000 0.442958 2.970245 1.908671
 6750.000000 -1.369685 -3.016566 1.905571
 6751.000000 0.428265 -3.134081 1.914211
 6752.000000 -0.868620 -2.844120 1.930726
 6753.000000 -1.456043 2.967710 1.924083
 6754.000000 -1.310865 -3.068609 1.925339
 6755.000000 -1.519246 -3.132571 1.924851
 6756.000000 0.231324 -3.084985 1.964065
 6757.000000 0.049550 -1.803004 1.971218
 6758.000000 0.295526 -2.747981 1.630443
 6759.000000 0.422460 -2.873292 1.957226
 6760.000000 -0.455434 -2.677224 1.937637
 6761.000000 0.845496 -2.938789 1.842760
 6762.000000 -1.401247 -2.000028 1.946632
 6763.000000 -1.181091 -2.180999 1.932617
 6764.000000 -1.413174 3.051577 1.775702
 6765.000000 -0.426747 -2.848381 1.900969
 6766.000000 1.565071 -2.649991 1.850054
 6767.000000 -1.705557 -2.368999 1.598507
 6768.000000 0.141602 -1.557612 1.848723
 6769.000000 0.331176 -2.820258 1.916841
 6770.000000 -1.258626 2.978493 1.827077
 6771.000000 -0.135267 2.988846 1.889872
 6772.000000 0.349254 2.573961 1.824599
 6773.000000 -1.298755 2.350142 1.733928
 6774.000000 -0.264871 -2.906549 1.828738
 6775.000000 0.375570 -2.768567 1.799546
 6776.000000 0.332164 -2.776819 1.873729
 6777.000000 0.007180 -2.660910 1.908113
 6778.000000 0.192890 3.023428 1.970183
 6779.000000 0.346463 2.943146 1.951375
 6780.000000 0.343135 -3.002825 1.855013
 6781.000000 0.281001 -2.942816 1.856352
 6782.000000 0.287441 -2.520181 1.809193
 6783.000000 -0.843143 -2.318641 1.892804
 6784.000000 -0.278675 -2.741607 1.725760
 6785.000000 -0.210492 -2.705563 1.706560
 6786.000000 -0.263224 -2.743387 1.648954
 6787.000000 -0.034104 -2.958359 1.756011
 6788.000000 1.286073 -2.619602 1.748446
 6789.000000 0.686746 -2.823195 1.802824
 6790.000000 -0.525664 -2.500500 1.897637
 6791.000000 0.324343 2.983149 1.825598
 6792.000000 0.552358 -2.438041 1.874057
 6793.000000 0.159761 3.046247 1.899483
 6794.000000 0.352758 -2.730407 1.957253
 6795.000000 0.365046 -2.467938 1.830905
 6796.000000 -0.402437 -2.999592 1.802654
 6797.000000 -0.441981 -2.594834 1.958633
 6798.000000 0.369502 2.843828 1.853627
 6799.000000 0.396823 2.621834 1.740053
 6800.000000 0.266077 -2.603879 1.234133
 6801.000000 0.396190 2.696621 1.236989
 6802.000000 0.849168 -2.567011 1.835244
 6803.000000 0.119036 -2.871257 1.981969
 6804.000000 0.367876 -2.252055 1.903599
 6805.000000 1.016199 -3.002157 1.928190
 6806.000000 0.492902 3.008033 1.617769
 6807.000000 -1.548075 -2.829930 1.712203
 6808.000000 1.686624 2.401568 1.941205
 6809.000000 -1.355373 -3.114956 1.948884
 6810.000000 0.466259 -2.143188 1.782441
 6811.000000 0.375956 -2.666642 1.908592
 6812.000000 -0.432802 -2.714419 1.546646
 6813.000000 0.069090 -3.051816 1.918601
 6814.000000 0.004375 2.860948 1.763602
 6815.000000 -1.095793 -2.997857 1.888992
 6816.000000 0.426844 -2.992671 1.861816
 6817.000000 0.403057 3.041892 1.757634
 6818.000000 -1.012608 2.718629 1.952156
 6819.000000 1.220826 -2.914033 1.884415
 6820.000000 1.131596 2.761018 1.755704
 6821.000000 1.529781 2.805393 1.894138
 6822.000000 0.373555 2.877543 1.849537
 6823.000000 1.262524 2.443192 1.877709
 6824.000000 1.399900 -3.007326 1.894939
 6825.000000 -0.438377 -3.116038 1.843593
 6826.000000 1.345097 -3.043374 1.874306
 6827.000000 0.347972 -2.890098 1.923898
 6828.000000 0.364955 -2.878223 1.908643
 6829.000000 -0.438140 2.749602 1.904302
 6830.000000 1.082769 -2.905610 1.849124
 6831.000000 0.783540 -3.044475 1.942307
 6832.000000 -0.446935 2.502596 1.829551
 6833.000000 -0.474550 2.838999 1.705600
 6834.000000 1.333522 2.785604 1.907427
 6835.000000 1.293311 2.291263 1.829419
 6836.000000 0.901160 2.738420 1.896981
 6837.000000 0.228557 3.098349 1.869807
 6838.000000 1.329144 -2.034521 1.773853
 6839.000000 1.574445 -2.577906 1.927353
 6840.000000 0.107127 -2.335138 1.884075
 6841.000000 0.332491 -1.988138 1.899061
 6842.000000 0.231230 -2.222410 1.928214
 6843.000000 -0.263460 -2.038729 1.932978
 6844.000000 1.313741 -2.332647 1.788038
 6845.000000 -0.375469 -2.442263 1.930772
 6846.000000 -0.401838 -2.182998 1.940838
 6847.000000 1.427720 -2.913043 1.859316
 6848.000000 1.524021 -2.416713 1.913532
 6849.000000 0.253878 -2.097396 1.918519
 6850.000000 0.355497 -3.015630 1.891899
 6851.000000 0.313227 -2.793537 1.907007
 6852.000000 -1.538407 3.078558 1.641725
 6853.000000 0.236797 -2.348891 1.061179
 6854.000000 0.393928 -2.821646 1.815897
 6855.000000 -1.415377 -2.571827 0.953443
 6856.000000 0.383050 3.124186 1.807374
 6857.000000 1.743529 -2.503163 1.352383
 6858.000000 1.371692 -2.550372 0.820826
 6859.000000 1.079677 -2.746470 1.546391
 6860.000000 0.876454 -3.133764 1.889296
 6861.000000 -0.220461 2.771622 1.814242
 6862.000000 0.149723 -2.759595 1.883623
 6863.000000 0.240835 2.906390 1.962382
 6864.000000 0.222971 -2.490938 1.974907
 6865.000000 0.244953 -3.077156 1.947364
 6866.000000 -1.229540 2.654859 1.938782
 6867.000000 0.425359 -2.205852 1.578960
 6868.000000 0.444490 -3.100518 1.949831
 6869.000000 0.311590 -2.754463 1.967911
 6870.000000 0.217126 -2.610874 1.967256
 6871.000000 -0.070338 -2.692388 1.972457
 6872.000000 0.138754 -2.849836 1.945316
 6873.000000 0.225330 -2.969870 1.910358
 6874.000000 0.242957 3.084141 1.962934
 6875.000000 0.301692 3.118292 1.904158
 6876.000000 0.398437 -2.924828 1.690806
 6877.000000 0.319768 -2.633956 1.485807
 6878.000000 0.615629 -2.386253 1.739281
 6879.000000 -0.741877 -2.505930 1.897978
 6880.000000 0.221749 -2.757619 1.960554
 6881.000000 0.504967 2.898259 1.957162
 6882.000000 0.444197 2.920704 1.852103
 6883.000000 0.320578 3.014320 1.991277
 6884.000000 0.258333 -2.647926 1.992367
 6885.000000 0.323948 -2.916498 1.959441
 6886.000000 0.307609 -2.957650 1.963282
 6887.000000 0.388747 3.074852 1.944260
 6888.000000 0.132113 2.943555 1.950801
 6889.000000 0.317488 -2.988794 1.958007
 6890.000000 0.259207 2.689918 1.962511
 6891.000000 0.240654 3.018405 1.954515
 6892.000000 0.269900 2.782551 1.974810
 6893.000000 0.271024 3.122176 1.934163
 6894.000000 0.133357 2.898085 1.965816
 6895.000000 0.384357 -2.574896 1.768263
 6896.000000 -0.030421 -2.868774 1.903468
 6897.000000 0.342488 2.947938 1.984132
 6898.000000 0.394799 2.774079 1.979534
 6899.000000 0.408297 -2.400426 1.979680
 6900.000000 1.737999 2.625336 1.979127
 6901.000000 -0.403444 3.114381 1.982146
 6902.000000 -0.442280 -1.740297 1.977269
 6903.000000 1.238144 -2.235182 1.969591
 6904.000000 -0.388785 -2.575090 1.981978
 6905.000000 -0.314650 2.663769 1.980064
 6906.000000 -0.368643 2.708939 1.977977
 6907.000000 1.333632 -2.934077 1.969529
 6908.000000 1.758915 2.995474 1.977983
 6909.000000 1.109022 2.799598 1.983266
 6910.000000 1.407951 -3.026220 1.977199
 6911.000000 -0.404374 2.999606 1.975999
 6912.000000 -0.323178 2.453100 1.984465
 6913.000000 1.394852 2.800771 1.973995
 6914.000000 -0.080646 -2.820589 1.986100
 6915.000000 -0.462909 -2.993527 1.979969
 6916.000000 1.397936 2.066287 1.983796
 6917.000000 0.742643 2.544684 1.970150
 6918.000000 1.711832 2.911089 1.973989
 6919.000000 1.683164 2.624193 1.982717
 6920.000000 1.249898 2.798190 1.967144
 6921.000000 1.214101 2.811403 1.968062
 6922.000000 -0.158811 2.692346 1.977455
 6923.000000 1.123870 -2.879409 1.967199
 6924.000000 -0.324034 3.141415 1.974614
 6925.000000 -0.312887 -3.037680 1.984811
 6926.000000 -0.410043 2.911041 1.977162
 6927.000000 -0.301012 2.688185 1.970889
 6928.000000 1.207128 2.623061 1.974259
 6929.000000 -0.173576 2.698884 1.976362
 6930.000000 -0.303063 -3.103512 1.988001
 6931.000000 -0.379240 -2.925908 1.992438
 6932.000000 1.096141 2.689430 1.978611
 6933.000000 -0.395583 2.744432 1.976575
 6934.000000 -0.324421 2.800974 1.972664
 6935.000000 1.779376 2.745633 1.974776
 6936.000000 -0.349902 2.796298 1.975426
 6937.000000 -0.325829 3.011652 1.975928
 6938.000000 1.482761 -2.832382 1.969569
 6939.000000 -0.227562 2.883517 1.976733
 6940.000000 -0.382293 3.099138 1.981562
 6941.000000 -0.344734 2.694342 1.974175
 6942.000000 -0.515288 2.861468 1.978724
 6943.000000 -0.294835 2.519584 1.987791
 6944.000000 -0.504039 2.967170 1.979846
 6945.000000 -0.430549 2.917307 1.980956
 6946.000000 -0.401861 2.800071 1.986500
 6947.000000 -0.148519 -2.949905 1.989643
 6948.000000 -0.301359 2.890873 1.984283
 6949.000000 -0.322679 2.660995 1.977842
 6950.000000 -0.531499 2.686528 1.969923
 6951.000000 1.531131 2.432825 1.968754
 6952.000000 -0.529174 -3.021872 1.980256
 6953.000000 1.609512 -2.910882 1.971690
 6954.000000 1.162737 2.755540 1.972477
 6955.000000 1.293228 2.910802 1.979317
 6956.000000 -0.203865 -3.070609 1.976964
 6957.000000 1.503678 -2.612391 1.971689
 6958.000000 0.155575 3.034538 1.980451
 6959.000000 1.416526 2.447322 1.979662
 6960.000000 -0.545961 -2.959846 1.976441
 6961.000000 -0.269624 -2.894662 1.989022
 6962.000000 1.422265 2.513498 1.978885
 6963.000000 1.269738 2.898521 1.977945
 6964.000000 -0.286519 2.808207 1.986978
 6965.000000 -0.283471 -3.117158 1.982238
 6966.000000 -0.419628 2.733802 1.969458
 6967.000000 -0.414311 2.696152 1.973798
 6968.000000 -0.266801 -3.086306 1.988268
 6969.000000 1.332340 2.719612 1.978934
 6970.000000 1.171893 2.763213 1.978142
 6971.000000 -0.410122 2.831487 1.991910
 6972.000000 -0.260314 2.536655 1.972533
 6973.000000 -0.282748 2.488840 1.977805
 6974.000000 1.776849 2.621182 1.976862
 6975.000000 -0.269577 2.855366 1.977546
 6976.000000 1.042530 2.805889 1.976833
 6977.000000 -0.286757 2.996913 1.976290
 6978.000000 -0.332628 2.886415 1.976213
 6979.000000 -0.424368 2.803590 1.978376
 6980.000000 -0.531376 2.936538 1.974881
 6981.000000 0.998272 2.732579 1.977345
 6982.000000 -0.215358 2.765366 1.978983
 6983.000000 -0.516871 2.703291 1.976786
 6984.000000 -0.360794 2.691541 1.980996
 6985.000000 -0.370766 3.093055 1.976765
 6986.000000 1.601547 2.758418 1.979319
 6987.000000 -0.273944 2.450691 1.978373
 6988.000000 -0.322216 2.732464 1.975183
 6989.000000 1.138151 -3.035357 1.981429
 6990.000000 -0.360447 2.644340 1.972123
 6991.000000 -0.391867 2.921394 1.975540
 6992.000000 -0.456082 2.804584 1.973812
 6993.000000 -0.341774 2.768201 1.974310
 6994.000000 1.311351 2.856262 1.964936
 6995.000000 -0.324943 2.726683 1.978633
 6996.000000 -0.436743 -2.865460 1.974548
 6997.000000 -0.357100 2.791453 1.977120
 6998.000000 1.349148 2.692504 1.968608
 6999.000000 1.086191 3.034810 1.977331
 7000.000000 -0.373617 2.866730 1.977162
 7001.000000 -0.349333 2.997414 1.980135
 7002.000000 0.989899 2.235975 1.973887
 7003.000000 1.371312 2.716916 1.982158
 7004.000000 1.308489 2.669517 1.977104
 7005.000000 -0.470839 2.899164 1.982092
 7006.000000 -0.388209 2.907622 1.985818
 7007.000000 1.291220 2.493764 1.978862
 7008.000000 1.071393 2.858309 1.974048
 7009.000000 1.562603 2.556689 1.977674
 7010.000000 -0.364206 2.945094 1.977028
 7011.000000 -0.337549 -3.065283 1.975689
 7012.000000 1.852857 2.744668 1.976733
 7013.000000 -0.353135 2.533411 1.971678
 7014.000000 -0.278501 2.727032 1.975255
 7015.000000 -0.416927 2.757916 1.965745
 7016.000000 1.119313 2.529603 1.977908
 7017.000000 -0.088379 3.055612 1.972934
 7018.000000 -0.463574 2.256134 1.971445
 7019.000000 -0.313763 2.809935 1.976440
 7020.000000 1.180138 2.952916 1.967916
 7021.000000 -0.297161 -2.973473 1.976262
 7022.000000 -0.279757 -3.052113 1.973710
 7023.000000 0.063274 3.030215 1.984648
 7024.000000 0.084300 3.003661 1.982780
 7025.000000 0.011012 -2.969711 1.983928
 7026.000000 0.151678 -2.900610 1.979517
 7027.000000 -0.027326 -3.001537 1.983588
 7028.000000 -0.015179 2.926723 1.987635
 7029.000000 0.177772 3.107170 1.981374
 7030.000000 0.139286 2.936115 1.982129
 7031.000000 0.030041 -3.033552 1.985733
 7032.000000 0.078326 3.009529 1.983019
 7033.000000 0.373809 -1.922170 1.982865
 7034.000000 0.019626 -2.743250 1.980549
 7035.000000 0.203456 -3.039761 1.979376
 7036.000000 0.275266 3.121089 1.987473
 7037.000000 0.118843 -2.697354 1.978148
 7038.000000 0.202690 2.906562 1.982821
 7039.000000 0.124497 2.538559 1.986363
 7040.000000 0.065813 2.559756 1.987456
 7041.000000 0.102004 -2.984833 1.982796
 7042.000000 0.013329 2.720431 1.981600
 7043.000000 0.686858 -2.954369 1.979474
 7044.000000 0.043922 3.107562 1.982868
 7045.000000 0.055536 -2.904701 1.980579
 7046.000000 -0.324686 2.836360 1.974981
 7047.000000 0.121945 2.914607 1.983746
 7048.000000 0.661148 2.359296 1.989201
 7049.000000 0.083059 2.934159 1.983083
 7050.000000 0.277752 2.587654 1.983365
 7051.000000 0.082525 -2.935983 1.981502
 7052.000000 0.556981 -3.075003 1.983336
 7053.000000 0.189702 3.094893 1.982754
 7054.000000 -0.004998 -3.033423 1.984776
 7055.000000 0.290214 -2.728872 1.981347
 7056.000000 0.261090 -2.916068 1.983324
 7057.000000 -0.049133 3.102903 1.984103
 7058.000000 -0.027950 -3.033869 1.978663
 7059.000000 0.183990 -2.234158 1.979643
 7060.000000 0.106168 2.954132 1.982903
 7061.000000 0.655782 -3.087001 1.983711
 7062.000000 0.297147 2.687949 1.977664
 7063.000000 0.239573 2.952675 1.978995
 7064.000000 0.046629 -2.788351 1.884356
 7065.000000 -0.643577 -2.558089 1.383409
 7066.000000 0.465299 -2.001671 1.972916
 7067.000000 0.407521 -2.450906 1.972978
 7068.000000 0.216003 -2.296872 1.956591
 7069.000000 0.304138 -2.019824 1.963146
 7070.000000 0.195049 -2.394008 1.987465
 7071.000000 0.279838 -2.259473 1.983149
 7072.000000 0.285788 -2.408692 1.991596
 7073.000000 0.301024 -1.970704 1.963112
 7074.000000 0.415061 -1.889968 1.963935
 7075.000000 0.369932 -2.317208 1.962578
 7076.000000 0.175545 -2.657578 1.959656
 7077.000000 0.846280 -2.102302 1.760057
 7078.000000 0.150044 -2.240438 1.950576
 7079.000000 0.270822 -2.349555 1.824629
 7080.000000 -1.463677 -2.096597 1.840220
 7081.000000 0.085478 2.955964 1.905265
 7082.000000 0.418493 -2.792581 1.858587
 7083.000000 1.009259 -2.445838 1.834561
 7084.000000 -0.356458 -2.538651 1.456421
 7085.000000 0.379824 -2.765754 1.680444
 7086.000000 -0.005043 -2.385997 1.826272
 7087.000000 0.128834 2.686909 1.953286
 7088.000000 0.456351 -3.058483 1.834228
 7089.000000 0.491131 -2.651899 1.329971
 7090.000000 -1.289725 -2.857712 1.851426
 7091.000000 0.114777 -3.099800 1.705857
 7092.000000 -1.603512 -2.214613 1.655706
 7093.000000 0.254265 2.764895 1.095540
 7094.000000 -0.352624 -2.750733 1.816391
 7095.000000 -0.452455 3.132589 1.825682
 7096.000000 -0.490867 2.994835 1.850629
 7097.000000 1.484992 3.088914 1.821787
 7098.000000 1.382519 -2.773102 1.848073
 7099.000000 1.129610 -3.027637 1.848112
 7100.000000 -0.295994 2.899058 1.864802
 7101.000000 -0.426744 -3.067595 1.844921
 7102.000000 -0.384429 2.551190 1.859869
 7103.000000 -0.300425 2.987586 1.848672
 7104.000000 -0.269302 2.798580 1.858332
 7105.000000 0.890518 3.047560 1.855731
 7106.000000 1.413078 2.857190 1.846449
 7107.000000 -0.214902 -2.855707 1.847028
 7108.000000 -0.429321 2.484254 1.834025
 7109.000000 0.642656 -2.906442 1.838530
 7110.000000 1.060859 2.461383 1.818112
 7111.000000 1.254975 2.944100 1.829225
 7112.000000 0.160038 -1.902312 1.930944
 7113.000000 0.450972 -1.780498 1.940252
 7114.000000 0.328664 -1.850760 1.939518
 7115.000000 -1.144127 -2.890171 1.907026
 7116.000000 0.492259 -2.397003 1.921252
 7117.000000 0.302394 -2.977454 1.924088
 7118.000000 0.462361 -2.065141 1.636994
 7119.000000 0.140892 2.618770 1.730590
 7120.000000 -0.997032 2.927760 1.575898
 7121.000000 0.067492 -2.732722 1.972919
 7122.000000 0.382342 -3.006611 1.916748
 7123.000000 0.243722 -2.954448 1.920852
 7124.000000 0.301416 2.602437 1.915021
 7125.000000 1.055646 -2.684994 1.772449
 7126.000000 -1.679483 -2.675380 1.835343
 7127.000000 -0.879318 2.953691 1.087620
 7128.000000 -1.525634 -2.666397 1.775488
 7129.000000 0.360626 2.846570 1.747548
 7130.000000 -0.380594 -2.733466 1.568908
 7131.000000 0.416580 3.080325 1.792587
 7132.000000 -1.182427 -3.034228 1.965673
 7133.000000 -1.258394 2.976199 1.634532
 7134.000000 0.312291 3.031708 1.920558
 7135.000000 -0.420652 -2.191581 1.491170
 7136.000000 0.398121 -2.169110 1.970777
 7137.000000 -0.157346 -2.141305 1.604308
 7138.000000 0.226397 -2.805636 1.263204
 7139.000000 1.181882 -2.537038 1.950292
 7140.000000 0.502904 2.709900 1.922896
 7141.000000 0.257727 -3.066735 1.892582
 7142.000000 1.437705 -2.708303 1.899025
 7143.000000 -0.646002 -2.767050 1.942717
 7144.000000 0.373030 -2.855648 1.610079
 7145.000000 1.297111 -2.235295 1.743122
 7146.000000 0.915561 -2.741365 1.284325
 7147.000000 -0.957021 -2.442793 1.907772
 7148.000000 -1.271515 2.832062 1.847209
 7149.000000 0.314587 2.825513 1.865919
 7150.000000 0.296515 2.768705 1.905323
 7151.000000 -1.092005 -2.643052 1.875769
 7152.000000 0.399520 -2.678885 0.962492
 7153.000000 0.453522 2.664879 1.753778
 7154.000000 0.257759 -2.621295 1.777190
 7155.000000 0.446767 -2.278981 0.843245
 7156.000000 -0.067877 -2.867108 1.476341
 7157.000000 -0.163873 -2.703801 1.631349
 7158.000000 0.439631 -2.849656 1.846690
 7159.000000 1.047068 -2.193075 1.775078
 7160.000000 -0.165017 -2.874064 1.951889
 7161.000000 -0.145525 3.049662 1.965101
 7162.000000 -0.347557 2.685583 1.139527
 7163.000000 -0.414519 -2.645546 1.827736
 7164.000000 -0.133928 -2.765831 1.733644
 7165.000000 -0.128250 -2.594261 1.884000
 7166.000000 0.982808 -2.847006 1.690544
 7167.000000 -0.404290 -2.945814 1.969303
 7168.000000 0.571789 2.773630 1.917443
 7169.000000 -1.111805 -2.829307 1.828956
 7170.000000 0.133793 -3.099180 1.610604
 7171.000000 0.320454 -3.029184 1.879541
 7172.000000 -0.307662 -2.964588 1.927387
 7173.000000 -1.561572 -2.549426 1.885347
 7174.000000 -0.408185 -2.861442 1.894305
 7175.000000 -0.332726 -2.829305 1.764311
 7176.000000 0.292590 -2.701273 1.847238
 7177.000000 -0.858715 -2.976848 1.883913
 7178.000000 0.266288 2.953760 0.823507
 7179.000000 0.324911 -2.715983 1.635964
 7180.000000 0.197276 -2.898115 1.675287
 7181.000000 -1.935740 -2.795915 1.411707
 7182.000000 0.405730 -2.659098 1.770511
 7183.000000 0.433822 -2.535588 1.812060
 7184.000000 -0.333621 -2.004509 1.698842
 7185.000000 0.183521 -2.726518 1.682955
 7186.000000 -1.590266 -2.508337 1.613232
 7187.000000 -0.012054 3.056089 1.908161
 7188.000000 0.297865 3.066101 1.747820
 7189.000000 0.359512 -2.972128 1.898847
 7190.000000 -0.330442 -2.984347 1.648476
 7191.000000 -1.435888 -3.020776 1.837463
 7192.000000 -1.704933 2.926068 1.968399
 7193.000000 -0.181797 -3.092954 1.678743
 7194.000000 0.497548 -2.719223 1.541123
 7195.000000 0.391072 -3.116227 1.908804
 7196.000000 1.233938 -2.834461 0.806851
 7197.000000 -1.438968 2.600091 1.642192
 7198.000000 0.235516 -2.903892 1.734568
 7199.000000 1.523040 -3.083697 1.716653
 7200.000000 -0.286343 -3.031807 1.863795
 7201.000000 0.809263 -2.289505 1.813002
 7202.000000 1.553896 3.093540 1.947975
 7203.000000 0.217144 -2.500852 1.908902
 7204.000000 0.205888 -1.126913 1.720282
 7205.000000 0.200189 -2.645188 1.741799
 7206.000000 0.364241 -2.720021 1.350237
 7207.000000 1.168451 -3.114473 1.296538
 7208.000000 0.313962 3.016143 1.639580
 7209.000000 0.401967 2.813974 1.831945
 7210.000000 -0.583391 -3.098348 1.131568
 7211.000000 -0.911515 -2.584019 1.883417
 7212.000000 1.891351 -2.822199 1.933563
 7213.000000 -1.430227 -2.924028 1.968375
 7214.000000 0.207081 2.726855 1.859311
 7215.000000 -0.506057 -3.051780 1.904068
 7216.000000 -0.285122 -3.028682 1.887539
 7217.000000 0.336721 2.621971 1.428461
 7218.000000 0.274260 -2.916328 1.768620
 7219.000000 0.484839 -2.525957 1.751654
 7220.000000 1.397644 -2.448538 1.784350
 7221.000000 0.201233 -2.867231 1.692233
 7222.000000 0.243094 -2.650025 1.810228
 7223.000000 1.439284 -2.553529 1.193637
 7224.000000 -1.137696 -1.947239 1.550093
 7225.000000 -0.318940 -2.424214 1.301233
 7226.000000 0.212090 -3.061768 1.016025
 7227.000000 1.280223 2.829846 1.782583
 7228.000000 0.427428 -2.456398 0.920760
 7229.000000 -1.054996 2.951491 1.812816
 7230.000000 0.451933 -1.889402 1.939321
 7231.000000 0.250686 -2.240802 1.777419
 7232.000000 -0.541616 -2.780251 1.769457
 7233.000000 -0.147872 -2.743511 1.362231
 7234.000000 0.106271 -2.911859 1.747830
 7235.000000 -1.298719 2.707307 1.862544
 7236.000000 -0.281008 -2.769812 1.685151
 7237.000000 -1.487983 2.916483 1.732241
 7238.000000 -0.414658 -2.780307 1.791817
 7239.000000 0.078077 -2.869716 1.920287
 7240.000000 -0.755882 -2.259491 1.629989
 7241.000000 0.385102 -2.951418 1.921043
 7242.000000 -0.397426 -2.932156 1.741506
 7243.000000 -1.372844 -2.817458 1.842134
 7244.000000 1.582490 -2.742294 1.957006
 7245.000000 -0.455614 -2.724740 1.973908
 7246.000000 -0.445570 -2.829283 1.770328
 7247.000000 -0.328031 2.643889 1.906836
 7248.000000 -0.304594 3.047072 1.951046
 7249.000000 0.397838 -2.906866 1.676502
 7250.000000 -0.014170 2.818162 1.703903
 7251.000000 1.115184 -2.374049 1.488906
 7252.000000 -0.102178 -3.087521 1.745476
 7253.000000 -0.505162 -2.860234 1.714194
 7254.000000 -0.383631 2.287828 1.980363
 7255.000000 -0.382985 2.888986 1.973364
 7256.000000 -0.268528 2.873565 1.984325
 7257.000000 1.161020 2.915667 1.979465
 7258.000000 -0.437639 2.689786 1.973131
 7259.000000 -0.474451 3.064695 1.978743
 7260.000000 1.257456 2.632312 1.969667
 7261.000000 -0.461449 2.473019 1.983403
 7262.000000 -0.283509 2.779352 1.971992
 7263.000000 1.645034 2.639963 1.980959
 7264.000000 -0.494610 2.631725 1.979352
 7265.000000 -0.403648 2.780724 1.982529
 7266.000000 -0.356851 2.947077 1.981095
 7267.000000 1.475451 2.548585 1.974569
 7268.000000 1.127705 2.434424 1.976724
 7269.000000 1.031612 -3.099882 1.980353
 7270.000000 -0.008411 3.096608 1.973715
 7271.000000 -0.339237 2.736309 1.975898
 7272.000000 -0.301346 -2.969606 1.977547
 7273.000000 -0.389415 2.670231 1.974115
 7274.000000 -0.516922 2.685031 1.974819
 7275.000000 1.209238 2.755325 1.971542
 7276.000000 -0.261777 2.525066 1.977252
 7277.000000 -0.379647 2.719609 1.978786
 7278.000000 1.075631 2.626327 1.970326
 7279.000000 0.952376 -2.992976 1.966656
 7280.000000 1.194166 2.915468 1.971766
 7281.000000 -0.313496 2.676649 1.973684
 7282.000000 -0.372024 2.815725 1.970845
 7283.000000 -0.246563 2.894008 1.974765
 7284.000000 -0.455915 2.911019 1.980113
 7285.000000 0.862894 2.756878 1.974484
 7286.000000 -0.275052 -3.113918 1.987569
 7287.000000 -0.204256 2.941640 1.972151
 7288.000000 1.418932 2.776271 1.968927
 7289.000000 -0.224209 2.700617 1.975854
 7290.000000 -0.232701 2.879216 1.977645
 7291.000000 1.352761 2.644941 1.972881
 7292.000000 -0.287075 3.106232 1.970768
 7293.000000 0.423723 -3.077878 1.972152
 7294.000000 0.946895 2.902705 1.969606
 7295.000000 -0.408251 -3.116919 1.981946
 7296.000000 -0.389899 2.784623 1.980353
 7297.000000 -0.470888 -3.013418 1.978847
 7298.000000 1.259204 2.936792 1.977266
 7299.000000 1.368552 2.725493 1.974810
 7300.000000 1.253497 2.830626 1.971757
 7301.000000 0.988277 2.592200 1.979943
 7302.000000 0.908198 -2.778489 1.972796
 7303.000000 -0.364960 2.655750 1.964844
 7304.000000 -0.195923 2.676045 1.978958
 7305.000000 0.900557 2.952503 1.975402
 7306.000000 1.562761 2.531801 1.973046
 7307.000000 1.370159 2.952342 1.972541
 7308.000000 -0.401136 -3.019884 1.979106
 7309.000000 0.789648 -2.982791 1.978513
 7310.000000 1.364694 2.917534 1.976928
 7311.000000 1.251387 2.936631 1.971470
 7312.000000 -0.431553 2.807255 1.973486
 7313.000000 -0.323814 2.676055 1.986017
 7314.000000 -0.329644 2.748019 1.974303
 7315.000000 -0.340402 2.832826 1.982857
 7316.000000 -0.116082 2.646623 1.975878
 7317.000000 1.219669 2.819505 1.976087
 7318.000000 -0.461046 2.185674 1.984543
 7319.000000 -0.214979 2.846290 1.976315
 7320.000000 -0.392209 2.424146 1.972237
 7321.000000 -0.330561 2.746939 1.979117
 7322.000000 1.466906 2.706735 1.973443
 7323.000000 -0.382456 2.680701 1.979368
 7324.000000 -0.435514 -3.053838 1.989812
 7325.000000 -0.242903 -2.957095 1.986150
 7326.000000 -0.450642 3.028621 1.986511
 7327.000000 1.358695 2.935893 1.975935
 7328.000000 1.178219 -2.957611 1.976846
 7329.000000 1.041050 3.127823 1.972999
 7330.000000 -0.361375 2.843617 1.972557
 7331.000000 -0.283009 -3.101837 1.977401
 7332.000000 -0.175063 2.784569 1.980350
 7333.000000 -0.115473 2.505913 1.977128
 7334.000000 1.067382 2.836697 1.978629
 7335.000000 -0.457296 2.765891 1.979656
 7336.000000 -0.411496 3.013071 1.977414
 7337.000000 -0.345560 2.808999 1.980564
 7338.000000 -0.318438 2.812694 1.973696
 7339.000000 1.303674 3.033581 1.976180
 7340.000000 1.159209 -2.813370 1.979064
 7341.000000 1.406501 -3.013303 1.971340
 7342.000000 1.131955 2.725493 1.977057
 7343.000000 1.257860 2.558147 1.973583
 7344.000000 -0.353917 -2.957503 1.972420
 7345.000000 0.957386 -2.900065 1.981811
 7346.000000 -0.383427 2.431274 1.976349
 7347.000000 -0.261741 2.845455 1.979053
 7348.000000 -0.303699 3.015030 1.976375
 7349.000000 1.403656 2.824467 1.972466
 7350.000000 0.961314 2.262256 1.977003
 7351.000000 1.801385 -2.893290 1.976558
 7352.000000 1.098339 2.571233 1.975787
 7353.000000 -0.318396 2.764925 1.980075
 7354.000000 -0.299269 2.958394 1.972233
 7355.000000 -0.363447 2.763287 1.972437
 7356.000000 -0.355680 2.798236 1.979120
 7357.000000 1.272811 2.761309 1.979401
 7358.000000 0.893529 2.697588 1.980471
 7359.000000 -0.302552 2.737284 1.979163
 7360.000000 1.402548 3.017849 1.977568
 7361.000000 -0.536994 2.864485 1.984881
 7362.000000 0.961831 -3.044503 1.977947
 7363.000000 1.105328 2.941713 1.976924
 7364.000000 -0.361402 2.586730 1.973049
 7365.000000 -0.389502 2.939835 1.975832
 7366.000000 -0.312789 2.817360 1.979757
 7367.000000 1.434210 -2.834296 1.967032
 7368.000000 1.002546 2.534256 1.977842
 7369.000000 -0.288450 2.985107 1.972845
 7370.000000 -0.406832 2.887160 1.988244
 7371.000000 1.182649 2.481791 1.973437
 7372.000000 1.079250 3.040152 1.968348
 7373.000000 1.442764 2.958087 1.969081
 7374.000000 1.292242 2.794785 1.974147
 7375.000000 1.438280 2.609542 1.977925
 7376.000000 1.214183 2.755590 1.971884
 7377.000000 -0.256152 2.951276 1.974335
 7378.000000 -0.470070 2.945729 1.974847
 7379.000000 1.387211 2.670854 1.972700
 7380.000000 -0.523993 2.737316 1.974674
 7381.000000 1.743689 -2.987114 1.972162
 7382.000000 -0.240658 2.831961 1.976050
 7383.000000 -0.291786 3.024229 1.988467
 7384.000000 -0.394546 -3.005875 1.988440
 7385.000000 -0.329251 3.014414 1.989458
 7386.000000 -0.191868 -3.085366 1.987605
 7387.000000 1.545394 2.556830 1.973150
 7388.000000 1.340854 2.659097 1.980217
 7389.000000 -0.322903 2.667268 1.978948
 7390.000000 1.267174 3.113429 1.972156
 7391.000000 -0.395733 -3.057419 1.978163
 7392.000000 -0.405287 -2.949052 1.979663
 7393.000000 1.221662 -2.904393 1.974022
 7394.000000 -0.349623 2.672372 1.964240
 7395.000000 -0.513582 2.929543 1.981762
 7396.000000 -0.309973 2.684847 1.976594
 7397.000000 -0.249756 -3.135530 1.987054
 7398.000000 -0.486319 -2.950024 1.978314
 7399.000000 -0.261189 3.074206 1.977392
 7400.000000 0.679549 -2.732101 1.967108
 7401.000000 -0.367583 -3.119051 1.972342
 7402.000000 1.554643 2.921032 1.978977
 7403.000000 -0.272092 2.790996 1.974369
 7404.000000 1.059714 2.536492 1.978423
 7405.000000 0.958859 2.911609 1.976483
 7406.000000 1.146977 2.768835 1.975514
 7407.000000 -0.145485 -3.104669 1.980825
 7408.000000 -0.492905 2.834750 1.972718
 7409.000000 -0.369826 2.777823 1.974530
 7410.000000 -0.344277 2.862104 1.978769
 7411.000000 -0.162253 3.089953 1.988755
 7412.000000 -0.442880 2.957532 1.968782
 7413.000000 -0.401154 2.751759 1.972835
 7414.000000 1.418444 2.743196 1.970652
 7415.000000 1.244975 2.730023 1.974125
 7416.000000 1.228477 3.018500 1.968332
 7417.000000 1.463372 2.728977 1.968852
 7418.000000 -0.427255 3.045569 1.972495
 7419.000000 -0.432219 2.794004 1.978987
 7420.000000 -0.305364 2.557706 1.969974
 7421.000000 -0.405776 2.700016 1.978567
 7422.000000 -0.433506 -3.112527 1.977135
 7423.000000 -0.491670 -3.130974 1.979007
 7424.000000 -0.477347 2.834191 1.971119
 7425.000000 -0.105290 2.619534 1.979080
 7426.000000 -0.411443 -3.111385 1.964447
 7427.000000 1.151474 -2.969938 1.979809
 7428.000000 1.946362 2.592782 1.975270
 7429.000000 0.992256 2.807663 1.975512
 7430.000000 -0.392521 2.714379 1.978751
 7431.000000 1.266751 2.950128 1.979484
 7432.000000 -0.374982 -3.013290 1.986077
 7433.000000 1.028050 -3.087322 1.967576
 7434.000000 1.418830 -3.066188 1.978361
 7435.000000 1.254013 2.690359 1.970723
 7436.000000 1.113286 -2.935391 1.969493
 7437.000000 -0.179864 2.981382 1.976012
 7438.000000 -0.360957 2.765111 1.969679
 7439.000000 -0.334344 2.775274 1.971930
 7440.000000 -0.362276 2.834536 1.979878
 7441.000000 1.382874 2.849094 1.974765
 7442.000000 0.993221 3.101965 1.972833
 7443.000000 -0.490298 2.558655 1.977512
 7444.000000 -0.440636 2.751803 1.977903
 7445.000000 -0.355044 2.871887 1.976008
 7446.000000 -0.430880 2.856331 1.973499
 7447.000000 -0.361635 3.131788 1.974478
 7448.000000 1.171773 2.527262 1.983059
 7449.000000 -0.304442 2.812481 1.984275
 7450.000000 0.020001 2.998730 1.975227
 7451.000000 -0.385451 -3.092862 1.977447
 7452.000000 -0.418275 2.730717 1.980151
 7453.000000 -0.105451 2.857577 1.976739
 7454.000000 -0.460457 2.941254 1.980585
 7455.000000 -0.314711 2.884178 1.987261
 7456.000000 -0.469156 2.719602 1.985268
 7457.000000 -0.430202 2.642682 1.980012
 7458.000000 -0.383182 2.679069 1.975146
 7459.000000 -0.482043 -2.937798 1.979449
 7460.000000 -0.505847 -2.858788 1.977586
 7461.000000 0.024359 -2.620824 1.858292
 7462.000000 1.388102 -2.505774 1.797231
 7463.000000 -0.328078 -2.672110 1.812335
 7464.000000 -0.388498 -2.424619 1.798820
 7465.000000 0.541969 -2.588862 0.612779
 7466.000000 1.287300 -3.036520 1.913893
 7467.000000 0.501969 -3.036700 1.891056
 7468.000000 0.351654 -2.893655 1.843920
 7469.000000 -1.671250 -3.128040 1.960306
 7470.000000 0.307339 2.625871 1.910434
 7471.000000 -0.990279 -2.854712 1.696330
 7472.000000 -1.136327 2.481028 1.804558
 7473.000000 -1.029302 -2.847184 1.697444
 7474.000000 -0.367305 2.687114 1.602669
 7475.000000 -0.340148 -2.893834 1.598257
 7476.000000 -1.186218 3.077024 1.697676
 7477.000000 1.036778 -2.626144 1.770802
 7478.000000 -0.354106 -2.369483 1.765795
 7479.000000 -0.380821 -2.363308 1.930602
 7480.000000 -0.614513 -2.560659 1.933727
 7481.000000 1.009229 -2.115445 1.876870
 7482.000000 -0.484034 -2.858851 1.907303
 7483.000000 1.798899 -2.876439 1.952175
 7484.000000 0.210079 -2.768555 1.933734
 7485.000000 0.411424 -2.749064 1.814520
 7486.000000 -0.340354 -2.746811 1.725281
 7487.000000 -1.278093 -2.988605 1.357449
 7488.000000 0.366133 -2.738390 1.678154
 7489.000000 0.226400 -2.726087 1.515259
 7490.000000 0.404421 3.037641 1.889329
 7491.000000 0.473982 2.775932 1.955371
 7492.000000 -0.014214 -2.518348 1.331955
 7493.000000 -1.252528 -2.749941 1.730107
 7494.000000 0.230522 -3.133074 1.805857
 7495.000000 -0.505817 -2.655856 1.116701
 7496.000000 0.293197 -2.786723 1.575085
 7497.000000 -1.566993 2.620271 1.891260
 7498.000000 -0.485445 -2.934939 1.664569
 7499.000000 -0.363605 -2.715053 1.902485
 7500.000000 -0.185310 2.676938 1.014176
 7501.000000 -0.123224 -2.731069 1.911367
 7502.000000 -1.428346 -2.662872 1.900045
 7503.000000 -1.125173 2.973090 1.955229
 7504.000000 -1.033672 -2.838098 1.829704
 7505.000000 0.477593 2.830307 1.822134
 7506.000000 0.070910 3.049068 1.840892
 7507.000000 0.363767 3.029607 1.907781
 7508.000000 1.399704 -2.577075 1.000988
 7509.000000 -0.332735 2.652260 1.738897
 7510.000000 -0.011464 -2.914396 1.646599
 7511.000000 0.197903 -2.695019 1.679260
 7512.000000 0.371002 -2.709230 1.668411
 7513.000000 -1.572158 -1.923916 1.925737
 7514.000000 0.154809 -2.065626 1.826465
 7515.000000 -0.803426 -2.555606 1.889520
 7516.000000 2.302229 -2.697540 1.711105
 7517.000000 -0.375221 -3.034394 1.949943
 7518.000000 0.841631 -2.732923 1.753013
 7519.000000 -0.390979 -2.643836 1.426106
 7520.000000 0.800225 -2.197296 1.795166
 7521.000000 -1.669116 2.940426 1.917646
 7522.000000 0.497128 -3.138107 1.533276
 7523.000000 0.188725 -2.629851 1.834023
 7524.000000 1.121276 -2.571104 1.498866
 7525.000000 -0.942486 2.661434 1.792720
 7526.000000 0.291938 -2.805783 1.804492
 7527.000000 0.365998 -2.652908 1.662978
 7528.000000 -0.274607 -2.603673 1.849952
 7529.000000 0.456216 -2.851927 0.908295
 7530.000000 0.002045 -2.929474 1.508874
 7531.000000 -1.127772 -2.480592 1.839950
 7532.000000 1.090688 -2.164436 1.690842
 7533.000000 0.421300 -2.653377 1.845476
 7534.000000 -2.006525 2.598297 1.880403
 7535.000000 -1.128370 3.042033 1.602515
 7536.000000 0.383914 -2.540879 1.796730
 7537.000000 -0.477766 2.731965 1.311878
 7538.000000 0.116313 -2.656044 1.905127
 7539.000000 -1.637281 -2.393321 1.672921
 7540.000000 -0.362855 -2.177344 1.871784
 7541.000000 0.030409 2.516103 1.815300
 7542.000000 -0.016712 -2.744966 1.786622
 7543.000000 0.433549 3.060112 1.850840
 7544.000000 0.494990 2.910996 1.871581
 7545.000000 -1.218580 3.094848 1.867949
 7546.000000 -1.020795 -3.016634 1.804523
 7547.000000 0.258030 -2.738693 1.288323
 7548.000000 0.309242 -2.217323 1.630475
 7549.000000 0.368744 -2.109256 1.959542
 7550.000000 0.482055 3.069419 1.872560
 7551.000000 -0.759959 -2.379885 1.492551
 7552.000000 -1.458795 -2.652829 1.711597
 7553.000000 0.792619 -2.603334 1.841124
 7554.000000 -2.034956 -1.897623 1.928437
 7555.000000 -1.141049 -2.616336 1.926214
 7556.000000 0.393177 -2.951213 1.275662
 7557.000000 -1.273441 -2.883129 1.612387
 7558.000000 0.317579 -2.139777 1.850324
 7559.000000 1.219860 -2.670151 1.671387
 7560.000000 -0.442323 -2.617750 1.885365
 7561.000000 -0.391679 -2.786505 1.803581
 7562.000000 -0.324295 -2.540372 1.930078
 7563.000000 0.282734 -3.008404 1.931608
 7564.000000 0.083230 -2.830454 1.758620
 7565.000000 0.360231 -2.626623 1.842411
 7566.000000 1.156955 -2.237914 1.761930
 7567.000000 1.326826 -2.719970 1.838711
 7568.000000 -1.768653 -2.649495 1.894247
 7569.000000 0.379985 -2.924427 1.929423
 7570.000000 0.992938 -2.800477 1.641682
 7571.000000 0.238814 -2.720513 1.478365
 7572.000000 -0.330187 -2.721903 1.748250
 7573.000000 0.382932 -2.337525 1.805769
 7574.000000 0.697036 2.766539 1.837238
 7575.000000 0.380427 -2.669139 1.823617
 7576.000000 0.435804 -3.032915 1.583770
 7577.000000 0.291080 -2.352307 1.828182
 7578.000000 0.363338 -2.649504 1.883906
 7579.000000 0.298551 -2.177017 1.865864
 7580.000000 0.366937 -2.979421 1.751610
 7581.000000 0.213916 -2.927883 1.757685
 7582.000000 -1.477571 -2.746383 1.759651
 7583.000000 0.253799 -2.895739 1.842358
 7584.000000 0.322552 -2.731952 1.768205
 7585.000000 -1.899823 -2.397587 1.651006
 7586.000000 1.025002 2.583439 1.832786
 7587.000000 0.323302 -3.079609 1.855537
 7588.000000 0.289844 -2.757624 1.953310
 7589.000000 0.220073 -2.861392 1.977965
 7590.000000 0.060494 2.643841 1.962865
 7591.000000 0.408122 2.890757 1.909808
 7592.000000 0.466850 3.047585 1.955105
 7593.000000 -0.479414 3.095625 1.750197
 7594.000000 -0.290049 -3.096655 1.853486
 7595.000000 1.636837 2.999541 1.933188
 7596.000000 -0.406065 -2.510374 1.898599
 7597.000000 0.237718 -3.073868 1.959462
 7598.000000 0.176648 3.010103 1.875916
 7599.000000 0.123142 -2.270141 1.946096
 7600.000000 -1.585535 2.850334 1.937842
 7601.000000 -1.161511 -2.517500 1.799139
 7602.000000 1.543553 -2.819653 1.933529
 7603.000000 0.890914 -1.878405 1.860687
 7604.000000 1.633366 -2.296133 1.612448
 7605.000000 -0.235482 2.744019 1.853420
 7606.000000 0.590830 3.106990 0.911709
 7607.000000 -0.438889 -2.829206 1.709422
 7608.000000 0.093400 2.820169 1.884996
 7609.000000 0.311007 -3.038909 1.876004
 7610.000000 0.326978 -2.760885 1.813735
 7611.000000 0.220750 2.546499 1.780955
 7612.000000 0.139605 -3.083755 1.885821
 7613.000000 0.065739 -2.441164 1.819119
 7614.000000 0.318088 -2.024550 1.852464
 7615.000000 -1.238334 -2.897448 1.965864
 7616.000000 -0.404424 -2.604274 1.816762
 7617.000000 -0.384641 -2.681341 1.855375
 7618.000000 0.321148 -2.162620 1.976777
 7619.000000 0.648615 -1.993200 1.978544
 7620.000000 -0.095616 -2.684387 1.936560
 7621.000000 0.490326 -2.794971 1.896776
 7622.000000 -0.371243 -2.721410 1.877374
 7623.000000 0.397933 -2.704382 1.798752
 7624.000000 -1.292928 2.673040 1.922847
 7625.000000 1.676802 -2.691107 1.240131
 7626.000000 0.285218 -3.028905 1.370094
 7627.000000 -1.079227 -2.885962 1.943725
 7628.000000 -0.883009 3.004940 1.920645
 7629.000000 1.172461 2.816042 1.858860
 7630.000000 -0.496278 2.751944 1.917537
 7631.000000 -0.501884 -2.880151 1.933638
 7632.000000 0.470283 2.631193 1.866759
 7633.000000 0.296378 -2.485997 1.916013
 7634.000000 0.961310 -2.027749 1.892966
 7635.000000 0.304060 2.472325 1.820220
 7636.000000 0.376336 -2.621912 1.389424
 7637.000000 0.338404 -3.027734 1.903512
 7638.000000 -1.032306 -2.715897 1.868724
 7639.000000 -1.990685 -2.923040 1.817959
 7640.000000 0.284136 3.067703 1.675939
 7641.000000 0.413862 -2.290864 1.925835
 7642.000000 0.385966 -2.402914 1.806474
 7643.000000 -1.065149 -2.929068 1.923672
 7644.000000 0.255365 -3.019358 1.982036
 7645.000000 -0.422963 -3.065658 1.896369
 7646.000000 -0.448643 -2.896477 1.910588
 7647.000000 -1.431460 2.886497 1.886928
 7648.000000 -0.457949 -3.066810 1.915591
 7649.000000 -1.283261 2.653948 1.689088
 7650.000000 -1.087121 -2.613853 1.597664
 7651.000000 0.067896 -2.906234 1.818807
 7652.000000 0.243536 -2.652148 1.551552
 7653.000000 0.377658 -2.485325 1.781832
 7654.000000 0.391511 -2.994721 1.881319
 7655.000000 0.216805 2.917759 1.931483
 7656.000000 0.223269 -2.932044 1.894398
 7657.000000 0.244244 2.597812 1.855570
 7658.000000 0.364539 -2.808083 1.926155
 7659.000000 0.410043 3.030967 1.931090
 7660.000000 0.462000 -3.020028 1.934312
 7661.000000 0.438968 3.091641 1.919954
 7662.000000 0.439134 2.843593 1.891799
 7663.000000 0.369482 -3.072322 1.920722
 7664.000000 0.388588 -2.913038 1.916681
 7665.000000 0.354975 -3.001299 1.873970
 7666.000000 0.206186 -2.896031 1.877136
 7667.000000 -0.289456 2.566399 1.850275
 7668.000000 -0.164521 3.038996 1.950641
 7669.000000 -1.168502 2.699661 1.934473
 7670.000000 -1.241367 2.925339 1.937467
 7671.000000 -1.790467 -1.585047 1.595210
 7672.000000 -1.552031 3.118854 1.951892
 7673.000000 -1.463466 -3.090329 1.915936
 7674.000000 0.850545 -2.746344 1.936464
 7675.000000 0.157653 -2.770373 1.863391
 7676.000000 -0.536562 3.043047 1.937374
 7677.000000 0.202927 -2.779134 1.949089
 7678.000000 0.236364 -2.745848 1.960134
 7679.000000 0.302637 -2.471153 1.951738
 7680.000000 -0.041673 -2.803329 1.949387
 7681.000000 0.215988 -2.876327 1.945378
 7682.000000 0.155657 -2.709757 1.951147
 7683.000000 0.236448 -2.765392 1.933589
 7684.000000 -0.368852 -2.799167 1.953457
 7685.000000 1.475526 -2.741286 1.929426
 7686.000000 1.344634 -2.754783 1.891493
 7687.000000 0.221244 -2.691268 1.854929
 7688.000000 0.247316 3.119432 1.839458
 7689.000000 -1.293452 -2.792881 1.603141
 7690.000000 0.896508 -2.629158 1.597310
 7691.000000 -0.738397 2.764685 1.917346
 7692.000000 -0.040952 2.848878 1.902858
 7693.000000 -0.841812 -2.854813 1.835010
 7694.000000 -0.027965 -2.651178 1.460001
 7695.000000 0.180753 -2.721372 1.752766
 7696.000000 0.507545 -2.440680 1.679525
 7697.000000 -0.306088 2.154842 1.040508
 7698.000000 0.281356 -2.454437 1.677956
 7699.000000 0.392621 -2.420998 1.847785
 7700.000000 -0.205553 -2.091595 1.898534
 7701.000000 -1.260895 -2.609074 1.865026
 7702.000000 -1.380848 -2.561286 1.816016
 7703.000000 -1.539674 -2.526183 1.797357
 7704.000000 0.280484 3.047356 1.876600
 7705.000000 0.374883 -2.773691 1.860861
 7706.000000 -0.890484 -2.782752 1.392950
 7707.000000 0.017633 -2.229519 1.554112
 7708.000000 0.183223 -3.091954 1.743730
 7709.000000 -0.433592 -2.720801 1.748258
 7710.000000 -0.104663 -2.341245 1.493378
 7711.000000 0.397112 -2.746622 1.764144
 7712.000000 -0.383659 -2.651411 1.622218
 7713.000000 0.552365 -2.756749 1.917553
 7714.000000 0.429656 -1.830023 1.894418
 7715.000000 -0.465985 -2.674925 1.716241
 7716.000000 -0.331239 -2.667955 1.759927
 7717.000000 0.414815 -2.350674 1.565131
 7718.000000 0.169710 -2.346133 1.285205
 7719.000000 0.828602 -2.110479 1.867896
 7720.000000 0.297755 -2.022123 1.759787
 7721.000000 -0.150109 -1.305594 1.887541
 7722.000000 0.341290 -2.595722 1.641325
 7723.000000 0.430004 -1.950289 1.871282
 7724.000000 0.242931 2.926038 1.805655
 7725.000000 -1.119006 -2.847844 1.877820
 7726.000000 0.384635 2.729301 1.781541
 7727.000000 -0.280782 -2.091078 1.870345
 7728.000000 1.473131 -2.776908 1.783277
 7729.000000 -0.201024 -2.582824 1.920163
 7730.000000 -0.460548 -2.695646 1.693441
 7731.000000 -0.952732 -3.071646 1.635188
 7732.000000 0.435931 2.710592 1.872606
 7733.000000 -1.561276 2.744933 1.739236
 7734.000000 0.267926 -2.846503 1.774715
 7735.000000 0.356121 -2.963793 1.714741
 7736.000000 0.457504 -2.598955 1.790102
 7737.000000 0.282930 -2.833391 1.405362
 7738.000000 -1.180988 -2.645612 1.402001
 7739.000000 -0.661171 -2.628328 1.912925
 7740.000000 0.169472 3.023905 1.397173
 7741.000000 0.336444 2.984276 1.988887
 7742.000000 0.306147 2.878243 1.984239
 7743.000000 0.410018 2.895191 1.971123
 7744.000000 0.367014 -3.083763 1.974685
 7745.000000 0.215060 -2.931249 1.961534
 7746.000000 0.066041 3.112445 1.952073
 7747.000000 0.248393 -1.700810 1.702792
 7748.000000 0.012585 -2.069030 1.547462
 7749.000000 0.313476 -2.719065 1.945605
 7750.000000 1.349130 2.787590 1.885373
 7751.000000 1.482786 2.948094 1.856979
 7752.000000 0.187881 -2.726852 1.899336
 7753.000000 0.326245 -2.373967 1.961822
 7754.000000 0.821646 -2.932398 1.718821
 7755.000000 0.477573 2.913451 1.873490
 7756.000000 0.497983 2.956935 1.816423
 7757.000000 0.451216 -3.060493 1.833809
 7758.000000 0.474712 2.936534 1.927923
 7759.000000 -1.125378 -2.751926 1.731352
 7760.000000 0.336312 -2.250204 1.888703
 7761.000000 -0.392222 3.081269 1.899391
 7762.000000 1.445140 2.715478 1.934875
 7763.000000 1.043694 -2.703082 1.389056
 7764.000000 -1.351187 -2.845875 1.571279
 7765.000000 0.649308 -2.671839 0.774748
 7766.000000 0.403593 2.542205 1.770305
 7767.000000 -1.070565 -2.756073 1.823408
 7768.000000 0.315766 -2.367047 1.830101
 7769.000000 0.374559 -2.932596 1.273540
 7770.000000 -0.398101 2.796691 1.860866
 7771.000000 -1.301451 2.410516 1.939322
 7772.000000 -0.773841 2.299074 1.678730
 7773.000000 -0.332594 -2.811945 1.866223
 7774.000000 0.406052 3.113281 1.327227
 7775.000000 -1.465324 -3.047920 1.863698
 7776.000000 1.275828 2.650707 1.801216
 7777.000000 0.272121 2.587803 1.510945
 7778.000000 1.040912 2.699884 1.536526
 7779.000000 -0.455763 -2.648649 1.418345
 7780.000000 0.228014 -2.931317 1.726521
 7781.000000 0.121353 2.565591 1.258020
 7782.000000 -1.835610 2.948070 1.824000
 7783.000000 1.256562 2.833086 1.862621
 7784.000000 0.314400 -2.697345 1.564158
 7785.000000 -0.484193 -2.187215 1.833890
 7786.000000 0.159667 -2.944985 1.799817
 7787.000000 -0.359305 -2.665455 1.889921
 7788.000000 0.362868 -2.827910 1.490236
 7789.000000 -1.091240 2.899085 1.494158
 7790.000000 -0.014903 -2.634887 1.085054
 7791.000000 0.459688 2.467455 1.484367
 7792.000000 1.216409 -2.632742 1.903452
 7793.000000 -0.431305 -2.904743 1.792360
 7794.000000 1.376673 -2.832976 1.747255
 7795.000000 0.189133 2.967225 1.908220
 7796.000000 0.395460 -2.746249 1.811090
 7797.000000 -1.360400 3.041191 1.792446
 7798.000000 0.251945 -2.945114 1.745178
 7799.000000 0.113988 -2.769224 1.521777
 7800.000000 0.152571 3.045082 1.626824
 7801.000000 0.441936 2.700328 1.525525
 7802.000000 0.196813 3.132508 1.364106
 7803.000000 1.536040 -2.709079 1.884772
 7804.000000 -0.351155 -2.049864 1.944236
 7805.000000 -0.502965 -1.977877 0.814547
 7806.000000 0.111611 3.116270 1.895653
 7807.000000 -1.234129 2.920062 1.830952
 7808.000000 0.353245 -3.032357 1.482954
 7809.000000 -0.236764 2.726131 1.800450
 7810.000000 0.626434 2.971333 1.731131
 7811.000000 0.317955 -2.556964 1.643842
 7812.000000 1.526597 -2.140630 1.909352
 7813.000000 -0.492300 -2.742751 1.963048
 7814.000000 0.431392 -2.293793 1.863284
 7815.000000 0.732893 -2.537987 1.919916
 7816.000000 0.480668 2.906770 1.636386
 7817.000000 0.291264 -2.793971 1.799914
 7818.000000 0.428947 -3.139547 1.278873
 7819.000000 0.101221 3.118896 1.503788
 7820.000000 -1.439357 -2.663052 1.577551
 7821.000000 0.487011 -2.739416 1.712215
 7822.000000 0.274694 -2.666357 1.459368
 7823.000000 0.480699 -2.634335 0.959685
 7824.000000 1.056788 -2.885211 1.824012
 7825.000000 0.386598 -2.814073 1.859618
 7826.000000 -1.006287 -2.657457 1.831696
 7827.000000 -0.193513 -2.698965 1.856435
 7828.000000 -0.155974 -2.613909 1.811447
 7829.000000 0.470426 -2.397146 1.760889
 7830.000000 -1.325810 -2.672050 1.794950
 7831.000000 0.463340 -2.292382 1.679398
 7832.000000 -0.429814 -2.585847 1.785231
 7833.000000 -0.314192 3.079171 1.632594
 7834.000000 1.080416 -3.057970 1.802321
 7835.000000 0.279644 -2.364647 1.842795
 7836.000000 -0.268409 -1.928793 1.886006
 7837.000000 0.321037 2.530646 1.755642
 7838.000000 -0.404093 -2.612877 1.832297
 7839.000000 0.129955 -2.257592 1.851491
 7840.000000 0.524764 -2.402419 1.937299
 7841.000000 0.119290 -2.517818 1.902215
 7842.000000 0.252969 -2.696086 1.957998
 7843.000000 0.167679 -2.542975 1.868965
 7844.000000 -0.313325 -2.496126 1.801317
 7845.000000 0.052087 -2.527245 1.929324
 7846.000000 0.424308 -2.437015 1.929729
 7847.000000 0.157541 -2.125828 1.892260
 7848.000000 0.507250 -2.921827 1.928576
 7849.000000 -1.355115 -2.680518 1.673505
 7850.000000 0.269290 -3.038958 1.791795
 7851.000000 1.282633 -2.659724 1.854285
 7852.000000 0.316014 3.021028 1.907958
 7853.000000 -0.412841 -3.036757 1.890882
 7854.000000 0.615520 -2.020618 1.846474
 7855.000000 -1.225487 -2.766013 1.902863
 7856.000000 -0.226920 -2.710124 1.925906
 7857.000000 0.471266 -2.696189 1.953362
 7858.000000 0.268103 -2.641680 1.941749
 7859.000000 0.420020 -3.055033 1.886243
 7860.000000 0.173806 2.760114 1.939007
 7861.000000 -0.249481 -2.415592 1.925721
 7862.000000 0.345131 -2.707310 1.894623
 7863.000000 0.202795 -1.193962 1.926599
 7864.000000 -1.384084 -2.578323 1.938230
 7865.000000 -1.351592 -2.758222 1.920499
 7866.000000 0.362460 -2.744873 1.865466
 7867.000000 0.145867 -2.894768 1.980570
 7868.000000 0.172785 3.028533 1.986279
 7869.000000 -0.041630 3.098912 1.985930
 7870.000000 0.147039 3.032561 1.983393
 7871.000000 0.072265 2.996530 1.981303
 7872.000000 -0.705014 3.130702 1.974675
 7873.000000 1.129754 3.106805 1.965937
 7874.000000 -0.200559 2.710280 1.938545
 7875.000000 -0.552714 -3.034080 1.958119
 7876.000000 -0.332786 3.070192 1.979973
 7877.000000 -0.230880 2.827220 1.977971
 7878.000000 -0.503912 -3.054486 1.981278
 7879.000000 -0.469474 -2.976077 1.975648
 7880.000000 -0.470892 2.482725 1.975363
 7881.000000 -0.172305 -3.136128 1.984094
 7882.000000 1.542987 2.851390 1.979187
 7883.000000 -0.089450 -2.984244 1.969920
 7884.000000 -0.386598 -3.122710 1.980547
 7885.000000 -0.521289 2.988843 1.978069
 7886.000000 -0.437040 -2.334940 1.982861
 7887.000000 -0.473452 -2.444931 1.985694
 7888.000000 -0.308953 -3.107308 1.973538
 7889.000000 1.443937 2.806118 1.978570
 7890.000000 1.062266 2.552413 1.975650
 7891.000000 -0.502004 2.735390 1.973087
 7892.000000 1.514229 2.610127 1.976712
 7893.000000 -0.400232 2.783695 1.975032
 7894.000000 0.956267 2.833866 1.973714
 7895.000000 -0.095821 2.639602 1.979393
 7896.000000 -0.435278 2.525058 1.975118
 7897.000000 -0.358487 2.892921 1.982397
 7898.000000 1.353894 2.702827 1.977667
 7899.000000 -0.420233 -3.010677 1.972647
 7900.000000 -0.209531 2.479567 1.983350
 7901.000000 0.828008 2.578363 1.976952
 7902.000000 -0.092444 2.831466 1.986603
 7903.000000 -0.152836 2.665559 1.978600
 7904.000000 -0.125271 -2.874358 1.976343
 7905.000000 -0.326940 -3.019680 1.979308
 7906.000000 -0.277005 -2.725867 1.989740
 7907.000000 -0.331055 -2.969834 1.990866
 7908.000000 -0.251998 2.860222 1.988641
 7909.000000 -0.400590 3.022375 1.988878
 7910.000000 -0.469078 2.927423 1.982170
 7911.000000 -0.404060 2.952099 1.976686
 7912.000000 -0.261470 2.836421 1.973985
 7913.000000 -0.493732 2.633596 1.979951
 7914.000000 1.158853 2.851231 1.979848
 7915.000000 0.957976 2.656065 1.979211
 7916.000000 -0.378604 2.675419 1.976740
 7917.000000 -0.338077 2.921355 1.971148
 7918.000000 -0.208003 -2.988823 1.972762
 7919.000000 -0.363348 2.860295 1.978340
 7920.000000 -0.134657 3.107123 1.976212
 7921.000000 -0.321303 -2.750262 1.977468
 7922.000000 -0.405829 2.772775 1.970403
 7923.000000 -0.389398 2.844354 1.976527
 7924.000000 1.298847 2.587172 1.979240
 7925.000000 -0.093689 2.678902 1.970302
 7926.000000 1.464384 -2.776696 1.972302
 7927.000000 -0.278833 3.094465 1.978908
 7928.000000 -0.446614 2.805582 1.980094
 7929.000000 1.113662 2.719450 1.976659
 7930.000000 1.152965 2.757302 1.963476
 7931.000000 0.920976 2.587830 1.970343
 7932.000000 1.293398 2.731030 1.970585
 7933.000000 1.353277 2.723204 1.971932
 7934.000000 -0.517690 2.750611 1.979245
 7935.000000 1.554036 2.812627 1.976296
 7936.000000 1.102329 2.759210 1.979039
 7937.000000 -0.264330 2.789115 1.980777
 7938.000000 -0.446029 -3.113126 1.978442
 7939.000000 -0.396263 2.908939 1.970794
 7940.000000 -0.335395 -2.910351 1.987851
 7941.000000 -0.040534 2.751845 1.970326
 7942.000000 -0.207596 2.663958 1.973820
 7943.000000 -0.468421 2.656722 1.981503
 7944.000000 -0.311886 2.872626 1.976650
 7945.000000 -0.068524 2.746385 1.973917
 7946.000000 -0.476332 -3.097630 1.971869
 7947.000000 -0.338085 3.044848 1.975198
 7948.000000 -0.145765 -3.138963 1.975082
 7949.000000 1.594308 2.255637 1.970641
 7950.000000 -0.496967 2.768570 1.975619
 7951.000000 -0.317887 2.516754 1.949395
 7952.000000 -0.535452 3.026692 1.979248
 7953.000000 1.729782 -2.899778 1.888539
 7954.000000 0.785703 2.637914 1.899238
 7955.000000 0.432929 2.850122 1.919993
 7956.000000 0.265638 2.776763 1.899924
 7957.000000 0.396632 -2.805642 1.675264
 7958.000000 -0.421638 -2.963421 1.612026
 7959.000000 -0.457653 2.893007 1.718629
 7960.000000 0.092067 -2.918561 0.807042
 7961.000000 0.262059 -2.862117 1.650940
 7962.000000 -1.241681 2.676316 1.843810
 7963.000000 -1.362595 -2.972587 1.632064
 7964.000000 -0.424934 -2.569566 1.783698
 7965.000000 0.475662 -2.629407 1.571787
 7966.000000 -0.384247 3.034070 1.877314
 7967.000000 0.442054 3.042511 1.766861
 7968.000000 -1.035206 2.749568 1.696624
 7969.000000 0.342002 -2.626129 1.777364
 7970.000000 0.516863 -1.916557 1.656143
 7971.000000 0.111069 -2.965887 1.620584
 7972.000000 -0.197796 3.091790 1.604118
 7973.000000 0.326198 -3.109682 1.837499
 7974.000000 1.529488 2.433897 1.394939
 7975.000000 -0.157821 -2.996487 1.937736
 7976.000000 1.698996 -2.590116 1.657831
 7977.000000 -1.272950 -2.718018 1.756448
 7978.000000 0.331375 -2.567400 1.581110
 7979.000000 1.451871 -2.827390 1.721579
 7980.000000 -1.423233 -2.678856 1.747725
 7981.000000 -1.355217 -2.610850 1.759650
 7982.000000 0.346079 -2.836258 1.771479
 7983.000000 0.296677 -2.728113 1.525503
 7984.000000 1.330959 -2.593532 1.745953
 7985.000000 -0.413092 2.961624 1.621571
 7986.000000 -1.063381 -2.727404 1.650688
 7987.000000 -0.500336 -2.675534 1.809369
 7988.000000 0.372385 2.776517 1.888756
 7989.000000 0.315314 -2.728210 1.530201
 7990.000000 0.368223 -2.402377 1.726175
 7991.000000 0.064358 -2.800241 1.829949
 7992.000000 -0.274882 -2.489841 1.894609
 7993.000000 0.389694 -2.051984 1.911278
 7994.000000 0.232658 -2.364389 1.865495
 7995.000000 0.247879 -2.728023 1.935974
 7996.000000 0.356594 -2.316133 1.967325
 7997.000000 0.294054 -2.346435 1.965367
 7998.000000 0.288289 -2.441165 1.991303
 7999.000000 0.187295 -2.794516 1.992748
 8000.000000 0.415778 -2.613301 1.990641
 8001.000000 0.245079 -2.024937 1.986493
 8002.000000 0.171314 -2.374281 1.991172
 8003.000000 0.377554 -2.231307 1.969883
 8004.000000 0.358201 -2.855517 1.991178
 8005.000000 0.306605 -1.574058 1.972888
 8006.000000 0.253116 -2.177102 1.979217
 8007.000000 0.236822 -2.276264 1.958887
 8008.000000 0.315161 -1.560118 1.940765
 8009.000000 0.139240 -2.383114 1.979923
 8010.000000 0.185202 -2.649953 1.975890
 8011.000000 0.261923 -1.625682 1.975893
 8012.000000 0.377842 -2.533804 1.977483
 8013.000000 0.206315 -2.035840 1.955334
 8014.000000 0.395120 -2.498719 1.844701
 8015.000000 0.343475 -3.065275 1.980941
 8016.000000 0.390038 -2.932703 1.992810
 8017.000000 0.388877 -1.956074 1.981318
 8018.000000 -1.482396 -3.126429 1.965198
 8019.000000 0.090219 -2.823441 1.994594
 8020.000000 -0.044791 -2.356936 1.988610
 8021.000000 0.230580 3.091920 1.958585
 8022.000000 0.050182 -2.672009 1.993620
 8023.000000 0.313737 -2.807942 1.991645
 8024.000000 0.432426 -2.697361 1.990722
 8025.000000 0.328840 -3.061095 1.986776
 8026.000000 0.261015 -2.994587 1.980461
 8027.000000 0.710070 -2.614510 1.919975
 8028.000000 0.271215 -2.049002 1.938544
 8029.000000 0.203859 -2.785712 1.936398
 8030.000000 0.327787 -2.684065 1.954757
 8031.000000 -1.622804 2.963798 1.894568
 8032.000000 0.223053 -2.836539 1.542603
 8033.000000 0.418385 2.863274 1.746172
 8034.000000 1.395453 -2.912323 1.834302
 8035.000000 0.306890 2.932947 1.007361
 8036.000000 -1.643591 2.925248 1.802658
 8037.000000 0.323495 3.106825 1.156608
 8038.000000 0.405754 -1.958319 1.513295
 8039.000000 -1.871438 -2.651624 1.701613
 8040.000000 -0.312683 -2.986443 1.915968
 8041.000000 -0.276894 -2.711745 1.343594
 8042.000000 -0.104092 -2.498790 1.720508
 8043.000000 0.462163 -2.629035 1.644477
 8044.000000 -0.364498 -2.586916 1.775957
 8045.000000 1.446119 -2.653384 1.647698
 8046.000000 1.354012 -2.615155 1.749508
 8047.000000 0.479124 -2.618838 1.868511
 8048.000000 -0.351176 -2.346168 1.873296
 8049.000000 1.481828 -2.782939 1.848427
 8050.000000 -0.449277 -2.867676 1.790923
 8051.000000 0.427845 2.679498 1.945628
 8052.000000 0.313881 -2.996771 1.431116
 8053.000000 -0.530199 -2.708922 1.724385
 8054.000000 -0.387478 -2.851154 1.744345
 8055.000000 -1.369569 -2.677398 1.786560
 8056.000000 -0.601589 -2.330287 1.921265
 8057.000000 -0.486546 -2.582673 1.869869
 8058.000000 -0.450565 -2.081616 1.870666
 8059.000000 0.232715 -2.560665 1.869985
 8060.000000 -0.812886 -1.898223 1.924653
 8061.000000 -0.390567 -2.187436 1.842318
 8062.000000 0.286991 -2.489075 1.565326
 8063.000000 1.268285 -2.623991 1.765283
 8064.000000 0.218584 -2.792372 1.322810
 8065.000000 1.879234 -2.314339 1.462958
 8066.000000 -0.520228 -3.023190 1.949490
 8067.000000 -0.405353 2.713870 1.897666
 8068.000000 0.594992 2.571419 1.599721
 8069.000000 0.367252 -2.645427 1.858287
 8070.000000 1.318962 -2.169471 1.666812
 8071.000000 0.379316 2.963237 1.741413
 8072.000000 0.188437 -2.804568 0.864574
 8073.000000 -1.379318 3.090503 1.761272
 8074.000000 0.149407 2.733861 1.154514
 8075.000000 0.203342 2.841882 1.750389
 8076.000000 -0.314870 -2.687979 1.759865
 8077.000000 1.220023 -2.614145 1.839866
 8078.000000 0.423003 3.129161 1.851583
 8079.000000 -0.026509 3.103221 1.275541
 8080.000000 0.096926 3.048914 1.270198
 8081.000000 1.364131 -2.113293 1.911753
 8082.000000 1.092357 -2.724056 1.234995
 8083.000000 -0.497503 -2.655388 1.479144
 8084.000000 0.325330 -3.087744 1.732025
 8085.000000 0.472522 -2.820320 1.809349
 8086.000000 0.195849 -2.393944 1.915694
 8087.000000 0.321660 -2.483719 1.947436
 8088.000000 0.343464 -2.793538 1.939108
 8089.000000 0.312914 -2.628804 1.919098
 8090.000000 -1.299128 -2.624585 1.909740
 8091.000000 -1.385772 -2.627192 1.944849
 8092.000000 0.961930 -2.686984 1.933182
 8093.000000 0.857768 -2.827018 1.903092
 8094.000000 0.395632 2.892605 1.924837
 8095.000000 -0.006385 -3.088622 1.977098
 8096.000000 -0.263368 2.854490 1.978862
 8097.000000 -0.383548 2.779408 1.978704
 8098.000000 1.433585 3.055096 1.969994
 8099.000000 -0.330001 2.852392 1.978286
 8100.000000 1.452651 2.997322 1.975145
 8101.000000 -0.329149 2.432259 1.978069
 8102.000000 1.378191 2.675759 1.976640
 8103.000000 1.175709 2.619010 1.981151
 8104.000000 -0.402647 2.909267 1.974692
 8105.000000 1.122544 2.977884 1.977869
 8106.000000 -0.420515 2.761745 1.980710
 8107.000000 -0.500005 2.859556 1.963180
 8108.000000 -0.393654 2.890967 1.978316
 8109.000000 0.128064 2.728467 1.977026
 8110.000000 1.040867 2.606798 1.978105
 8111.000000 -0.341052 2.642246 1.976631
 8112.000000 -0.351183 2.617503 1.971978
 8113.000000 -0.348721 2.835375 1.979065
 8114.000000 -0.535340 -2.948153 1.977490
 8115.000000 -0.174942 2.786256 1.975950
 8116.000000 -0.400084 2.919258 1.983374
 8117.000000 0.810472 2.854441 1.975715
 8118.000000 1.288177 2.637127 1.975931
 8119.000000 -0.084797 2.778429 1.976402
 8120.000000 -0.106680 2.649625 1.970665
 8121.000000 -0.343043 2.650595 1.979317
 8122.000000 -0.373625 3.037187 1.977040
 8123.000000 1.385558 -2.996814 1.981057
 8124.000000 -0.478858 2.921380 1.976240
 8125.000000 -0.470599 2.979796 1.979838
 8126.000000 0.664917 -3.043758 1.978765
 8127.000000 -0.495343 2.746196 1.984292
 8128.000000 1.363384 -3.136719 1.974019
 8129.000000 1.705050 2.576530 1.977099
 8130.000000 1.524379 2.469490 1.978097
 8131.000000 -0.421930 2.790908 1.976270
 8132.000000 -0.398531 2.782791 1.970655
 8133.000000 -0.183174 2.704876 1.974375
 8134.000000 -0.447921 2.719269 1.976626
 8135.000000 -0.387607 2.876355 1.979490
 8136.000000 -0.379042 2.958093 1.980198
 8137.000000 -0.400812 3.113256 1.979903
 8138.000000 -0.392599 2.830098 1.975551
 8139.000000 -0.468301 -3.079503 1.976971
 8140.000000 -0.205074 2.798477 1.978530
 8141.000000 0.925184 2.776816 1.979785
 8142.000000 -0.513616 2.865006 1.977108
 8143.000000 -0.369398 2.713009 1.974876
 8144.000000 1.123262 2.935418 1.964139
 8145.000000 1.373806 2.832442 1.974408
 8146.000000 1.340554 2.402654 1.981981
 8147.000000 -0.426792 2.763266 1.979204
 8148.000000 1.281606 3.078859 1.973686
 8149.000000 1.431992 2.665132 1.979562
 8150.000000 -0.319656 2.990469 1.978232
 8151.000000 -0.300828 3.075867 1.978655
 8152.000000 -0.321083 2.982002 1.974335
 8153.000000 -0.369589 -2.930605 1.987608
 8154.000000 -0.454960 2.783456 1.988744
 8155.000000 -0.203173 2.993247 1.987368
 8156.000000 -0.270340 2.723385 1.989197
 8157.000000 -0.411189 2.966014 1.989609
 8158.000000 -0.310805 2.537524 1.975842
 8159.000000 1.212290 2.865196 1.981526
 8160.000000 1.221487 3.052604 1.976322
 8161.000000 1.448004 2.702568 1.970264
 8162.000000 1.147263 2.832495 1.973342
 8163.000000 -0.300965 2.737542 1.984910
 8164.000000 -0.114374 2.797188 1.983735
 8165.000000 -0.312997 2.835724 1.989539
 8166.000000 -0.455519 -2.948681 1.989418
 8167.000000 -0.186007 2.748400 1.973119
 8168.000000 1.124330 -2.978036 1.976624
 8169.000000 -0.342113 2.996745 1.977552
 8170.000000 1.714453 3.130756 1.975389
 8171.000000 -0.391598 3.099953 1.977383
 8172.000000 -0.284473 3.113616 1.976177
 8173.000000 0.714310 2.792489 1.980812
 8174.000000 0.938694 -3.138702 1.983897
 8175.000000 1.065359 2.879305 1.970573
 8176.000000 1.268999 2.953100 1.970895
 8177.000000 1.246700 2.933648 1.977956
 8178.000000 1.152727 3.061739 1.975381
 8179.000000 -0.143210 2.689706 1.975087
 8180.000000 -0.102545 -2.871992 1.976234
 8181.000000 1.361248 2.917054 1.975151
 8182.000000 1.633409 2.721376 1.974110
 8183.000000 -0.333263 2.661346 1.972873
 8184.000000 1.153352 2.787672 1.973199
 8185.000000 1.438671 2.710615 1.973240
 8186.000000 -0.516160 3.134030 1.973888
 8187.000000 -0.374853 2.764306 1.977355
 8188.000000 -0.307674 2.824909 1.977568
 8189.000000 -0.489561 2.540796 1.977689
 8190.000000 -0.342876 3.047421 1.978623
 8191.000000 -0.367100 2.987651 1.980433
 8192.000000 -0.684667 -3.069973 1.970553
 8193.000000 -0.205302 2.776926 1.967102
 8194.000000 -0.216969 -2.988611 1.977554
 8195.000000 -0.332930 2.498536 1.973436
 8196.000000 -0.183967 2.846529 1.977581
 8197.000000 -0.460879 2.886408 1.978141
 8198.000000 1.385762 3.031663 1.974482
 8199.000000 0.846149 -3.109828 1.967857
 8200.000000 1.696961 2.872862 1.973936
 8201.000000 -0.471972 2.862691 1.979012
 8202.000000 -0.179654 2.341731 1.978879
 8203.000000 -0.394403 2.801977 1.978084
 8204.000000 -0.341818 2.738192 1.976521
 8205.000000 -0.382528 3.087167 1.974343
 8206.000000 -0.387052 3.064549 1.985261
 8207.000000 -0.149560 -3.003248 1.989347
 8208.000000 -0.430771 3.137179 1.989518
 8209.000000 -0.351114 3.040646 1.989191
 8210.000000 -0.337929 2.994923 1.987286
 8211.000000 -0.456274 -2.996378 1.988178
 8212.000000 -0.234816 -3.014188 1.989205
 8213.000000 -0.235691 -3.090620 1.989404
 8214.000000 1.187369 2.716805 1.976815
 8215.000000 0.850047 2.923379 1.974894
 8216.000000 -0.088035 2.570628 1.975145
 8217.000000 -0.371983 3.098549 1.972504
 8218.000000 -0.224063 2.825279 1.974559
 8219.000000 1.108450 2.708493 1.981209
 8220.000000 -0.308552 2.844981 1.972780
 8221.000000 -0.300768 3.007721 1.972961
 8222.000000 -0.303247 2.981202 1.970889
 8223.000000 0.906972 2.746671 1.971946
 8224.000000 -0.304977 2.461272 1.974341
 8225.000000 -0.509356 -2.880763 1.977874
 8226.000000 1.242252 -2.984699 1.980830
 8227.000000 -0.340869 2.808164 1.979471
 8228.000000 -0.230388 2.760593 1.977856
 8229.000000 -0.220738 2.762737 1.979986
 8230.000000 -0.169791 2.400388 1.973166
 8231.000000 -0.411196 2.786410 1.975122
 8232.000000 1.182893 -2.801703 1.974663
 8233.000000 -0.255758 3.131848 1.977090
 8234.000000 -0.483240 2.897624 1.978041
 8235.000000 1.197998 2.700301 1.972176
 8236.000000 -0.394520 -2.682719 1.985170
 8237.000000 1.174113 3.035281 1.974273
 8238.000000 1.173632 2.081093 1.979513
 8239.000000 -0.419998 3.111778 1.980346
 8240.000000 -0.338255 3.027610 1.980068
 8241.000000 -0.402123 2.839642 1.983403
 8242.000000 -0.078971 3.057393 1.977792
 8243.000000 0.690125 2.790161 1.972641
 8244.000000 -0.453963 2.977273 1.986636
 8245.000000 -0.292975 2.610151 1.978410
 8246.000000 -0.024984 3.032901 1.986331
 8247.000000 1.318254 2.857520 1.974095
 8248.000000 -0.418606 -3.026972 1.976668
 8249.000000 -0.260738 3.092276 1.976952
 8250.000000 -0.329621 -3.123994 1.971946
 8251.000000 -0.290703 2.780210 1.977557
 8252.000000 1.577558 2.944615 1.968871
 8253.000000 -0.409040 -2.956466 1.978639
 8254.000000 1.867662 -2.926816 1.976595
 8255.000000 1.275161 2.672304 1.968763
 8256.000000 1.234480 3.076965 1.985119
 8257.000000 -0.363751 2.971799 1.977054
 8258.000000 -0.445469 2.772967 1.980876
 8259.000000 1.135200 2.751625 1.966096
 8260.000000 -0.455382 -3.053272 1.972568
 8261.000000 -0.336149 2.882705 1.976854
 8262.000000 1.345341 2.678078 1.980424
 8263.000000 -0.432636 2.579280 1.977192
 8264.000000 -0.372200 2.661809 1.988716
 8265.000000 -0.351076 -3.048367 1.974447
 8266.000000 1.213448 2.682413 1.980314
 8267.000000 -0.191906 2.953141 1.971395
 8268.000000 -0.287939 2.463693 1.977130
 8269.000000 1.083250 2.935948 1.972905
 8270.000000 1.308879 2.744462 1.977991
 8271.000000 -0.271092 3.122957 1.974967
 8272.000000 -0.147894 2.509500 1.975885
 8273.000000 -0.331118 -2.981292 1.976931
 8274.000000 -0.417765 2.907648 1.977382
 8275.000000 0.155771 -3.126858 1.988318
 8276.000000 0.299414 2.577618 1.984297
 8277.000000 0.373503 -1.797763 1.973223
 8278.000000 -0.658372 -2.615426 1.970495
 8279.000000 0.828640 -2.926890 1.966970
 8280.000000 -0.600815 -2.078937 1.965234
 8281.000000 0.591423 -2.552228 1.966599
 8282.000000 -0.575942 -2.015791 1.975821
 8283.000000 -0.558337 -2.791388 1.967657
 8284.000000 -0.626037 -2.514218 1.970383
 8285.000000 1.551657 -2.451349 1.966503
 8286.000000 -0.678548 -2.347528 1.962569
 8287.000000 -0.660271 -2.481353 1.976316
 8288.000000 -0.701898 -2.563767 1.970636
 8289.000000 0.024028 -2.387384 1.980243
 8290.000000 0.405814 -2.309748 1.888351
 8291.000000 0.365578 -1.964511 1.985946
 8292.000000 0.318387 -2.193748 1.979636
 8293.000000 0.180063 -2.316890 1.985470
 8294.000000 0.028029 -2.655774 1.982659
 8295.000000 0.045234 -2.456898 1.982563
 8296.000000 0.253491 -2.370482 1.980975
 8297.000000 0.243664 -2.471967 1.989451
 8298.000000 0.212627 -2.596221 1.984680
 8299.000000 0.415656 -2.429820 1.984047
 8300.000000 0.103859 -2.301290 1.979758
 8301.000000 0.326206 -2.684305 1.982914
 8302.000000 0.201907 -1.962895 1.982388
 8303.000000 0.440388 3.079066 1.966613
 8304.000000 0.341597 -2.697258 1.865813
 8305.000000 0.202417 -2.890290 1.915391
 8306.000000 0.274104 -2.341147 1.914027
 8307.000000 -1.177118 -2.458995 1.939230
 8308.000000 -0.366855 3.100841 1.813792
 8309.000000 0.590020 2.796062 1.833980
 8310.000000 0.445576 -2.329590 1.397941
 8311.000000 0.318012 -2.960925 1.864835
 8312.000000 -0.265676 -2.438288 1.859049
 8313.000000 -0.608466 -2.752757 1.691983
 8314.000000 -0.270997 2.775482 1.603487
 8315.000000 -0.413804 -2.820129 1.718956
 8316.000000 -0.404933 -2.816352 1.702588
 8317.000000 -1.421288 -2.619724 1.717193
 8318.000000 0.484961 -2.613861 1.677784
 8319.000000 0.458192 -2.352050 1.542949
 8320.000000 0.465861 2.503026 1.848013
 8321.000000 0.509854 -2.896760 1.899996
 8322.000000 -0.407002 -2.670260 1.785066
 8323.000000 -1.139771 2.912108 1.317977
 8324.000000 0.234364 -2.729494 1.784456
 8325.000000 -1.245657 3.116248 1.835457
 8326.000000 -0.722443 -2.370297 1.111521
 8327.000000 -0.055066 -1.859249 1.744050
 8328.000000 1.175811 2.699259 1.796134
 8329.000000 0.478716 2.762712 1.659469
 8330.000000 0.307645 -3.005936 1.938073
 8331.000000 -0.272590 -2.779683 1.624441
 8332.000000 -1.138964 3.120251 1.842289
 8333.000000 -0.393509 -2.725079 1.806930
 8334.000000 -1.301952 2.762798 1.744391
 8335.000000 -0.045403 -2.297278 1.954750
 8336.000000 -0.372477 -2.411771 1.854804
 8337.000000 1.432182 -2.234588 1.771640
 8338.000000 0.389255 -2.445975 1.838036
 8339.000000 0.442861 -2.152930 1.686308
 8340.000000 -1.085778 -2.797790 1.722406
 8341.000000 0.435051 -2.834626 1.299463
 8342.000000 -0.982010 -2.500198 1.879961
 8343.000000 -1.261546 -2.872933 1.392114
 8344.000000 1.175410 -2.697560 1.599126
 8345.000000 -1.162279 2.603569 1.594582
 8346.000000 1.606799 -2.732023 1.349890
 8347.000000 0.061166 2.791999 1.393490
 8348.000000 0.250453 -2.590844 1.955333
 8349.000000 0.369399 -2.671050 1.789559
 8350.000000 0.392230 -3.027924 1.495861
 8351.000000 -0.341802 -2.678865 1.770351
 8352.000000 -1.548885 -2.944752 1.290600
 8353.000000 -0.479603 3.107911 1.859196
 8354.000000 0.352476 2.772391 1.604203
 8355.000000 0.344561 2.653207 1.561927
 8356.000000 0.074832 -2.947586 1.638264
 8357.000000 1.317782 -2.398782 1.928243
 8358.000000 0.475587 -2.670136 1.880646
 8359.000000 -0.372380 -2.711355 1.876372
 8360.000000 0.474251 -2.759834 1.837394
 8361.000000 -0.061032 -2.695753 1.510624
 8362.000000 0.256858 -2.604825 1.765256
 8363.000000 0.377209 3.141513 1.818644
 8364.000000 0.669058 -2.754586 1.709515
 8365.000000 -0.315223 -2.836450 1.741578
 8366.000000 0.440335 -2.863234 1.667485
 8367.000000 -0.003542 -2.697124 1.603706
 8368.000000 0.006536 -2.665846 1.844645
 8369.000000 -1.335877 -3.065327 1.895735
 8370.000000 0.126253 -2.837141 1.013759
 8371.000000 0.373886 -2.303261 1.819880
 8372.000000 0.227249 -1.911379 1.831116
 8373.000000 -1.433582 2.846514 1.817981
 8374.000000 0.000576 -3.138234 1.392882
 8375.000000 -1.290471 -2.638099 1.811661
 8376.000000 -0.303350 -2.631565 1.544569
 8377.000000 1.381848 3.078596 1.953057
 8378.000000 0.210333 -3.015570 1.953530
 8379.000000 0.452423 -2.655256 1.921663
 8380.000000 -1.322673 -2.369177 1.947531
 8381.000000 0.782484 -2.814675 1.604877
 8382.000000 1.564804 -2.764830 1.865685
 8383.000000 0.165230 -2.639515 1.740504
 8384.000000 0.184369 2.738388 0.993601
 8385.000000 0.394470 -2.374741 1.821104
 8386.000000 0.318424 -2.741923 1.412200
 8387.000000 1.024639 -2.298844 0.985226
 8388.000000 -0.392592 -2.719121 1.713662
 8389.000000 0.613988 3.000991 1.501864
 8390.000000 -0.230535 -2.545017 1.461054
 8391.000000 -0.676250 -2.960750 1.952994
 8392.000000 -0.346509 -2.536061 1.731539
 8393.000000 0.261507 2.995985 1.372165
 8394.000000 0.479200 -2.987887 1.668395
 8395.000000 1.394544 -2.643991 1.333080
 8396.000000 0.110732 -2.242051 1.229958
 8397.000000 -1.212625 -2.022555 1.554593
 8398.000000 0.473333 -2.771708 1.918734
 8399.000000 0.308934 -2.768287 1.963105
 8400.000000 0.309040 -2.700461 1.976575
 8401.000000 0.468291 -2.554918 1.892557
 8402.000000 0.081320 -1.998173 1.760648
 8403.000000 0.244439 2.929860 1.846772
 8404.000000 0.175163 -2.598198 1.622132
 8405.000000 -0.041416 -2.397422 1.951004
 8406.000000 1.258858 -2.647607 1.945875
 8407.000000 -1.510133 -2.896817 1.945314
 8408.000000 0.427709 -2.955506 1.890926
 8409.000000 -1.432969 -2.782307 1.960247
 8410.000000 -0.394955 -2.778253 1.969946
 8411.000000 0.329502 -2.061946 1.980842
 8412.000000 0.171704 -2.713991 1.651790
 8413.000000 -0.307763 -2.641008 1.925890
 8414.000000 0.184113 -2.628493 1.896128
 8415.000000 -0.026515 -2.699183 1.239613
 8416.000000 1.626788 -1.711474 1.825448
 8417.000000 -0.189703 -2.830436 1.863981
 8418.000000 0.411577 -2.733698 1.843158
 8419.000000 0.816910 -2.713823 1.911826
 8420.000000 -0.106141 -2.215975 1.849909
 8421.000000 1.309647 2.815914 1.773219
 8422.000000 1.263385 -2.721377 1.779388
 8423.000000 -0.516934 -2.813896 1.940176
 8424.000000 0.453625 3.091182 1.907909
 8425.000000 -0.421266 -2.751219 1.910291
 8426.000000 -1.277908 2.697602 1.770769
 8427.000000 0.163227 2.859646 1.531427
 8428.000000 0.453299 -2.870759 1.737852
 8429.000000 0.398948 2.852176 1.738196
 8430.000000 -1.247611 2.753102 0.954841
 8431.000000 0.433792 -1.970743 1.818216
 8432.000000 0.268900 -2.056771 1.980514
 8433.000000 0.251606 -1.977700 1.970702
 8434.000000 0.182735 -2.209630 1.847352
 8435.000000 0.268113 -2.729347 1.770136
 8436.000000 0.184360 -2.285014 1.931686
 8437.000000 0.312439 -2.310027 1.954627
 8438.000000 0.390262 -2.438309 1.977420
 8439.000000 0.399225 -2.509960 1.941682
 8440.000000 0.406440 -2.304737 1.867116
 8441.000000 0.267533 -2.557056 1.960133
 8442.000000 0.307826 -2.372226 1.962773
 8443.000000 0.407216 -1.526308 1.958498
 8444.000000 0.136193 -2.352830 1.981971
 8445.000000 0.236596 -2.200778 1.976883
 8446.000000 0.252033 -2.457518 1.954624
 8447.000000 0.388235 -2.362390 1.962858
 8448.000000 0.208161 -1.994763 1.948381
 8449.000000 0.373827 -1.380548 1.947243
 8450.000000 0.404876 -2.452884 1.958137
 8451.000000 0.390335 -1.866674 1.961012
 8452.000000 0.280769 -2.426895 1.958549
 8453.000000 0.338503 -1.961883 1.965835
 8454.000000 0.398778 -2.581084 1.941565
 8455.000000 0.327771 -2.700511 1.976813
 8456.000000 0.429487 -2.093962 1.991504
 8457.000000 0.258748 -2.318979 1.936962
 8458.000000 0.309638 -2.193901 1.962486
 8459.000000 0.212354 -2.228720 1.979637
 8460.000000 0.270270 -2.362876 1.992937
 8461.000000 0.196146 -2.610857 1.991148
 8462.000000 0.484551 -2.229006 1.514621
 8463.000000 0.416594 -2.771198 1.795245
 8464.000000 0.309409 3.019149 1.818176
 8465.000000 1.087508 -2.752946 1.897223
 8466.000000 0.435162 -2.737073 1.763116
 8467.000000 -1.318695 -3.088484 1.810133
 8468.000000 0.328360 -2.223665 1.832470
 8469.000000 -0.288820 -2.691480 1.919371
 8470.000000 0.380048 -2.752410 1.800119
 8471.000000 0.354483 -2.846131 1.702830
 8472.000000 0.488944 -2.544300 1.422783
 8473.000000 0.454495 -2.556625 1.940798
 8474.000000 -0.383247 -2.571335 1.290293
 8475.000000 0.997117 -2.786525 1.050276
 8476.000000 -0.033609 -2.439376 1.875971
 8477.000000 -0.434880 -2.741265 1.892038
 8478.000000 -1.650163 -2.722517 1.876099
 8479.000000 -0.214244 -3.099994 1.908921
 8480.000000 -0.361256 2.908946 1.860980
 8481.000000 0.205296 2.964640 1.804310
 8482.000000 1.037514 -2.419558 1.965704
 8483.000000 1.414562 -1.690042 1.966595
 8484.000000 1.248508 -2.709431 1.931729
 8485.000000 0.917930 -2.363398 1.802243
 8486.000000 1.363925 -2.587045 1.823495
 8487.000000 0.003359 -2.496320 1.808113
 8488.000000 -1.346981 -2.250831 1.859941
 8489.000000 -1.272597 -2.798386 1.707040
 8490.000000 -1.373332 -2.511711 1.823513
 8491.000000 0.401968 -2.871809 1.935570
 8492.000000 0.331937 -2.931947 1.975559
 8493.000000 0.367719 -2.722797 1.885993
 8494.000000 0.238417 -2.888807 1.806476
 8495.000000 -0.279568 2.404359 1.909422
 8496.000000 -1.491721 2.887246 1.756802
 8497.000000 0.716232 -2.319539 1.701526
 8498.000000 0.363842 -3.108275 1.927911
 8499.000000 -1.166981 -2.967763 1.936158
 8500.000000 -0.029338 2.763857 1.918150
 8501.000000 0.355318 2.716328 1.914937
 8502.000000 0.374292 2.705078 1.833048
 8503.000000 -0.286904 -2.876204 1.793470
 8504.000000 -1.284855 -2.599052 1.925022
 8505.000000 0.409092 -3.051191 1.657545
 8506.000000 0.349878 2.465889 1.941388
 8507.000000 -0.277258 -2.859291 1.952765
 8508.000000 -0.287623 -2.484140 1.966102
 8509.000000 -0.443317 -2.267841 1.570481
 8510.000000 0.362294 -2.686890 1.663039
 8511.000000 0.478437 -2.872799 1.511951
 8512.000000 -0.238742 -2.221550 1.938522
 8513.000000 0.334892 -2.204457 1.437672
 8514.000000 0.215545 2.573524 1.656095
 8515.000000 0.369845 -2.814879 0.882973
 8516.000000 -1.344590 -2.776889 1.897387
 8517.000000 0.533321 -2.836011 1.884243
 8518.000000 -0.444647 -2.698561 1.640494
 8519.000000 0.397985 -2.175837 1.099324
 8520.000000 0.279933 -2.666935 1.042697
 8521.000000 -0.283203 -2.769099 1.085890
 8522.000000 -1.267558 -2.545888 1.520036
 8523.000000 0.395371 -2.718340 1.781253
 8524.000000 0.250062 -2.116726 1.712173
 8525.000000 0.464149 -2.836818 1.813365
 8526.000000 1.610269 2.680401 1.868514
 8527.000000 1.474598 -2.854233 1.891708
 8528.000000 -0.359956 -2.965781 1.918948
 8529.000000 -0.496584 -3.030549 1.918799
 8530.000000 -0.411998 2.683763 1.892160
 8531.000000 -0.335165 2.687144 1.919337
 8532.000000 0.081343 -2.822577 1.550956
 8533.000000 0.471174 -2.267434 1.873147
 8534.000000 1.152391 -2.163965 1.909414
 8535.000000 1.440561 -2.422729 1.899243
 8536.000000 -1.012036 -2.383590 1.839479
 8537.000000 1.380332 -2.719614 1.956494
 8538.000000 0.371070 -2.845600 1.946219
 8539.000000 0.246331 -2.848232 1.911238
 8540.000000 0.419281 -3.086898 1.920836
 8541.000000 0.372351 -2.317008 1.904823
 8542.000000 0.283058 -1.733474 1.956614
 8543.000000 0.188291 -2.724259 1.964678
 8544.000000 0.960676 -2.836421 1.963522
 8545.000000 0.397127 -2.635938 1.966868
 8546.000000 -1.462863 -2.255784 1.609147
 8547.000000 -0.231195 -2.851021 1.872654
 8548.000000 0.251278 -2.678087 1.428759
 8549.000000 1.165399 -2.650093 1.448198
 8550.000000 0.382600 2.771901 1.644563
 8551.000000 0.285549 -2.168241 1.858329
 8552.000000 -0.405801 3.075729 1.948310
 8553.000000 -1.193644 2.634848 1.915607
 8554.000000 0.054596 -2.593447 1.913436
 8555.000000 0.212276 -2.317763 1.892517
 8556.000000 0.394841 -1.943465 1.809712
 8557.000000 -0.166542 -2.706497 1.696268
 8558.000000 0.285325 3.021546 1.659152
 8559.000000 -1.619231 -2.854899 1.056807
 8560.000000 1.014832 -2.750874 1.406238
 8561.000000 -0.255530 -2.810003 1.845061
 8562.000000 -0.392950 -2.633927 1.878036
 8563.000000 -1.015871 -2.398499 1.629123
 8564.000000 0.387958 -2.773529 1.532886
 8565.000000 0.420683 -2.241931 1.820085
 8566.000000 0.960972 -2.356584 1.942948
 8567.000000 1.044227 -2.499678 1.941180
 8568.000000 0.278551 -2.650395 1.793973
 8569.000000 0.986879 -2.018808 1.808153
 8570.000000 0.829798 -2.160092 1.957697
 8571.000000 0.398762 -1.482886 1.511701
 8572.000000 1.038965 -1.702746 1.820774
 8573.000000 0.559375 -2.093773 1.903289
 8574.000000 -0.562941 -2.836677 1.789639
 8575.000000 1.227880 -1.973236 1.880955
 8576.000000 0.475125 -2.848868 1.958310
 8577.000000 0.400647 2.980884 1.576193
 8578.000000 -0.031598 2.643653 1.536405
 8579.000000 0.486341 -2.802606 1.800383
 8580.000000 0.027785 -2.702184 1.976457
 8581.000000 0.167439 -3.001904 1.940393
 8582.000000 0.392449 -2.598797 1.929308
 8583.000000 0.070466 -2.026985 1.912274
 8584.000000 0.687854 -2.710294 1.807317
 8585.000000 0.290060 -2.528837 1.911466
 8586.000000 0.227707 2.472507 1.733347
 8587.000000 -0.215936 2.613025 1.940504
 8588.000000 1.117332 -3.135058 1.800726
 8589.000000 0.393791 -2.828140 1.881086
 8590.000000 0.095889 -3.080432 1.627857
 8591.000000 0.309633 -2.774313 1.710253
 8592.000000 0.326543 -2.630957 1.721687
 8593.000000 -0.235108 -2.230880 1.651319
 8594.000000 0.239581 -2.695136 0.930602
 8595.000000 0.216179 -2.400871 1.738775
 8596.000000 0.248569 -2.747679 1.945365
 8597.000000 0.089011 2.929045 1.873723
 8598.000000 -0.911892 2.998188 1.748747
 8599.000000 0.215164 2.503107 1.909966
 8600.000000 -0.408565 -2.806699 1.912817
 8601.000000 -0.444197 2.891259 1.787252
 8602.000000 0.211859 -2.588945 1.749342
 8603.000000 -0.226932 -2.432809 1.523844
 8604.000000 -0.152382 -2.930917 1.942759
 8605.000000 0.344432 -2.859116 1.899016
 8606.000000 0.610708 -2.858543 1.939648
 8607.000000 -0.084786 2.914844 1.852438
 8608.000000 -1.627333 -2.496334 1.753665
 8609.000000 -1.317258 -2.606451 1.334366
 8610.000000 0.319836 -2.767909 1.836880
 8611.000000 -0.324778 -2.625499 1.953194
 8612.000000 -0.453342 -2.892759 1.552876
 8613.000000 0.405674 2.868089 1.874663
 8614.000000 1.379630 -2.807842 1.586347
 8615.000000 -0.511467 -2.463769 1.843586
 8616.000000 0.373237 -2.784304 1.800401
 8617.000000 0.435699 -2.753307 1.814873
 8618.000000 0.956653 -2.507529 1.708203
 8619.000000 -1.096846 2.850009 1.787968
 8620.000000 -1.592132 2.869496 1.837204
 8621.000000 -0.471323 -2.535393 1.754422
 8622.000000 0.446521 -2.648167 1.653546
 8623.000000 0.333571 3.084487 1.922489
 8624.000000 0.094864 -2.883464 1.968616
 8625.000000 0.029658 -2.904305 1.966334
 8626.000000 -1.587383 -1.950243 1.530334
 8627.000000 -1.076482 -2.762185 1.790669
 8628.000000 0.583807 -2.678914 1.669273
 8629.000000 0.360214 -2.472956 1.860380
 8630.000000 0.920068 -2.802805 1.905263
 8631.000000 0.870166 -2.905098 1.801446
 8632.000000 -0.056888 -2.889745 1.707817
 8633.000000 0.882362 -2.729197 1.840504
 8634.000000 0.353198 -2.802257 1.343923
 8635.000000 0.427560 -2.378849 1.845417
 8636.000000 0.983619 -2.782919 1.825420
 8637.000000 -0.500501 -2.463455 1.414483
 8638.000000 1.237469 -2.828414 1.884195
 8639.000000 -0.374224 2.811721 1.914263
 8640.000000 -0.177963 2.749588 1.891633
 8641.000000 -0.260080 -3.023263 1.847609
 8642.000000 0.486273 2.980371 1.932824
 8643.000000 0.372108 3.125627 1.869779
 8644.000000 0.079508 -2.675727 1.659994
 8645.000000 0.362247 -1.804288 1.794942
 8646.000000 0.422209 -2.811667 1.723972
 8647.000000 0.382791 -3.001783 1.323765
 8648.000000 0.353831 3.045952 1.661326
 8649.000000 0.296662 -2.963023 1.496329
 8650.000000 0.324808 3.096919 1.917336
 8651.000000 -0.403754 -3.136992 1.917877
 8652.000000 -0.419995 -2.819500 1.911921
 8653.000000 -1.482867 -3.067141 1.932438
 8654.000000 -1.006243 2.531016 1.381981
 8655.000000 0.474684 -2.790645 1.118157
 8656.000000 0.246144 -2.663853 1.624944
 8657.000000 0.293522 -2.451223 1.338338
 8658.000000 -1.618923 -2.823058 1.757589
 8659.000000 -1.295935 -2.851844 1.816221
 8660.000000 1.671792 3.011408 1.782626
 8661.000000 0.829726 -2.632568 1.755274
 8662.000000 1.469169 -2.056189 1.617104
 8663.000000 -0.183124 -2.833449 1.945138
 8664.000000 0.978470 -2.533497 1.885763
 8665.000000 -1.186510 -2.818637 1.845835
 8666.000000 1.485266 -2.698510 1.709407
 8667.000000 -1.702372 -2.904048 1.864871
 8668.000000 -0.517690 -2.595047 1.188487
 8669.000000 0.933005 -2.954465 1.901969
 8670.000000 0.992798 -2.690696 1.277906
 8671.000000 1.048501 -2.738822 1.075220
 8672.000000 0.467999 -2.710530 1.083243
 8673.000000 0.392420 -2.631882 1.871460
 8674.000000 0.211562 -2.642457 1.941823
 8675.000000 0.891520 -2.762440 1.574628
 8676.000000 0.447858 2.571011 1.716713
 8677.000000 0.414793 -2.632577 1.790209
 8678.000000 -0.403694 -2.775400 1.737745
 8679.000000 -1.282498 -2.676961 1.472816
 8680.000000 0.077331 -2.256684 1.884628
 8681.000000 0.366145 -2.336762 1.731791
 8682.000000 0.372760 -1.606190 1.661390
 8683.000000 -1.425823 -2.313252 1.667981
 8684.000000 0.434123 -2.983101 1.271555
 8685.000000 0.355365 2.830456 1.842077
 8686.000000 -0.230224 -3.090679 1.443495
 8687.000000 0.488215 -2.786852 1.695761
 8688.000000 0.138394 -2.765009 1.758513
 8689.000000 0.099949 -2.334290 1.723367
 8690.000000 0.184722 -2.577811 1.769117
 8691.000000 0.230015 -2.780264 1.806577
 8692.000000 0.354228 -2.700213 1.703822
 8693.000000 0.265482 -1.655834 1.699915
 8694.000000 0.324368 -2.773481 1.924562
 8695.000000 0.022270 -2.080855 1.878667
 8696.000000 -1.199039 -2.362402 1.950531
 8697.000000 0.427720 -2.694831 1.675529
 8698.000000 -0.344720 2.656149 1.913650
 8699.000000 0.880801 -2.897475 1.907980
 8700.000000 -0.385330 -2.571260 1.738321
 8701.000000 -0.262110 -2.657634 1.924933
 8702.000000 -0.192524 -2.623528 1.916107
 8703.000000 -0.389631 -3.138889 1.911489
 8704.000000 -1.612099 3.082859 1.921681
 8705.000000 -0.492722 2.623649 1.785858
 8706.000000 1.689210 -2.981481 1.620460
 8707.000000 0.328650 -2.331444 1.488197
 8708.000000 0.356171 -2.201010 1.665309
 8709.000000 0.457569 -2.801276 1.893146
 8710.000000 -1.150762 -3.102366 1.788472
 8711.000000 0.371110 -2.830080 1.888374
 8712.000000 0.439460 2.542947 1.858371
 8713.000000 -1.063910 -3.118712 1.886867
 8714.000000 -0.494969 -2.889486 1.836182
 8715.000000 0.346027 -2.977266 1.728158
 8716.000000 1.135887 2.777023 1.831267
 8717.000000 -0.043745 -2.975164 1.860666
 8718.000000 0.786331 2.564839 1.817054
 8719.000000 0.600263 3.094826 1.745409
 8720.000000 0.198829 -2.693629 1.947256
 8721.000000 -1.444051 -2.863191 1.957651
 8722.000000 -1.345579 -2.138784 1.971004
 8723.000000 0.099976 -2.373409 1.846315
 8724.000000 0.607786 -2.319151 1.629369
 8725.000000 1.014678 -2.898745 1.877935
 8726.000000 0.480671 -2.513860 1.795335
 8727.000000 -1.281814 -2.526464 1.804974
 8728.000000 -0.261898 2.785034 1.905934
 8729.000000 0.241655 -3.128758 1.960931
 8730.000000 -0.264977 2.689887 1.894111
 8731.000000 -0.437931 -3.041632 1.884033
 8732.000000 0.347991 -2.844774 1.804182
 8733.000000 0.474463 -2.412359 1.864567
 8734.000000 1.581131 2.364844 1.816357
 8735.000000 -1.035027 -2.744851 1.908451
 8736.000000 1.144777 -2.843546 1.207884
 8737.000000 -0.357744 -2.750609 1.864203
 8738.000000 0.182197 3.125856 1.859098
 8739.000000 0.403589 -2.273113 1.744789
 8740.000000 -1.621075 -2.810847 1.095256
 8741.000000 -0.294825 -2.519882 1.491269
 8742.000000 0.255522 -2.782279 1.771002
 8743.000000 0.192685 -2.088184 1.973357
 8744.000000 0.412028 -2.820710 1.916732
 8745.000000 0.596039 -2.952803 1.510521
 8746.000000 0.453380 -2.976978 1.942827
 8747.000000 -1.140493 3.000037 1.388152
 8748.000000 0.582005 -2.719525 0.874308
 8749.000000 -0.008616 -2.637044 1.734858
 8750.000000 -1.449594 -2.676835 1.795327
 8751.000000 1.036290 -2.113895 1.796540
 8752.000000 0.230607 -2.648766 1.635239
 8753.000000 -0.049944 -2.613805 1.673492
 8754.000000 1.406813 -2.305511 1.786300
 8755.000000 1.190168 -2.565181 1.524755
 8756.000000 -1.306726 -2.487343 1.612053
 8757.000000 -1.572776 -2.490630 1.360624
 8758.000000 0.264139 3.012717 1.949705
 8759.000000 0.337656 2.849111 1.959405
 8760.000000 0.299962 -2.332224 1.801530
 8761.000000 1.932014 -2.316441 1.285707
 8762.000000 1.206620 2.476778 1.780066
 8763.000000 0.466015 -2.694149 1.706174
 8764.000000 0.272285 -2.171843 1.627612
 8765.000000 -0.407893 -2.738969 1.662517
 8766.000000 0.215946 -2.679349 1.682821
 8767.000000 -0.501324 2.506011 1.730338
 8768.000000 -0.346564 -2.600127 1.079788
 8769.000000 -0.092645 -1.779419 1.893724
 8770.000000 1.287851 -2.956658 1.879838
 8771.000000 -1.400749 3.093534 1.889635
 8772.000000 0.310189 -2.818979 1.977301
 8773.000000 0.134344 3.133890 1.775133
 8774.000000 0.501411 -3.042493 1.533161
 8775.000000 0.351963 -2.868804 1.615856
 8776.000000 0.490025 -3.062633 1.863855
 8777.000000 0.157436 -1.895565 1.953865
 8778.000000 0.272089 2.815743 1.925767
 8779.000000 -0.282743 2.878980 1.914482
 8780.000000 0.043282 -3.096545 1.868918
 8781.000000 0.474206 -2.914553 1.903422
 8782.000000 -0.294015 -2.555528 1.936486
 8783.000000 1.413274 -2.832463 1.917756
 8784.000000 -1.593796 -2.928808 1.940398
 8785.000000 0.243691 -2.805148 1.921368
 8786.000000 0.353937 -2.419595 1.933820
 8787.000000 0.426911 3.104266 1.937519
 8788.000000 0.259247 -2.190072 1.945123
 8789.000000 0.172833 -2.699239 1.940251
 8790.000000 0.330373 -2.610419 1.203779
 8791.000000 -0.519237 -2.567802 1.909804
 8792.000000 0.089230 -3.027169 1.915304
 8793.000000 0.550426 2.919312 1.921231
 8794.000000 -1.748522 -2.934989 1.916908
 8795.000000 0.508348 -2.273763 1.722952
 8796.000000 0.122072 -2.205747 1.879838
 8797.000000 -0.304382 -2.724161 1.858640
 8798.000000 1.247877 -2.484243 1.868866
 8799.000000 -0.523057 -2.533931 1.900381
 8800.000000 -1.270015 3.044595 1.900888
 8801.000000 0.286141 -2.807449 1.934667
 8802.000000 1.326212 3.051765 1.435435
 8803.000000 -0.075083 2.756678 1.530243
 8804.000000 0.262691 -2.838850 1.887991
 8805.000000 0.315816 -2.331313 1.681192
 8806.000000 0.316380 3.106609 1.586914
 8807.000000 -1.428406 -2.192472 1.463690
 8808.000000 0.177751 2.701401 1.976541
 8809.000000 0.320001 -3.104829 1.987684
 8810.000000 0.335218 -3.056693 1.977752
 8811.000000 0.412012 3.048397 1.935005
 8812.000000 0.300542 -2.904179 1.808480
 8813.000000 0.345179 -1.456790 1.821776
 8814.000000 0.405087 -2.692488 1.878960
 8815.000000 -0.167152 2.725763 1.528884
 8816.000000 -0.879806 -2.762701 1.139143
 8817.000000 -1.266376 2.640789 1.878097
 8818.000000 0.185047 -2.857479 1.488760
 8819.000000 0.364660 -3.074199 1.916377
 8820.000000 -0.618016 2.451629 1.942286
 8821.000000 -0.235215 2.724407 1.982943
 8822.000000 0.433668 2.855704 1.967367
 8823.000000 1.032704 -2.979504 1.902537
 8824.000000 0.106342 -2.764596 1.690624
 8825.000000 1.160171 -2.607257 1.615958
 8826.000000 0.472795 -2.028873 1.739562
 8827.000000 -0.313359 -2.613944 1.484422
 8828.000000 0.620884 -2.572365 1.604755
 8829.000000 0.673261 -2.540210 1.864157
 8830.000000 0.235537 -2.742119 1.532624
 8831.000000 1.417322 -2.583268 1.824945
 8832.000000 0.310802 -2.855221 1.853493
 8833.000000 0.200882 -2.697918 1.874647
 8834.000000 -1.441760 -2.795518 1.798403
 8835.000000 -1.343006 -2.999855 1.944643
 8836.000000 0.169906 -2.881550 1.839765
 8837.000000 1.473333 -2.669045 1.345180
 8838.000000 0.819332 -2.746980 1.719979
 8839.000000 -1.548254 2.856032 1.853792
 8840.000000 -1.266303 3.031440 1.894877
 8841.000000 -1.362506 -3.117793 1.638925
 8842.000000 0.224634 -3.003795 1.883921
 8843.000000 0.316092 -3.087480 1.959911
 8844.000000 -0.300565 -2.814347 1.971216
 8845.000000 0.543016 2.982938 1.956304
 8846.000000 0.414687 -2.079184 1.947328
 8847.000000 0.304124 -2.753976 1.952534
 8848.000000 -0.046150 -2.901559 1.974286
 8849.000000 -0.537225 -2.709655 1.977388
 8850.000000 1.290398 -2.635307 1.974907
 8851.000000 1.586325 -2.014128 1.970713
 8852.000000 -0.426289 -2.399977 1.972408
 8853.000000 -0.412943 -2.839570 1.971675
 8854.000000 0.404783 -3.053354 1.900028
 8855.000000 -1.673515 -2.766392 1.783561
 8856.000000 -0.231803 2.976434 1.495953
 8857.000000 0.282978 2.410932 1.865900
 8858.000000 0.372151 2.989975 1.762760
 8859.000000 1.826653 2.478339 1.793173
 8860.000000 1.205138 -2.524396 1.152255
 8861.000000 -0.416038 -2.930993 1.724139
 8862.000000 1.281180 -2.973738 1.904391
 8863.000000 -0.478278 2.762889 1.787532
 8864.000000 -1.578639 3.092966 1.733789
 8865.000000 0.468800 2.884821 1.895137
 8866.000000 0.438762 2.962222 1.903979
 8867.000000 1.169420 -2.496629 1.364320
 8868.000000 0.057553 -2.921277 1.867648
 8869.000000 1.359532 -2.567092 1.722113
 8870.000000 -1.188795 -2.949797 1.903492
 8871.000000 0.978509 -2.918510 1.770293
 8872.000000 -0.425427 -2.617608 1.965864
 8873.000000 0.286334 2.924946 1.943882
 8874.000000 -1.248988 2.877711 1.429615
 8875.000000 -0.399280 -2.250249 1.608911
 8876.000000 1.236568 2.857446 1.716717
 8877.000000 0.329352 -2.660297 1.539202
 8878.000000 0.261599 2.840843 1.070948
 8879.000000 -0.408288 3.140029 1.660672
 8880.000000 -0.207397 2.701281 1.734413
 8881.000000 -0.409791 -2.967716 1.844068
 8882.000000 -0.405038 2.831594 1.919351
 8883.000000 -1.567036 2.821970 1.223396
 8884.000000 -0.099180 2.770238 1.913015
 8885.000000 -0.369984 2.942923 1.925065
 8886.000000 0.185261 2.601983 1.921889
 8887.000000 -1.561304 2.483569 1.806321
 8888.000000 -1.294302 -2.750187 1.809521
 8889.000000 0.363881 -3.048703 1.904267
 8890.000000 0.334381 -2.813619 1.832767
 8891.000000 1.191415 2.672777 1.958853
 8892.000000 -0.310824 2.645911 1.936450
 8893.000000 -0.651933 2.603173 1.111311
 8894.000000 -1.448769 -2.793206 1.743310
 8895.000000 1.512095 -2.631605 1.621614
 8896.000000 0.443740 -2.688899 1.808396
 8897.000000 -0.227786 -2.608095 1.430006
 8898.000000 0.406252 -2.375033 1.907262
 8899.000000 -0.054477 -2.143929 1.915471
 8900.000000 0.468893 2.685256 1.959146
 8901.000000 0.433229 2.879061 1.703327
 8902.000000 0.881594 -2.763912 1.663008
 8903.000000 0.180781 -2.744872 1.356542
 8904.000000 0.460223 -2.391874 1.803390
 8905.000000 0.421968 -1.526463 0.974281
 8906.000000 0.347220 -2.884697 1.414057
 8907.000000 0.975690 -2.574525 1.444755
 8908.000000 0.227853 2.958577 1.900931
 8909.000000 0.531134 2.916656 1.804306
 8910.000000 -0.179231 2.877215 1.487777
 8911.000000 0.423515 -2.264181 1.893905
 8912.000000 0.358203 -2.303346 1.126192
 8913.000000 1.054773 -2.326458 1.895939
 8914.000000 0.333490 -2.436415 1.725367
 8915.000000 0.266962 -2.529159 1.595319
 8916.000000 0.203477 3.096766 1.860197
 8917.000000 0.126354 3.026321 1.387375
 8918.000000 0.498761 -2.682514 1.418450
 8919.000000 1.872559 -2.720853 1.726899
 8920.000000 -0.233648 -2.784940 1.082856
 8921.000000 -1.449109 -2.858743 1.504494
 8922.000000 -0.364389 -2.475029 1.347607
 8923.000000 -0.337741 2.671246 1.842949
 8924.000000 -0.650051 -2.564812 1.423108
 8925.000000 1.348047 2.513156 1.892860
 8926.000000 1.374653 -2.556496 1.689023
 8927.000000 -0.019771 -2.737839 1.398261
 8928.000000 -0.388604 -2.587820 1.923642
 8929.000000 0.291813 -1.782881 1.641259
 8930.000000 1.353520 -3.109538 1.754975
 8931.000000 0.407578 -2.884011 1.927369
 8932.000000 0.303447 3.045312 1.931074
 8933.000000 0.869311 -2.705462 1.984869
 8934.000000 1.152645 2.713188 1.902547
 8935.000000 1.421255 2.593240 1.927443
 8936.000000 1.301705 2.574317 1.888359
 8937.000000 1.478340 -2.824086 1.875242
 8938.000000 0.421954 -2.761684 1.447274
 8939.000000 -0.462070 -2.723031 1.777565
 8940.000000 -1.354494 -2.955313 1.857552
 8941.000000 -0.469572 -2.593116 1.864807
 8942.000000 -0.288759 2.666678 1.879593
 8943.000000 0.304226 -3.049809 1.937020
 8944.000000 0.275857 -2.295811 1.906293
 8945.000000 0.367177 -2.277256 1.897056
 8946.000000 0.286902 -2.694630 1.909746
 8947.000000 0.289124 -2.038412 1.864488
 8948.000000 -0.360965 -2.919831 1.761648
 8949.000000 0.414305 -3.067656 1.848437
 8950.000000 0.316269 -2.662487 1.862147
 8951.000000 -0.788399 -2.812117 1.817856
 8952.000000 0.299985 -2.574220 1.968018
 8953.000000 0.884787 -2.046220 1.891681
 8954.000000 0.461747 -2.958175 1.770201
 8955.000000 -1.492748 -2.763913 1.899465
 8956.000000 -1.197079 -2.761721 1.451686
 8957.000000 1.141701 -2.034618 1.895631
 8958.000000 1.011536 -2.256017 1.845971
 8959.000000 1.563958 3.030315 1.736647
 8960.000000 1.094059 -2.752277 1.880945
 8961.000000 -1.710710 -2.741278 1.665919
 8962.000000 -1.488905 2.797761 1.640004
 8963.000000 0.152297 -2.954486 1.772941
 8964.000000 1.410895 2.392685 1.862540
 8965.000000 -0.378402 -2.697063 1.750576
 8966.000000 -0.918020 -2.835262 1.781975
 8967.000000 0.526581 -2.917696 1.690327
 8968.000000 -1.473357 -2.813625 1.774794
 8969.000000 -1.025347 -2.907332 1.619041
 8970.000000 1.055740 -2.683135 1.356115
 8971.000000 0.321901 -2.887126 1.908226
 8972.000000 0.152261 2.922464 1.954425
 8973.000000 0.368573 3.010463 1.857466
 8974.000000 0.081704 -3.070290 1.940824
 8975.000000 0.423630 2.673569 1.963004
 8976.000000 0.419981 -2.854518 1.969830
 8977.000000 0.374210 -3.025754 1.976463
 8978.000000 0.161516 3.131588 1.961461
 8979.000000 0.378691 2.945970 1.872599
 8980.000000 0.281658 2.997457 1.899779
 8981.000000 0.080520 2.972134 1.877008
 8982.000000 0.172722 -3.119449 1.935099
 8983.000000 0.198704 -2.939963 1.887196
 8984.000000 1.000528 2.749584 1.904314
 8985.000000 0.962975 -2.578527 1.719100
 8986.000000 -0.878626 3.048704 1.947291
 8987.000000 0.281420 -2.520899 1.635632
 8988.000000 0.284674 -2.163134 1.978086
 8989.000000 0.317801 -3.062130 1.911644
 8990.000000 0.392197 -2.932722 1.807148
 8991.000000 -0.362874 -2.706324 1.837169
 8992.000000 -0.221376 -2.587282 1.667144
 8993.000000 0.460524 -2.650072 1.640127
 8994.000000 1.521378 -3.068674 1.817755
 8995.000000 -0.387974 -2.843031 1.845808
 8996.000000 1.423380 -2.372150 1.741855
 8997.000000 1.182672 2.888696 1.961883
 8998.000000 0.021562 -2.700601 1.881488
 8999.000000 0.140511 -2.901627 1.691619
 9000.000000 0.171829 2.762779 1.664120
 9001.000000 0.281712 -2.481429 1.151626
 9002.000000 0.195384 -2.719753 1.712699
 9003.000000 0.511267 2.866932 1.974206
 9004.000000 -0.049794 -3.112363 1.911883
 9005.000000 1.140197 -2.405630 1.640093
 9006.000000 0.393174 -2.596201 1.819913
 9007.000000 -0.108160 -2.087897 1.708177
 9008.000000 0.713699 -2.455852 1.729972
 9009.000000 -1.452368 2.750019 1.846306
 9010.000000 -0.724915 -3.007624 1.878194
 9011.000000 0.308127 -2.549299 1.814810
 9012.000000 0.287774 -2.767498 1.083712
 9013.000000 0.109339 -2.575168 1.861045
 9014.000000 -0.065943 -2.716206 1.842588
 9015.000000 -0.387555 2.553143 1.840852
 9016.000000 1.268691 -3.122743 1.905286
 9017.000000 0.988927 2.845103 1.909307
 9018.000000 0.072647 -2.556182 1.875490
 9019.000000 -0.328482 -2.821927 1.933157
 9020.000000 -0.473052 -2.876286 1.868866
 9021.000000 -1.572826 3.113239 1.946080
 9022.000000 0.826973 -2.828744 1.515849
 9023.000000 0.302523 -2.741805 1.859301
 9024.000000 0.626881 -2.887288 1.816659
 9025.000000 -0.371746 2.585141 1.949604
 9026.000000 -0.428368 -2.743661 1.385875
 9027.000000 -0.150881 -2.822186 1.943893
 9028.000000 -0.332411 -3.005408 1.902732
 9029.000000 -0.350749 2.778470 1.788317
 9030.000000 -1.455295 3.114696 1.775220
 9031.000000 0.434744 -2.522037 1.913922
 9032.000000 1.169971 -2.285724 1.480047
 9033.000000 -0.887065 3.112166 1.595806
 9034.000000 0.409211 -2.677808 1.632125
 9035.000000 0.306024 -2.142654 1.846492
 9036.000000 1.680242 -2.208119 1.848493
 9037.000000 0.249075 -2.450993 1.771959
 9038.000000 0.455606 3.111719 1.870469
 9039.000000 0.267618 -2.386622 1.716337
 9040.000000 -0.684260 -2.554241 1.501226
 9041.000000 0.305771 -2.641112 1.527565
 9042.000000 -1.294531 -2.962522 1.220226
 9043.000000 -1.638755 2.689738 1.517674
 9044.000000 0.281158 3.044094 1.925845
 9045.000000 0.334398 -2.876370 1.943330
 9046.000000 0.377166 -2.266456 1.982771
 9047.000000 0.298934 -2.613151 1.989055
 9048.000000 0.141671 -2.764005 1.989828
 9049.000000 0.253191 -2.616876 1.992029
 9050.000000 0.236078 -3.093421 1.940019
 9051.000000 0.236254 -2.920400 1.988267
 9052.000000 0.177732 -2.954078 1.981574
 9053.000000 0.065254 -2.561042 1.994564
 9054.000000 0.277666 -3.043199 1.981515
 9055.000000 0.225754 -2.730560 1.992187
 9056.000000 0.337099 -1.990134 1.993522
 9057.000000 0.306027 -2.592612 1.990307
 9058.000000 0.423061 -2.968198 1.990603
 9059.000000 0.426006 2.934479 1.982843
 9060.000000 0.421255 3.081233 1.947323
 9061.000000 0.146672 -2.925870 1.935859
 9062.000000 0.235654 -2.863827 1.920308
 9063.000000 0.339561 2.856607 1.967802
 9064.000000 -0.073309 2.938087 1.713654
 9065.000000 0.335677 -2.329354 1.863879
 9066.000000 0.310505 -2.674838 1.966365
 9067.000000 0.183436 -2.242425 1.953848
 9068.000000 0.199666 -2.484352 1.964105
 9069.000000 0.036867 -2.175707 1.975457
 9070.000000 0.250959 -1.705937 1.966011
 9071.000000 0.195891 -2.046517 1.941144
 9072.000000 0.326410 -1.802130 1.971733
 9073.000000 0.171855 -2.266413 1.970858
 9074.000000 0.296141 -1.836786 1.980336
 9075.000000 0.293349 -2.378267 1.965455
 9076.000000 0.096100 -2.213021 1.944132
 9077.000000 0.383727 -2.167946 1.986878
 9078.000000 0.195990 -2.312226 1.950493
 9079.000000 0.350073 -1.960250 1.845810
 9080.000000 0.173418 -2.290601 1.964667
 9081.000000 0.248782 -2.345196 1.980632
 9082.000000 0.210990 -2.432840 1.983744
 9083.000000 0.348753 -2.288079 1.991248
 9084.000000 0.163840 -2.077125 1.975405
 9085.000000 0.334085 -2.596347 1.981341
 9086.000000 0.315465 -2.242129 1.991339
 9087.000000 0.191820 -2.227319 1.991901
 9088.000000 0.176927 -2.577682 1.959423
 9089.000000 0.307610 -1.853931 1.977924
 9090.000000 0.318023 -1.906676 1.950014
 9091.000000 0.263581 -2.204752 1.916860
 9092.000000 0.297692 -1.342966 1.968721
 9093.000000 0.395536 -2.131561 1.958065
 9094.000000 0.155431 -2.354858 1.986197
 9095.000000 0.237793 -1.951442 1.988050
 9096.000000 0.057287 -2.086820 1.988690
 9097.000000 0.360780 -1.973573 1.992786
 9098.000000 0.230342 -2.245227 1.986074
 9099.000000 0.298493 -2.310466 1.983583
 9100.000000 0.058388 -2.198886 1.983865
 9101.000000 -1.425308 -2.730596 1.823591
 9102.000000 -0.318189 2.535566 1.834734
 9103.000000 -0.406099 -2.219221 1.745089
 9104.000000 0.034988 -2.073652 1.836599
 9105.000000 0.267649 2.739036 1.726608
 9106.000000 0.471558 -2.607589 1.908071
 9107.000000 0.404177 -1.749354 1.441411
 9108.000000 -0.464712 -2.938087 1.196850
 9109.000000 -1.665260 -3.084731 1.647952
 9110.000000 -1.088050 -2.728183 1.621214
 9111.000000 -0.417342 -1.914992 1.916851
 9112.000000 -0.150768 -2.692579 1.673204
 9113.000000 -0.260323 -3.089871 1.786829
 9114.000000 0.475185 -2.371180 1.791288
 9115.000000 -1.317684 2.849243 1.814106
 9116.000000 -1.454022 -2.952618 1.906477
 9117.000000 -0.448890 -2.880141 1.657645
 9118.000000 1.383380 -2.610380 1.661799
 9119.000000 -1.237830 -2.845563 1.183891
 9120.000000 0.355259 -2.498533 1.785134
 9121.000000 0.282977 -2.708646 1.921768
 9122.000000 -0.090957 -2.706637 1.853130
 9123.000000 0.211133 -2.753957 1.568252
 9124.000000 1.430832 -2.619884 1.618173
 9125.000000 -0.492171 -3.012626 1.793099
 9126.000000 0.556483 3.035835 1.860147
 9127.000000 1.035808 -2.444583 1.769341
 9128.000000 -0.830918 -2.926873 1.842120
 9129.000000 0.301752 -3.048852 1.932044
 9130.000000 0.337335 -2.737571 1.610612
 9131.000000 0.519790 -2.450284 1.905397
 9132.000000 -1.255735 -2.445366 1.937418
 9133.000000 0.463659 -2.989581 1.776683
 9134.000000 1.906198 2.631692 1.165656
 9135.000000 -0.438932 -2.778406 0.852132
 9136.000000 0.049377 -2.860233 1.349018
 9137.000000 0.387933 2.823343 1.874560
 9138.000000 -1.515699 -2.725021 1.848631
 9139.000000 0.477687 2.771425 1.905842
 9140.000000 0.443976 -2.515885 1.684565
 9141.000000 1.407175 -3.108132 1.850447
 9142.000000 -0.507320 2.706577 1.807968
 9143.000000 0.348101 -2.518581 1.844449
 9144.000000 0.426721 -2.558398 1.816047
 9145.000000 -0.298369 -2.469240 1.853402
 9146.000000 0.222716 2.732180 1.882775
 9147.000000 0.402345 -3.131017 1.900360
 9148.000000 1.777971 -2.528373 1.924980
 9149.000000 -0.408167 -2.416073 1.845377
 9150.000000 1.096875 -2.549859 1.712734
 9151.000000 1.013719 -3.022127 1.929111
 9152.000000 0.179514 -2.999023 1.883706
 9153.000000 -0.437062 2.682231 1.920647
 9154.000000 -0.341268 2.880832 1.899552
 9155.000000 0.143295 -2.846600 1.927144
 9156.000000 -1.400528 3.084415 1.523538
 9157.000000 -0.034732 -3.098139 1.953280
 9158.000000 1.951564 -2.819242 0.851556
 9159.000000 1.624507 -2.747443 1.876321
 9160.000000 -1.243475 -2.814265 1.858363
 9161.000000 0.545977 -2.971094 1.759092
 9162.000000 1.116000 -2.635170 1.631054
 9163.000000 0.364468 -2.540249 1.388486
 9164.000000 0.195114 -2.263789 1.549886
 9165.000000 -0.463847 2.623692 1.706651
 9166.000000 0.387693 -2.716079 1.710407
 9167.000000 -1.253499 -2.667688 1.719285
 9168.000000 -1.728155 -2.252164 1.767114
 9169.000000 0.717843 -3.085092 1.695215
 9170.000000 -0.674262 -2.106666 1.614552
 9171.000000 0.720073 -2.154180 1.759216
 9172.000000 -0.389055 3.091637 1.844317
 9173.000000 -0.378012 2.595624 1.773962
 9174.000000 1.055270 2.733044 1.656964
 9175.000000 0.461994 -2.635344 1.811571
 9176.000000 0.413504 -2.727529 1.808118
 9177.000000 0.278330 -2.560213 1.950681
 9178.000000 0.135984 -3.036571 1.960596
 9179.000000 0.387431 -2.928441 1.927733
 9180.000000 0.078764 -2.535072 1.620733
 9181.000000 -0.331846 -3.018483 1.078079
 9182.000000 0.241933 -2.705720 1.806163
 9183.000000 -0.327225 -2.646782 1.843077
 9184.000000 0.434811 -3.056866 1.647421
 9185.000000 0.340992 -2.669206 1.352825
 9186.000000 0.325405 -2.537326 1.785549
 9187.000000 -1.243874 2.782692 1.139340
 9188.000000 -0.336847 -2.408593 1.875616
 9189.000000 1.002335 -2.428177 1.630836
 9190.000000 1.208730 -2.772256 1.679127
 9191.000000 1.260644 -2.804062 1.744549
 9192.000000 0.907358 -2.634035 1.581946
 9193.000000 0.257062 -2.632756 1.819866
 9194.000000 -1.637099 -2.227170 1.453646
 9195.000000 0.012320 -2.527755 1.820495
 9196.000000 0.320126 -2.354150 1.656032
 9197.000000 -0.152426 -2.801281 1.790441
 9198.000000 0.496968 -2.830603 1.829084
 9199.000000 -0.347574 -2.093963 1.729022
 9200.000000 0.236211 -2.893740 1.494935
 9201.000000 -1.578224 -2.471692 0.970486
 9202.000000 0.437242 -2.420461 1.830741
 9203.000000 1.231750 -2.677565 1.893904
 9204.000000 0.893709 -2.743853 1.830363
 9205.000000 0.435340 -2.956342 1.785503
 9206.000000 0.373518 -3.016406 1.665483
 9207.000000 0.036812 -3.051385 1.617342
 9208.000000 0.471156 2.693481 1.892032
 9209.000000 0.206748 -2.724059 1.407475
 9210.000000 0.417302 -2.484762 1.570372
 9211.000000 0.502230 -2.734310 1.671875
 9212.000000 0.145376 -2.043930 1.619842
 9213.000000 0.413309 2.541494 1.633507
 9214.000000 -1.384087 -2.747414 1.893603
 9215.000000 -0.493334 2.863629 1.833175
 9216.000000 -0.329722 -2.131501 1.570904
 9217.000000 -1.295974 -2.226157 1.789511
 9218.000000 -0.438120 -2.753991 1.943508
 9219.000000 0.385953 -2.867832 1.918944
 9220.000000 -0.352117 -2.759391 1.892534
 9221.000000 0.899829 -2.777481 1.872168
 9222.000000 -0.491175 -2.631046 1.783517
 9223.000000 0.513686 -2.221059 1.706134
 9224.000000 -1.604172 -2.203721 1.678722
 9225.000000 -1.548066 2.886417 1.137658
 9226.000000 0.938292 -2.998288 1.684717
 9227.000000 0.157427 -2.890478 1.846927
 9228.000000 0.074640 -2.303316 1.912166
 9229.000000 0.374684 -2.511122 1.835568
 9230.000000 0.384032 -2.277538 1.878229
 9231.000000 0.310154 -1.882454 1.942014
 9232.000000 0.324908 -2.340626 1.932969
 9233.000000 0.339651 -2.972388 1.946435
 9234.000000 0.220240 -2.446194 1.908755
 9235.000000 0.256602 -2.185614 1.958501
 9236.000000 0.440568 -2.829558 1.959255
 9237.000000 -0.064283 -2.603361 1.981731
 9238.000000 0.176390 -2.907915 1.909170
 9239.000000 0.436086 -2.394179 1.986051
 9240.000000 0.463910 -2.970753 1.975613
 9241.000000 0.261733 -2.887166 1.926470
 9242.000000 0.344847 -2.957681 1.966098
 9243.000000 0.356985 -2.488918 1.931778
 9244.000000 0.277780 -2.810815 1.962114
 9245.000000 0.272000 -2.260997 1.951200
 9246.000000 0.323668 -2.290809 1.960103
 9247.000000 0.368776 -2.520722 1.951571
 9248.000000 0.309751 -2.191036 1.926540
 9249.000000 0.273733 -2.596607 1.898047
 9250.000000 0.156070 -1.822867 1.966052
 9251.000000 0.437202 -2.142623 1.959069
 9252.000000 0.096318 -2.679792 1.968297
 9253.000000 0.063955 -2.168127 1.964047
 9254.000000 0.175387 -2.365173 1.978304
 9255.000000 0.316339 -2.042700 1.981642
 9256.000000 0.222137 -2.583778 1.974768
 9257.000000 0.228223 -2.467185 1.987038
 9258.000000 0.113652 -1.935270 1.985622
 9259.000000 0.214568 -1.637298 1.991977
 9260.000000 0.324828 -2.684445 1.941961
 9261.000000 0.388409 -1.864240 1.964005
 9262.000000 0.277018 -1.873202 1.947392
 9263.000000 0.166490 -2.200625 1.934970
 9264.000000 0.320555 -2.659283 1.725763
 9265.000000 0.244562 2.858800 1.212677
 9266.000000 -1.649857 -2.665656 1.252351
 9267.000000 0.357348 -2.506090 1.546766
 9268.000000 0.167383 -2.759505 1.819085
 9269.000000 1.233505 -2.822553 1.883741
 9270.000000 0.101745 2.454573 1.822252
 9271.000000 -0.286007 -2.846749 1.760155
 9272.000000 -0.357218 -2.775550 1.742715
 9273.000000 0.230110 -3.072637 1.108780
 9274.000000 -1.149689 2.619557 1.502962
 9275.000000 0.325423 -3.024424 1.959675
 9276.000000 0.328828 -2.892785 1.291238
 9277.000000 0.261698 -2.680259 1.180208
 9278.000000 0.142767 -2.474788 1.114052
 9279.000000 1.535853 -2.715549 1.703879
 9280.000000 1.158929 3.138441 1.725738
 9281.000000 0.467247 -2.789326 1.961160
 9282.000000 -0.400234 -2.347646 1.889825
 9283.000000 0.563519 -3.080260 1.893866
 9284.000000 1.138332 2.581246 1.898518
 9285.000000 0.993324 2.938889 1.967728
 9286.000000 -1.748983 -2.742796 1.925175
 9287.000000 0.210653 2.967630 1.988091
 9288.000000 0.189092 -2.939374 1.991984
 9289.000000 0.325616 -2.871738 1.967922
 9290.000000 0.327894 -2.751825 1.951728
 9291.000000 -0.357988 -2.774675 1.570058
 9292.000000 -1.309943 2.692579 1.890092
 9293.000000 -1.350575 2.676312 1.456818
 9294.000000 0.286951 -2.550518 1.531946
 9295.000000 -0.294509 -2.930042 1.630495
 9296.000000 -0.162859 2.499413 1.502156
 9297.000000 0.018989 3.004795 1.764088
 9298.000000 1.184585 -2.667471 1.900270
 9299.000000 1.220456 -2.697160 1.810910
 9300.000000 -0.334663 -2.879101 1.898814
 9301.000000 -0.322480 -2.481070 1.897840
 9302.000000 0.423335 -1.879284 1.888998
 9303.000000 0.102700 -2.677783 1.953517
 9304.000000 0.401232 -2.523122 1.921278
 9305.000000 1.210871 -2.731602 1.948565
 9306.000000 -0.365946 -2.691191 1.942591
 9307.000000 0.152773 2.748585 1.987763
 9308.000000 -1.082652 -2.663427 1.947248
 9309.000000 -0.207269 2.435311 1.978847
 9310.000000 -0.547800 3.138944 1.976990
 9311.000000 1.603000 2.652216 1.962736
 9312.000000 1.213414 2.534765 1.985410
 9313.000000 -1.352979 2.870415 1.983946
 9314.000000 -1.320029 -2.877128 1.985258
 9315.000000 -1.353925 -2.734493 1.989212
 9316.000000 -0.699059 3.125337 1.988203
 9317.000000 0.009071 2.962048 1.852592
 9318.000000 0.250555 -2.709085 1.938561
 9319.000000 1.329010 -2.745438 1.831588
 9320.000000 0.349087 2.750004 1.835650
 9321.000000 -0.336096 2.794834 1.952414
 9322.000000 1.683683 -3.030118 1.498635
 9323.000000 0.360087 2.922540 1.963061
 9324.000000 0.307783 -2.925470 1.992302
 9325.000000 0.440295 -2.479034 1.843036
 9326.000000 0.004189 -3.009945 1.458490
 9327.000000 0.389043 -2.745132 1.738237
 9328.000000 -1.389383 -2.955107 1.363182
 9329.000000 0.370456 2.594523 0.785695
 9330.000000 -1.387033 -2.557224 1.312797
 9331.000000 -0.143921 2.162370 1.675972
 9332.000000 0.207033 2.940968 1.874520
 9333.000000 0.221082 -2.715654 1.714847
 9334.000000 0.228304 -3.001771 1.385354
 9335.000000 0.640064 -3.129509 1.789131
 9336.000000 -0.263020 -2.905254 1.898296
 9337.000000 0.348918 -2.673864 1.775074
 9338.000000 0.218348 2.898930 1.561958
 9339.000000 0.250994 -2.990114 1.593447
 9340.000000 0.241034 3.002945 1.660915
 9341.000000 0.510932 -2.806910 1.149861
 9342.000000 0.145349 -2.991356 1.862530
 9343.000000 1.630188 2.356098 1.931791
 9344.000000 -0.433908 2.778537 1.941577
 9345.000000 -0.256503 3.055484 1.899748
 9346.000000 0.968760 3.129231 1.887052
 9347.000000 1.287101 2.787468 1.900737
 9348.000000 0.274028 -3.091086 1.888088
 9349.000000 0.301082 -2.759276 1.752241
 9350.000000 0.344051 -2.989407 1.950385
 9351.000000 0.423873 -2.624017 1.015658
 9352.000000 1.561968 2.779992 1.510261
 9353.000000 -1.140747 2.619440 1.858491
 9354.000000 0.491283 -3.079447 1.878828
 9355.000000 -0.485425 -2.869348 1.861993
 9356.000000 -0.002605 2.758899 1.745503
 9357.000000 -0.417257 -2.611827 1.756761
 9358.000000 -0.275054 -2.492728 1.915979
 9359.000000 -0.439752 -2.945434 1.870524
 9360.000000 -0.685270 -2.821772 1.716118
 9361.000000 -0.259667 -3.033450 1.955380
 9362.000000 -0.514516 -3.006348 1.922556
 9363.000000 0.264629 2.293678 1.289735
 9364.000000 -0.077192 -2.514654 1.624654
 9365.000000 0.334745 -3.117966 1.921942
 9366.000000 0.235476 -3.121209 1.803720
 9367.000000 0.287698 -2.650562 1.276811
 9368.000000 -0.486426 -2.574908 1.929844
 9369.000000 0.403236 -1.735666 1.948689
 9370.000000 -1.490167 -2.660724 1.972369
 9371.000000 0.356217 -2.270506 1.901113
 9372.000000 0.257644 3.130062 1.919526
 9373.000000 -0.812921 2.826707 1.841348
 9374.000000 0.401833 2.693583 1.946702
 9375.000000 -1.427722 2.977892 1.717117
 9376.000000 1.082837 -1.815750 1.788481
 9377.000000 -0.940301 3.090435 1.920760
 9378.000000 -1.339072 -2.589022 1.903628
 9379.000000 0.309413 -2.851567 1.935808
 9380.000000 0.196754 2.893500 1.875382
 9381.000000 0.169123 -2.848885 1.898361
 9382.000000 0.326433 -2.497181 1.863824
 9383.000000 -1.681890 -2.953824 1.927149
 9384.000000 0.072495 -2.788674 1.398913
 9385.000000 0.186932 -2.554604 1.924841
 9386.000000 0.235173 -2.297004 1.942710
 9387.000000 0.410529 -2.619042 1.875240
 9388.000000 0.231818 -2.791232 1.535105
 9389.000000 0.442150 -2.827608 1.903491
 9390.000000 0.605858 2.856464 1.673215
 9391.000000 0.284041 -2.646336 1.817027
 9392.000000 0.331147 -3.071666 1.661786
 9393.000000 -0.412565 -2.682964 1.727364
 9394.000000 0.436453 -2.710082 1.236798
 9395.000000 -1.572263 -2.558649 1.464302
 9396.000000 0.239969 -3.069144 1.483587
 9397.000000 -1.276475 2.997240 1.663411
 9398.000000 -0.423047 -2.871391 1.739509
 9399.000000 -1.066551 -2.654503 1.792203
 9400.000000 1.203308 -2.786237 1.947454
 9401.000000 0.571180 -2.298400 1.930035
 9402.000000 0.239906 -2.195464 1.882283
 9403.000000 1.174506 2.793928 1.950370
 9404.000000 1.768454 2.792263 1.934258
 9405.000000 -0.011676 2.733206 1.867285
 9406.000000 1.564798 -2.861640 1.905484
 9407.000000 0.299389 -2.846988 1.890335
 9408.000000 -1.063474 -2.626239 1.809693
 9409.000000 0.286253 -2.669394 1.776673
 9410.000000 -1.214636 -2.443873 1.373927
 9411.000000 0.352640 -2.716849 1.884751
 9412.000000 0.452583 -2.882283 1.108266
 9413.000000 0.312863 -2.937489 1.829082
 9414.000000 -1.082851 -3.019100 1.854081
 9415.000000 1.208955 2.860109 1.597462
 9416.000000 0.476737 -2.348094 1.933015
 9417.000000 -0.220296 -3.049902 1.877409
 9418.000000 -0.467996 3.039388 1.937344
 9419.000000 0.309995 -2.630190 1.939836
 9420.000000 0.016997 -2.387332 1.967502
 9421.000000 0.341123 -2.378777 1.957896
 9422.000000 0.391295 -2.249985 1.972378
 9423.000000 0.328201 -2.583652 1.945616
 9424.000000 0.340175 -2.322962 1.971273
 9425.000000 0.280331 -1.384170 1.971933
 9426.000000 0.314096 -2.550413 1.962778
 9427.000000 0.277660 -2.246076 1.962042
 9428.000000 0.316956 -2.607065 1.962539
 9429.000000 0.324436 -2.450820 1.969356
 9430.000000 0.391943 -2.453480 1.982965
 9431.000000 0.168626 -1.959304 1.964933
 9432.000000 0.213008 -2.886087 1.988562
 9433.000000 0.170479 -2.641235 1.988588
 9434.000000 0.369795 -2.329107 1.972270
 9435.000000 0.362370 -2.400353 1.887851
 9436.000000 0.322981 -2.180132 1.984513
 9437.000000 0.153657 -2.400861 1.971832
 9438.000000 0.251849 -2.440927 1.941694
 9439.000000 0.299947 -2.397888 1.974248
 9440.000000 0.246066 -1.858914 1.977769
 9441.000000 0.222655 -1.688641 1.972255
 9442.000000 0.238365 -2.018224 1.966879
 9443.000000 0.369937 -2.729081 1.965580
 9444.000000 0.322124 -1.992321 1.980220
 9445.000000 0.357531 -2.097151 1.979115
 9446.000000 -1.484257 -2.734202 1.826310
 9447.000000 0.221279 2.530032 1.698830
 9448.000000 0.240967 -3.072169 1.755116
 9449.000000 -0.377147 2.791575 1.234709
 9450.000000 0.521441 -1.880681 1.360012
 9451.000000 -0.310268 3.078050 1.472862
 9452.000000 -0.332093 -2.988129 1.775953
 9453.000000 -0.344466 -2.641799 1.741666
 9454.000000 -1.102354 -2.213362 1.474541
 9455.000000 0.429902 2.576689 1.871136
 9456.000000 -1.045780 -2.712140 1.395603
 9457.000000 -0.167488 -2.387320 1.527303
 9458.000000 0.214985 -2.720129 1.762464
 9459.000000 0.151994 -2.845372 1.840571
 9460.000000 -1.602120 -2.642793 1.723179
 9461.000000 -0.369209 -2.904746 1.843430
 9462.000000 1.291600 2.866054 1.541580
 9463.000000 -0.266542 2.939176 1.966479
 9464.000000 0.497291 -2.808730 1.918192
 9465.000000 -0.989972 3.076015 1.671632
 9466.000000 -1.477105 -2.017675 1.797040
 9467.000000 0.023134 -2.684076 1.886416
 9468.000000 -0.505701 -2.890377 1.672061
 9469.000000 -0.292608 3.023427 1.914610
 9470.000000 0.326862 -2.596444 1.728266
 9471.000000 0.373761 -3.117113 1.835411
 9472.000000 -0.562736 -2.984564 1.920421
 9473.000000 0.476484 3.093882 1.877131
 9474.000000 0.550798 -2.649276 1.177793
 9475.000000 -1.439273 -2.724746 1.486483
 9476.000000 0.315418 -2.237170 1.336823
 9477.000000 1.199791 -2.662737 1.663653
 9478.000000 0.320377 3.014823 1.832353
 9479.000000 0.240726 -2.648280 0.877657
 9480.000000 0.148181 -2.452483 1.808710
 9481.000000 0.074256 -2.506337 1.763261
 9482.000000 0.346625 -2.783043 1.851502
 9483.000000 0.210294 -2.714951 1.777390
 9484.000000 0.311828 -2.708098 1.818654
 9485.000000 0.353084 -2.335102 1.896467
 9486.000000 0.413943 -2.583111 1.751204
 9487.000000 -0.202656 -2.689233 1.774368
 9488.000000 -0.412549 -2.042625 1.733121
 9489.000000 -0.035414 -2.704174 1.798274
 9490.000000 0.041398 -2.567816 1.762756
 9491.000000 -0.456496 -2.671209 1.687066
 9492.000000 1.072794 -2.775745 1.670813
 9493.000000 1.439125 -2.806736 1.760011
 9494.000000 0.315776 -2.690495 1.878030
 9495.000000 -0.445636 -2.590277 1.792158
 9496.000000 -0.221119 -2.567589 1.923855
 9497.000000 0.098458 -2.514895 1.843880
 9498.000000 0.482294 -2.290974 1.860793
 9499.000000 1.218621 -2.817491 1.886784
 9500.000000 -1.577937 -2.540833 1.673588
 9501.000000 0.237028 -2.888859 1.890026
 9502.000000 0.206025 -2.736897 1.760813
 9503.000000 1.560748 -2.757555 1.776465
 9504.000000 -0.362915 -2.909884 1.646311
 9505.000000 0.487988 -2.702669 1.592205
 9506.000000 0.167862 -2.821417 1.686211
 9507.000000 0.399075 -2.729935 1.593305
 9508.000000 0.286668 -2.699168 1.934689
 9509.000000 0.330436 -2.849228 1.834430
 9510.000000 -0.183844 -2.795896 1.700549
 9511.000000 -1.160084 2.976488 1.226310
 9512.000000 1.021844 -2.399397 1.832525
 9513.000000 0.239094 -2.383442 1.852948
 9514.000000 0.409444 2.693799 1.890179
 9515.000000 1.510588 -2.725431 1.694263
 9516.000000 -1.536835 -2.624908 1.585581
 9517.000000 1.460552 -2.581604 1.786254
 9518.000000 -0.362086 -2.780755 1.838015
 9519.000000 -1.284976 3.004821 1.951390
 9520.000000 0.428296 -2.254995 1.777926
 9521.000000 -0.456210 -2.895358 1.683001
 9522.000000 -1.236074 3.033617 1.342258
 9523.000000 0.636478 -2.401467 1.821922
 9524.000000 0.458542 -2.572190 1.457408
 9525.000000 0.356181 2.720197 1.910164
 9526.000000 0.196851 2.663536 1.902578
 9527.000000 0.054261 -2.897599 1.754058
 9528.000000 0.396023 -2.363036 1.932968
 9529.000000 0.162261 -2.181885 1.958006
 9530.000000 0.186351 -2.658780 1.879661
 9531.000000 1.002243 -2.359464 1.789507
 9532.000000 0.339500 -2.587670 1.905504
 9533.000000 -0.938347 -2.896297 1.970952
 9534.000000 1.406366 -2.560755 1.824498
 9535.000000 0.489415 -2.854003 1.917453
 9536.000000 0.423098 2.934676 1.481648
 9537.000000 -1.116627 -2.947583 1.848322
 9538.000000 -0.859924 2.688624 1.704870
 9539.000000 -0.443652 -2.794244 1.825662
 9540.000000 0.377565 -2.666622 1.323261
 9541.000000 0.398384 3.075159 1.679613
 9542.000000 -0.325095 -2.697309 1.870529
 9543.000000 -0.457135 -2.677741 1.473659
 9544.000000 -0.604132 -2.726985 1.887368
 9545.000000 0.490040 -2.631069 1.856897
 9546.000000 -1.521804 2.548351 1.869344
 9547.000000 0.391515 -2.696334 1.896537
 9548.000000 0.158227 2.795134 1.260902
 9549.000000 0.987998 -2.771970 1.354008
 9550.000000 0.443986 2.958325 1.495059
 9551.000000 -1.448024 -3.014501 1.669808
 9552.000000 0.324984 2.706791 1.725392
 9553.000000 -1.375272 -2.802107 1.704451
 9554.000000 -1.518063 -2.379852 1.811277
 9555.000000 -0.419257 -2.570711 1.675092
 9556.000000 1.264086 -2.980078 1.896849
 9557.000000 -0.186291 2.634055 1.851475
 9558.000000 -0.218918 -2.804036 1.708908
 9559.000000 0.163702 -2.840101 1.850736
 9560.000000 -0.864429 -2.922025 1.841774
 9561.000000 0.551339 3.135728 1.906640
 9562.000000 -0.087421 2.726204 1.952148
 9563.000000 0.143708 -3.039663 1.298470
 9564.000000 -0.783474 3.130128 1.605010
 9565.000000 -1.397276 2.825667 1.841574
 9566.000000 0.161707 -2.891860 1.600084
 9567.000000 1.071947 2.955633 1.341432
 9568.000000 0.985476 -2.662979 1.614213
 9569.000000 -0.384260 -2.904650 1.937945
 9570.000000 0.269177 -2.719525 1.821148
 9571.000000 0.442529 -2.687216 1.882368
 9572.000000 -0.445059 3.071619 1.861633
 9573.000000 -0.437263 -2.893561 1.833745
 9574.000000 0.310499 -2.837071 1.812987
 9575.000000 0.271608 -2.671122 1.851190
 9576.000000 0.669071 -2.770005 1.874901
 9577.000000 0.093013 -2.725107 1.834296
 9578.000000 0.484567 -2.866154 1.923401
 9579.000000 1.250634 -2.604347 1.858005
 9580.000000 0.122826 -2.811923 1.819345
 9581.000000 0.687495 -2.786574 1.754651
 9582.000000 0.270639 -3.123016 1.587404
 9583.000000 1.630629 -2.951994 1.932388
 9584.000000 -0.237727 -3.001369 1.924828
 9585.000000 -0.231043 2.610667 1.921487
 9586.000000 0.215869 3.095951 1.931922
 9587.000000 -0.326979 3.120283 1.940285
 9588.000000 -1.500127 2.616031 1.924413
 9589.000000 -1.658866 3.134415 1.896209
 9590.000000 -1.482831 -2.847023 1.835951
 9591.000000 -0.617874 -2.643552 1.785450
 9592.000000 0.696999 -2.687448 1.926887
 9593.000000 0.417331 -2.561148 1.728245
 9594.000000 -1.176906 -2.686147 1.718902
 9595.000000 0.348618 -2.716439 1.732818
 9596.000000 1.647721 -2.683269 1.614888
 9597.000000 2.170558 -2.603088 1.149071
 9598.000000 -1.468023 -2.689166 1.687144
 9599.000000 -0.886477 -2.720721 1.597578
 9600.000000 -1.225305 -2.592239 1.579749
 9601.000000 0.240348 -2.877453 1.963789
 9602.000000 -1.307464 -2.445242 1.673503
 9603.000000 -0.303100 -2.762891 1.489579
 9604.000000 1.108331 2.821250 1.862551
 9605.000000 -0.067753 -2.895458 1.769576
 9606.000000 -1.642921 2.726381 1.924765
 9607.000000 -1.947459 3.031898 1.915627
 9608.000000 -1.621991 2.638226 1.907316
 9609.000000 -1.586865 -2.329562 1.867397
 9610.000000 0.998699 -3.060392 1.946270
 9611.000000 0.152762 -2.615460 1.908643
 9612.000000 0.438418 -2.592435 1.872054
 9613.000000 1.255695 -3.037135 1.824679
 9614.000000 0.284002 -3.104503 1.884652
 9615.000000 1.345570 -3.097948 1.882036
 9616.000000 1.538264 -2.790741 1.847557
 9617.000000 -0.441381 -3.006593 1.832220
 9618.000000 0.605295 2.909650 1.895204
 9619.000000 -0.459910 2.684291 1.924262
 9620.000000 -1.216660 2.821154 1.926777
 9621.000000 -0.468153 -2.701507 1.946537
 9622.000000 0.297818 -3.051797 1.851448
 9623.000000 -0.484112 2.920076 1.963842
 9624.000000 0.437221 3.113728 1.924898
 9625.000000 1.577882 -2.707521 1.831073
 9626.000000 1.325994 -2.747661 1.815559
 9627.000000 -0.452874 -2.682230 1.799823
 9628.000000 0.134533 -2.156559 1.725806
 9629.000000 0.414065 2.867519 1.835767
 9630.000000 -0.402804 -2.561768 1.851877
 9631.000000 -0.106040 -2.722959 1.373281
 9632.000000 1.492311 -2.969649 1.794331
 9633.000000 -0.648485 -3.134394 1.856710
 9634.000000 0.437572 2.581372 1.809285
 9635.000000 0.972561 2.968086 1.890843
 9636.000000 -0.012815 -2.964342 1.797297
 9637.000000 0.164326 -2.283297 1.977507
 9638.000000 -0.503502 -2.720650 1.558044
 9639.000000 0.119738 -1.996125 1.789984
 9640.000000 0.316043 -2.212086 1.873794
 9641.000000 0.240962 -2.631431 1.894115
 9642.000000 -0.226619 -1.918695 1.917317
 9643.000000 0.368647 -2.013898 1.719544
 9644.000000 0.251884 -2.406942 1.801107
 9645.000000 0.344080 -2.297335 1.914566
 9646.000000 0.220631 -2.594218 1.910793
 9647.000000 0.179538 -2.429247 1.915231
 9648.000000 0.220147 -2.006451 1.968023
 9649.000000 0.488786 -2.055052 1.894560
 9650.000000 0.234250 -2.655928 1.945533
 9651.000000 0.354036 -2.303217 1.888150
 9652.000000 0.222523 -2.376960 1.913627
 9653.000000 0.362870 -2.105233 1.970951
 9654.000000 0.219974 -2.237679 1.961112
 9655.000000 0.237781 -2.207207 1.972436
 9656.000000 0.255367 -2.029445 1.915072
 9657.000000 0.190182 -1.956814 1.916763
 9658.000000 0.266297 -2.319546 1.939713
 9659.000000 0.152890 -2.565261 1.985397
 9660.000000 0.033587 -1.960269 1.972282
 9661.000000 0.295708 -3.110442 1.933052
 9662.000000 0.373008 -2.168416 1.963853
 9663.000000 0.291465 -2.093443 1.966613
 9664.000000 0.175511 -2.428957 1.985278
 9665.000000 0.251773 -1.811712 1.986530
 9666.000000 0.341461 -2.420941 1.983273
 9667.000000 0.219510 -2.705818 1.991192
 9668.000000 0.310676 -2.498322 1.936850
 9669.000000 0.659005 -2.105212 1.956091
 9670.000000 0.396555 -2.050150 1.991778
 9671.000000 0.248991 -1.923243 1.976211
 9672.000000 0.221290 -2.426921 1.898741
 9673.000000 0.371802 -2.712627 1.883691
 9674.000000 0.262166 -2.345190 1.946524
 9675.000000 0.023874 -1.858735 1.964006
 9676.000000 0.240745 -1.874321 1.862571
 9677.000000 -1.445471 -2.553756 1.893425
 9678.000000 0.271563 -2.619317 1.815225
 9679.000000 -0.333083 -2.604843 1.850231
 9680.000000 0.177627 -3.072713 1.863734
 9681.000000 -0.055317 -2.612494 1.852320
 9682.000000 -1.755805 3.078395 1.858236
 9683.000000 -0.515782 -2.973098 1.923583
 9684.000000 0.425927 -2.536116 1.835548
 9685.000000 -0.508110 2.881399 1.856900
 9686.000000 -0.356416 -2.938228 1.949374
 9687.000000 -0.386996 -2.895981 1.866852
 9688.000000 0.441626 -2.176920 1.517568
 9689.000000 0.377908 -2.852674 1.799266
 9690.000000 0.142752 -2.801757 1.571710
 9691.000000 0.414266 -2.827562 1.775133
 9692.000000 0.308647 -2.858276 1.882103
 9693.000000 0.284956 -1.796470 1.671184
 9694.000000 -0.276169 -2.767858 1.808050
 9695.000000 0.123290 -2.933740 1.790340
 9696.000000 1.466895 -2.142782 1.780467
 9697.000000 0.328653 -1.439935 1.623196
 9698.000000 -0.280742 3.101855 1.739210
 9699.000000 0.949948 2.995607 1.825008
 9700.000000 1.474328 2.919218 1.886524
 9701.000000 -0.346334 -2.763790 1.867425
 9702.000000 -0.431744 -2.781776 1.650393
 9703.000000 0.549055 -2.668759 1.682559
 9704.000000 -1.303300 2.732480 1.766576
 9705.000000 0.436084 -2.305756 1.930825
 9706.000000 1.059908 3.076428 1.925149
 9707.000000 1.194950 -2.720391 1.792733
 9708.000000 0.453301 -1.744104 1.908287
 9709.000000 0.428181 -2.462216 1.798954
 9710.000000 0.361522 -2.625435 1.956474
 9711.000000 0.291131 -2.498928 1.781469
 9712.000000 0.256223 -2.842611 1.914779
 9713.000000 -1.254395 -2.041123 1.675409
 9714.000000 -1.261525 -2.606578 1.020573
 9715.000000 -0.898519 2.817703 1.862359
 9716.000000 0.437127 -2.910983 1.820291
 9717.000000 0.125744 -2.217134 1.640608
 9718.000000 0.285154 -2.576468 1.919352
 9719.000000 -1.293049 2.970345 1.921411
 9720.000000 0.951878 2.740439 1.953549
 9721.000000 -1.377012 2.548439 1.949894
 9722.000000 -0.442207 2.624282 1.872930
 9723.000000 1.696448 2.986056 1.925818
 9724.000000 1.338309 -3.065928 1.903416
 9725.000000 -0.320917 2.648869 1.899544
 9726.000000 1.377321 -3.052791 1.950004
 9727.000000 0.130151 2.508449 1.876447
 9728.000000 -0.507782 2.603596 1.893736
 9729.000000 0.332172 -2.886244 1.836790
 9730.000000 0.376560 -2.360849 1.669032
 9731.000000 -1.238941 -3.098645 1.662317
 9732.000000 -0.469629 -2.901125 1.306108
 9733.000000 0.555039 -2.855593 1.809864
 9734.000000 -1.625950 -2.589895 1.896727
 9735.000000 0.459546 -2.663784 1.892203
 9736.000000 -1.198178 -2.771699 1.856657
 9737.000000 -1.439551 -2.599556 1.921735
 9738.000000 -1.221286 -2.725302 1.942437
 9739.000000 1.301523 -2.639688 1.917360
 9740.000000 -0.743501 -2.991273 1.823703
 9741.000000 -0.498510 -2.760944 1.953766
 9742.000000 0.404955 -2.982730 1.920942
 9743.000000 -0.019018 -2.644417 1.921527
 9744.000000 -1.335502 -3.061740 1.936797
 9745.000000 0.392625 -2.356448 1.916283
 9746.000000 0.058024 -2.958412 1.895909
 9747.000000 -0.162180 -2.565726 1.943981
 9748.000000 1.040558 -2.472616 1.925153
 9749.000000 -0.240372 -2.760393 1.910539
 9750.000000 1.211674 -2.796053 1.947055
 9751.000000 0.265955 -2.803875 1.767231
 9752.000000 0.301074 -2.257964 1.800163
 9753.000000 0.241782 -2.520739 1.224424
 9754.000000 0.275808 -2.461154 1.807731
 9755.000000 -0.700140 -3.022941 1.763595
 9756.000000 0.263839 -2.685195 1.612988
 9757.000000 -1.428089 -2.934260 1.801882
 9758.000000 -0.308422 2.864888 1.766407
 9759.000000 -1.302287 -2.471694 1.422366
 9760.000000 0.321337 -2.347573 1.881625
 9761.000000 0.169374 -2.225100 1.958412
 9762.000000 -0.220071 -2.841390 1.825346
 9763.000000 0.321680 -2.100642 1.986586
 9764.000000 -0.201554 -2.680227 1.565849
 9765.000000 -0.515779 -2.660880 1.951098
 9766.000000 0.439448 -2.677611 1.800307
 9767.000000 0.333391 -2.847741 1.668808
 9768.000000 -1.665708 -1.899324 0.824543
 9769.000000 -0.459822 -3.089534 1.857669
 9770.000000 1.366584 2.796912 1.679835
 9771.000000 0.389934 -2.987839 1.614405
 9772.000000 0.016087 -2.090683 1.628718
 9773.000000 1.518852 -2.632709 1.761770
 9774.000000 -0.431292 -2.555859 1.248932
 9775.000000 -0.314802 -2.278804 1.865422
 9776.000000 0.383754 -2.658030 1.832391
 9777.000000 0.357741 -2.060757 1.004171
 9778.000000 0.272921 -2.504239 1.543752
 9779.000000 0.263542 -2.467142 1.824726
 9780.000000 -0.768900 2.865835 1.661863
 9781.000000 -1.506567 -2.106436 1.869831
 9782.000000 0.210189 -2.986324 1.853745
 9783.000000 1.113339 2.726572 1.724051
 9784.000000 -0.242609 -1.992804 1.883665
 9785.000000 0.367482 3.064593 1.604353
 9786.000000 0.363670 3.045521 1.851361
 9787.000000 -0.375695 -2.423736 1.804029
 9788.000000 1.039377 -2.852312 1.220836
 9789.000000 0.246898 -2.711718 1.928351
 9790.000000 0.401510 -2.904251 1.562705
 9791.000000 -0.509098 -2.774330 1.266180
 9792.000000 0.404556 2.825983 1.711458
 9793.000000 0.413126 -2.847793 1.930921
 9794.000000 -1.319630 3.061175 1.770277
 9795.000000 -0.399041 -2.950000 1.277449
 9796.000000 -0.342053 -2.911800 1.874684
 9797.000000 0.376767 3.095779 1.853769
 9798.000000 0.427446 2.949274 1.831527
 9799.000000 0.437044 -2.411291 1.842991
 9800.000000 -1.390714 2.709043 1.208964
 9801.000000 0.017214 -3.140482 1.476320
 9802.000000 -0.018142 -2.841399 1.674778
 9803.000000 0.772738 -2.282757 1.844426
 9804.000000 1.137010 -1.976167 1.952017
 9805.000000 -0.375314 2.340007 1.549455
 9806.000000 -0.434224 -2.694076 1.877479
 9807.000000 -0.249352 -2.674300 1.935823
 9808.000000 -0.568369 -2.751876 1.796030
 9809.000000 0.311243 -1.557942 1.416179
 9810.000000 0.467765 2.712760 1.495455
 9811.000000 0.449226 2.920818 0.930674
 9812.000000 0.866245 2.595728 1.893366
 9813.000000 -0.343780 2.755472 1.912678
 9814.000000 -0.319776 2.790862 1.939413
 9815.000000 1.106020 2.890809 1.931028
 9816.000000 -0.193074 -2.489246 1.944122
 9817.000000 0.994074 2.783114 1.913648
 9818.000000 1.586972 2.901734 1.908673
 9819.000000 -0.402885 2.607161 1.971376
 9820.000000 1.080775 -3.029909 1.921168
 9821.000000 -0.529278 -2.517989 1.699007
 9822.000000 -0.401630 -2.179427 1.925525
 9823.000000 -0.432767 -2.504051 1.808496
 9824.000000 -0.290007 -2.600154 1.771014
 9825.000000 -0.580253 -2.992459 1.862726
 9826.000000 0.428014 2.749571 1.825300
 9827.000000 0.470078 2.737659 1.898274
 9828.000000 0.508131 -3.043908 1.590620
 9829.000000 -1.236041 -2.901310 1.777549
 9830.000000 0.488027 2.864625 0.786174
 9831.000000 0.334159 2.468081 1.892932
 9832.000000 0.706544 -2.765833 1.448000
 9833.000000 -0.454082 -2.922021 1.854234
 9834.000000 -0.236392 -2.672720 1.908026
 9835.000000 -0.256724 -2.519259 1.897952
 9836.000000 -1.400153 -2.184911 1.537713
 9837.000000 0.197100 -2.864017 1.575146
 9838.000000 -1.406113 -2.699896 1.853615
 9839.000000 -0.605912 -2.652601 1.787388
 9840.000000 0.232281 -2.849195 1.775423
 9841.000000 0.359697 -1.975292 1.754080
 9842.000000 1.313496 -2.465493 1.497922
 9843.000000 1.046287 -2.779568 1.944915
 9844.000000 1.140405 -2.500946 1.725917
 9845.000000 1.547739 -2.549091 1.431195
 9846.000000 1.303548 -2.788556 1.495646
 9847.000000 -0.807119 -2.177441 1.921071
 9848.000000 -1.220520 -2.904948 1.978741
 9849.000000 -1.760626 -2.039918 1.943384
 9850.000000 -0.433915 -2.341983 1.336658
 9851.000000 0.448403 -2.731263 1.032475
 9852.000000 -1.829227 2.617496 1.590175
 9853.000000 0.353306 -2.910496 1.556676
 9854.000000 0.427534 -2.039833 1.939257
 9855.000000 0.411990 2.789695 1.888291
 9856.000000 -0.476774 -2.776015 1.883091
 9857.000000 0.979183 -2.880491 1.622650
 9858.000000 -0.300054 -1.934656 1.809333
 9859.000000 0.358477 3.003773 1.475853
 9860.000000 -0.355598 -2.624046 1.827669
 9861.000000 0.193100 2.490383 1.845857
 9862.000000 -0.269017 -2.275027 1.877436
 9863.000000 -0.462523 -2.764492 1.658111
 9864.000000 1.205689 -2.513652 1.457345
 9865.000000 -0.413039 -2.678567 0.758757
 9866.000000 -1.057578 -2.558744 1.769518
 9867.000000 0.447876 -2.584009 1.875268
 9868.000000 0.490671 -2.696235 1.803803
 9869.000000 0.362099 -2.886255 1.890199
 9870.000000 1.522215 -2.792748 1.738587
 9871.000000 1.255503 -2.696233 1.699764
 9872.000000 -0.216722 -3.051291 1.707421
 9873.000000 0.795794 2.741137 1.621152
 9874.000000 0.440672 2.976903 1.652778
 9875.000000 0.285244 -2.071591 1.817447
 9876.000000 0.384426 2.719223 1.732419
 9877.000000 0.362250 -2.556306 1.530046
 9878.000000 -0.017915 -2.652056 1.906325
 9879.000000 -0.463280 -2.927954 1.898349
 9880.000000 1.375587 -2.782110 1.744223
 9881.000000 -0.490281 -2.759453 1.624216
 9882.000000 0.093948 3.046111 1.802942
 9883.000000 0.421565 -2.764136 0.789570
 9884.000000 1.111040 -3.095086 1.970889
 9885.000000 0.441529 -2.460577 1.821233
 9886.000000 0.188010 -2.783030 1.593940
 9887.000000 0.248149 2.898233 1.775526
 9888.000000 1.297089 -2.718930 1.716607
 9889.000000 0.190413 -2.719869 1.349062
 9890.000000 0.472716 2.536262 1.757959
 9891.000000 1.505601 -3.043316 1.871731
 9892.000000 0.379845 3.058577 1.918199
 9893.000000 1.094020 -2.664309 1.282053
 9894.000000 -1.310460 3.020393 1.670993
 9895.000000 0.758349 3.048946 1.928954
 9896.000000 -0.608536 -2.625067 1.921318
 9897.000000 0.643447 2.715037 1.934634
 9898.000000 -1.443376 -3.101125 1.825872
 9899.000000 -1.075884 -2.994934 1.890540
 9900.000000 0.016286 -2.169471 1.887858
 9901.000000 0.293764 3.031357 1.735162
 9902.000000 0.075836 -2.279059 1.570554
 9903.000000 1.469803 -2.643314 1.896711
 9904.000000 0.174893 -2.145148 1.702205
 9905.000000 0.321534 2.949293 1.858942
 9906.000000 1.486748 -2.935055 1.677100
 9907.000000 0.076713 -2.054431 1.938010
 9908.000000 0.181068 -2.752169 1.945461
 9909.000000 0.011506 -2.296254 1.969800
 9910.000000 -0.314283 -2.601922 1.955912
 9911.000000 -0.157929 -2.121763 1.974883
 9912.000000 0.285617 -2.611702 1.971346
 9913.000000 1.264818 -2.840452 1.292274
 9914.000000 0.386635 -2.725804 1.742263
 9915.000000 0.202195 -3.123921 1.843524
 9916.000000 -0.288338 -3.068549 1.795215
 9917.000000 0.547017 -2.648015 1.724995
 9918.000000 -0.383691 2.979743 1.240780
 9919.000000 0.279516 -2.790470 1.730471
 9920.000000 0.378452 -2.281226 1.728362
 9921.000000 0.253857 -2.872178 1.799245
 9922.000000 -0.224298 -2.943574 1.854606
 9923.000000 -0.036948 -2.571785 1.824802
 9924.000000 0.283958 -2.748386 1.734926
 9925.000000 0.102733 -2.614130 1.672669
 9926.000000 0.301224 -2.413902 1.645284
 9927.000000 0.517205 -2.724422 1.740060
 9928.000000 0.335459 -1.730890 1.919839
 9929.000000 0.096485 -2.501174 1.753743
 9930.000000 0.226286 -2.325347 1.884774
 9931.000000 0.108645 -2.063160 1.962228
 9932.000000 0.108226 -2.305216 1.873676
 9933.000000 0.202018 -1.905642 1.863154
 9934.000000 0.351273 -1.945373 1.846768
 9935.000000 0.506062 -2.056555 1.967466
 9936.000000 0.310724 -2.413648 1.974750
 9937.000000 0.444728 -1.575522 1.945228
 9938.000000 0.287699 -2.179375 1.867383
 9939.000000 0.265415 -2.430228 1.942286
 9940.000000 0.132900 -2.298267 1.968473
 9941.000000 0.345208 -2.655316 1.960401
 9942.000000 0.261181 -2.421161 1.975859
 9943.000000 0.299780 -2.337050 1.963130
 9944.000000 0.302385 -2.345667 1.871430
 9945.000000 0.484027 -2.573372 1.759179
 9946.000000 -0.392226 -2.732762 1.930032
 9947.000000 1.282087 -2.581490 1.900921
 9948.000000 -0.378789 -2.950334 1.849571
 9949.000000 1.181135 3.083970 1.822653
 9950.000000 1.283449 -2.838286 1.786145
 9951.000000 -1.834022 2.713749 0.732694
 9952.000000 0.326254 -2.813311 1.874827
 9953.000000 -0.206856 -2.809036 1.801069
 9954.000000 0.052939 -2.635696 1.757681
 9955.000000 0.288927 -2.495604 1.682869
 9956.000000 -0.414566 -2.641848 1.776458
 9957.000000 0.346768 -1.949626 1.959150
 9958.000000 0.347507 -2.927290 1.837502
 9959.000000 -0.332600 -2.735276 1.377563
 9960.000000 -1.572785 -2.874993 1.316605
 9961.000000 1.445047 -2.695025 1.936493
 9962.000000 0.404001 -2.248531 1.831205
 9963.000000 1.573835 -2.085452 1.833563
 9964.000000 0.675151 -2.949054 1.174960
 9965.000000 -1.070594 -2.481889 1.838243
 9966.000000 0.132167 -2.571992 1.839532
 9967.000000 0.523658 -2.907021 1.581287
 9968.000000 0.518401 -2.365052 1.860386
 9969.000000 -1.102764 2.923429 1.966076
 9970.000000 -1.749684 -2.709180 1.968765
 9971.000000 0.361835 -2.818630 1.977725
 9972.000000 0.423491 2.966298 1.971026
 9973.000000 0.611454 2.477952 1.900252
 9974.000000 -1.279394 -2.220213 1.981312
 9975.000000 -0.340021 -2.979413 1.706363
 9976.000000 -1.263433 -3.131435 1.490036
 9977.000000 1.339256 -2.525853 1.745307
 9978.000000 0.415521 -2.781469 1.665369
 9979.000000 -1.071269 -2.458212 1.917998
 9980.000000 0.422123 -2.362793 1.888617
 9981.000000 0.462803 -3.016936 1.918096
 9982.000000 0.056494 2.599204 1.942939
 9983.000000 0.363162 -2.302254 1.863727
 9984.000000 -0.004527 -2.829940 1.937670
 9985.000000 0.249084 -2.951608 1.938021
 9986.000000 1.093477 -2.608704 1.871109
 9987.000000 -0.135842 -2.642969 1.755692
 9988.000000 1.152661 -2.701625 1.431746
 9989.000000 0.512207 -2.875082 1.882083
 9990.000000 -0.295668 -2.567405 1.853626
 9991.000000 0.385604 -2.779383 1.822742
 9992.000000 0.424134 -2.903206 1.889622
 9993.000000 0.150547 -3.093399 1.824470
 9994.000000 0.275031 -3.113421 1.640737
 9995.000000 -0.362498 -2.976840 1.682119
 9996.000000 1.749660 -2.667634 1.707969
 9997.000000 1.033148 -2.725266 1.744315
 9998.000000 -0.421424 -2.758438 1.896104
 9999.000000 -1.299330 2.989373 0.860681
 10000.000000 -1.075942 -2.839683 1.795020
 10001.000000 0.349042 -2.691845 1.956640
 10002.000000 0.450565 -2.236063 1.968358
 10003.000000 0.135665 2.763936 1.965316
 10004.000000 0.358293 2.994704 1.958952
 10005.000000 0.246375 -3.015988 1.957435
 10006.000000 0.353515 2.920242 1.961074
 10007.000000 0.247404 2.647326 1.969979
 10008.000000 0.298617 -2.894018 1.965448
 10009.000000 0.128004 3.037226 1.967426
 10010.000000 0.273708 2.564498 1.963113
 10011.000000 0.150630 -2.875910 1.988410
 10012.000000 0.278153 -2.601851 1.990249
 10013.000000 0.217744 -2.562186 1.992146
 10014.000000 0.229259 2.593877 1.588944
 10015.000000 0.061855 -2.531576 1.376518
 10016.000000 0.273437 -2.159919 1.753749
 10017.000000 1.391382 -2.962270 1.794680
 10018.000000 -0.583366 3.106801 1.783025
 10019.000000 0.198327 -2.898619 1.825313
 10020.000000 -0.181625 -2.701330 1.599562
 10021.000000 1.016221 2.621679 1.779125
 10022.000000 -0.429424 -2.339338 1.913967
 10023.000000 -0.311691 -2.670852 1.840019
 10024.000000 1.058518 -2.663640 1.498262
 10025.000000 1.265109 -2.732858 1.096677
 10026.000000 0.385605 -2.819406 1.146659
 10027.000000 0.319559 -2.326084 1.966225
 10028.000000 0.424722 -2.068887 1.978625
 10029.000000 0.283854 -2.814858 1.706821
 10030.000000 0.178291 -1.911392 1.874837
 10031.000000 -1.267290 -2.410813 1.471736
 10032.000000 0.362244 -2.670544 1.519606
 10033.000000 0.241120 -2.685538 1.901610
 10034.000000 1.497288 -2.652304 1.857076
 10035.000000 -1.205067 -2.884552 1.767483
 10036.000000 -0.421889 -2.538236 1.554744
 10037.000000 0.544733 2.830546 1.612054
 10038.000000 -0.544882 2.789207 1.701386
 10039.000000 0.446003 2.607750 1.888104
 10040.000000 1.117816 -2.471051 1.957523
 10041.000000 -1.335741 2.715248 1.909765
 10042.000000 -0.094144 -2.877546 1.933329
 10043.000000 1.368543 3.033619 1.925711
 10044.000000 0.377635 2.685006 1.925868
 10045.000000 1.144427 -2.966986 1.931585
 10046.000000 -0.065947 3.002120 1.910594
 10047.000000 -0.277294 -2.917532 1.356269
 10048.000000 -1.206002 -2.802848 1.903226
 10049.000000 0.380411 -2.885407 1.837129
 10050.000000 -0.297650 -2.670922 1.230395
 10051.000000 0.312408 -2.959696 1.744203
 10052.000000 -1.099895 2.856282 1.789774
 10053.000000 -1.236365 -2.885262 1.817520
 10054.000000 0.037301 -2.814594 1.116494
 10055.000000 -1.272433 -3.069902 1.855923
 10056.000000 0.335956 2.985694 1.864214
 10057.000000 -1.668476 2.786640 1.913074
 10058.000000 0.474664 -2.280701 1.703329
 10059.000000 -0.916033 -2.791039 1.790735
 10060.000000 -0.131653 -2.542871 1.640535
 10061.000000 0.259756 -2.834991 1.642160
 10062.000000 0.153488 -2.520297 1.683036
 10063.000000 1.180814 -2.756428 1.656292
 10064.000000 0.172425 -2.631336 1.616596
 10065.000000 0.077621 -2.536795 0.786090
 10066.000000 -0.260082 -3.018907 1.926415
 10067.000000 0.304232 2.853202 1.905619
 10068.000000 -1.231170 -2.772986 1.801201
 10069.000000 -1.031491 -2.899663 1.709964
 10070.000000 0.355568 -1.989896 1.736543
 10071.000000 0.300453 -2.798477 1.973284
 10072.000000 0.311550 2.700430 1.811987
 10073.000000 -1.167099 -3.020638 1.851892
 10074.000000 0.258105 -2.579410 1.844027
 10075.000000 0.139352 -2.915908 1.659424
 10076.000000 0.535509 -2.803146 1.862868
 10077.000000 0.330912 2.967437 1.423067
 10078.000000 -0.272018 -2.740314 1.754068
 10079.000000 0.068989 2.248045 1.782999
 10080.000000 -0.496227 -2.476079 1.639982
 10081.000000 -1.188012 -3.108164 1.845084
 10082.000000 -0.060787 3.045605 1.958043
 10083.000000 0.216770 -2.621075 1.482473
 10084.000000 0.366849 -2.865817 1.812767
 10085.000000 0.567430 -2.506832 1.424797
 10086.000000 -0.078987 -2.771128 1.792412
 10087.000000 0.194011 -2.933684 1.864634
 10088.000000 -1.409498 -2.691936 1.898903
 10089.000000 0.494508 2.737636 1.903967
 10090.000000 1.284692 -2.877139 1.925567
 10091.000000 -0.379090 2.671153 1.895011
 10092.000000 0.487639 -2.129021 1.833027
 10093.000000 0.226910 2.732982 1.351697
 10094.000000 1.018764 2.767721 1.859214
 10095.000000 0.463992 -2.806030 1.648682
 10096.000000 1.252633 2.610495 1.847081
 10097.000000 1.010097 -2.787521 1.677936
 10098.000000 -1.930709 -3.072723 1.802754
 10099.000000 0.346229 -2.535830 1.852364
 10100.000000 -0.444079 -2.670751 1.920025
 10101.000000 -0.193482 -2.795937 1.818389
 10102.000000 -0.362571 2.748805 1.904011
 10103.000000 -0.457189 -3.092285 1.390891
 10104.000000 0.833705 2.641742 1.748900
 10105.000000 -1.247725 -2.853765 1.918093
 10106.000000 0.469726 -2.885042 1.419578
 10107.000000 0.407784 2.975952 1.804814
 10108.000000 0.969777 -2.769538 1.465042
 10109.000000 -0.223754 -2.750185 1.738270
 10110.000000 0.397248 -2.603147 1.580554
 10111.000000 0.281565 -2.860138 1.896804
 10112.000000 -1.089510 3.101212 1.804043
 10113.000000 -2.037369 2.784435 1.662320
 10114.000000 0.418879 -3.103465 1.965586
 10115.000000 -0.439822 -3.136694 1.884371
 10116.000000 0.233940 2.839226 1.961138
 10117.000000 0.272307 2.946264 1.920961
 10118.000000 -0.119956 2.758023 1.984657
 10119.000000 0.288867 -3.097544 1.948276
 10120.000000 0.158451 3.118512 1.980504
 10121.000000 0.277020 -3.085706 1.955031
 10122.000000 0.397895 -2.764561 1.963923
 10123.000000 0.386554 3.080623 1.940345
 10124.000000 0.327735 -2.252694 1.962785
 10125.000000 0.324224 -2.787816 1.967482
 10126.000000 0.416933 -2.127747 1.960453
 10127.000000 0.150879 -2.360350 1.966971
 10128.000000 0.267920 -2.217673 1.967806
 10129.000000 0.089315 -1.307015 1.963873
 10130.000000 0.232755 -2.609218 1.982930
 10131.000000 0.311831 -2.061813 1.967582
 10132.000000 0.423297 -2.743770 1.929398
 10133.000000 0.224437 -2.021455 1.900471
 10134.000000 0.264110 -2.401822 1.933216
 10135.000000 0.463078 -1.439087 1.829800
 10136.000000 0.374835 -2.027197 1.895626
 10137.000000 0.300315 -2.110967 1.861325
 10138.000000 0.108919 -2.310620 1.943009
 10139.000000 0.413797 -2.549523 1.976943
 10140.000000 0.279788 -2.247658 1.956458
 10141.000000 0.304904 -1.965810 1.972494
 10142.000000 0.365812 -2.494878 1.955443
 10143.000000 0.420960 -2.955644 1.973249
 10144.000000 0.250520 -2.592461 1.953696
 10145.000000 0.422227 -2.745463 1.952309
 10146.000000 0.354359 -2.638433 1.962672
 10147.000000 0.369953 -2.408243 1.978461
 10148.000000 0.279367 -2.259212 1.935738
 10149.000000 0.277755 -2.652981 1.962082
 10150.000000 0.414257 -2.563537 1.961809
 10151.000000 0.337300 -2.452638 1.988396
 10152.000000 0.529208 -2.940721 1.892222
 10153.000000 0.280844 -2.381920 1.898342
 10154.000000 0.321905 -2.458838 1.930298
 10155.000000 0.378546 -2.041893 1.933373
 10156.000000 0.189567 -3.033680 1.937374
 10157.000000 0.135904 -2.354435 1.978413
 10158.000000 0.326737 -2.436523 1.894820
 10159.000000 0.154192 -2.400161 1.905996
 10160.000000 0.227146 3.078022 1.768455
 10161.000000 0.221145 -2.582223 1.827531
 10162.000000 0.050886 -2.291575 1.930349
 10163.000000 0.260975 -2.376982 1.931773
 10164.000000 0.318413 -2.240766 1.973655
 10165.000000 0.180771 -2.489628 1.982435
 10166.000000 0.297149 -2.206625 1.981462
 10167.000000 -0.095122 -2.326880 1.986528
 10168.000000 0.136933 -2.211576 1.990469
 10169.000000 0.372706 -2.005471 1.990908
 10170.000000 0.308646 -2.403216 1.990698
 10171.000000 0.295031 -2.550791 1.991372
 10172.000000 0.323462 -2.476481 1.956028
 10173.000000 0.154965 -2.798891 1.917556
 10174.000000 0.113997 -2.527541 1.904374
 10175.000000 0.339434 -3.103315 1.960704
 10176.000000 0.127440 -2.350481 1.927571
 10177.000000 0.295725 -2.647133 1.953151
 10178.000000 0.212752 -2.176200 1.882464
 10179.000000 0.310312 -2.526497 1.877798
 10180.000000 0.348404 -2.250516 1.939395
 10181.000000 0.296938 -2.484183 1.918655
 10182.000000 0.347746 -2.356095 1.915420
 10183.000000 0.088224 -2.540651 1.973546
 10184.000000 0.374907 -2.182746 1.972724
 10185.000000 0.238385 -2.616921 1.986092
 10186.000000 0.311997 -2.315655 1.989363
 10187.000000 0.310068 -1.928321 1.956864
 10188.000000 0.338650 -2.053600 1.889984
 10189.000000 0.294636 -2.603497 1.986703
 10190.000000 0.321975 -2.648791 1.984862
 10191.000000 0.253313 -2.270613 1.988810
 10192.000000 0.325887 -2.252434 1.954270
 10193.000000 -1.808584 -2.272409 1.376818
 10194.000000 0.499589 -2.022052 1.356243
 10195.000000 -1.196177 -3.136091 1.949242
 10196.000000 0.479180 -2.266850 1.761309
 10197.000000 0.359077 -1.982345 1.906533
 10198.000000 0.110714 -2.665878 1.210522
 10199.000000 1.383469 -2.562919 1.866124
 10200.000000 -0.311547 -2.917564 1.626005
 10201.000000 1.258006 -2.591297 1.869256
 10202.000000 0.721818 -2.790161 1.217691
 10203.000000 0.592471 -2.239170 1.722791
 10204.000000 1.004075 -2.470823 1.720073
 10205.000000 1.006041 -2.169470 1.886137
 10206.000000 0.921091 -2.461197 1.734444
 10207.000000 -0.455427 -1.796774 1.910955
 10208.000000 0.950098 -2.098975 1.962030
 10209.000000 0.243505 -2.234532 1.906736
 10210.000000 0.159960 -2.529006 1.965781
 10211.000000 0.051276 2.717436 1.717931
 10212.000000 -1.135635 -3.070519 1.924339
 10213.000000 0.889605 -2.715800 1.928092
 10214.000000 1.225227 -2.682888 1.911385
 10215.000000 -1.392910 -2.714027 1.955813
 10216.000000 -0.667063 -3.099150 1.888032
 10217.000000 1.207039 -3.016827 1.830159
 10218.000000 0.183223 -3.094799 1.849042
 10219.000000 0.175698 -2.670825 1.926282
 10220.000000 0.422580 -2.893473 1.948117
 10221.000000 -1.067297 -2.618894 1.822349
 10222.000000 0.344012 -3.092875 1.750915
 10223.000000 -0.396701 -2.583834 1.858816
 10224.000000 -0.031361 -2.485817 1.589069
 10225.000000 0.164304 2.901419 1.651948
 10226.000000 0.161923 -3.092007 1.595818
 10227.000000 -0.513151 -2.577893 1.786721
 10228.000000 0.320873 3.040608 1.447775
 10229.000000 1.230042 -2.224775 1.861399
 10230.000000 -1.944965 -2.895098 1.765646
 10231.000000 -0.902077 -3.080440 1.946901
 10232.000000 -1.690785 2.806997 1.667140
 10233.000000 0.364071 2.841920 1.394904
 10234.000000 1.583021 -3.057354 1.927095
 10235.000000 1.276948 3.050867 1.767188
 10236.000000 -0.454884 -3.090365 1.200944
 10237.000000 -0.328589 3.031273 1.847495
 10238.000000 -1.517295 -2.514547 1.914325
 10239.000000 0.346837 -1.995154 1.898957
 10240.000000 -1.530936 2.714532 1.820986
 10241.000000 0.422000 -2.812713 1.765268
 10242.000000 -0.533392 2.896748 1.805001
 10243.000000 0.941886 -2.633377 1.117949
 10244.000000 0.337000 -2.688624 1.744881
 10245.000000 1.056394 -2.656362 1.776049
 10246.000000 0.217218 -2.638281 1.520547
 10247.000000 0.886301 -3.100384 1.162876
 10248.000000 0.420648 2.666994 1.738766
 10249.000000 0.366888 -3.056410 1.945725
 10250.000000 0.426197 2.552451 1.787035
 10251.000000 -0.248716 2.075212 1.764526
 10252.000000 0.130742 -3.008652 1.612077
 10253.000000 -1.617486 -3.031452 1.846735
 10254.000000 0.329518 -2.618867 1.776356
 10255.000000 -0.643443 -2.716899 1.802364
 10256.000000 1.067144 2.810701 1.928364
 10257.000000 0.958044 -2.707946 1.202784
 10258.000000 -0.473719 2.769301 1.972913
 10259.000000 -0.238437 2.761279 1.925443
 10260.000000 1.314511 2.772116 1.920517
 10261.000000 1.552794 2.474051 1.985950
 10262.000000 0.451538 -2.871274 1.873651
 10263.000000 -0.513390 -2.600586 1.904085
 10264.000000 0.299303 3.110103 1.840700
 10265.000000 -0.276592 -2.977619 1.793760
 10266.000000 -0.506461 -2.826238 1.736063
 10267.000000 -0.617337 -3.072405 1.667991
 10268.000000 -0.741695 2.663061 1.838511
 10269.000000 0.470017 3.063161 1.895473
 10270.000000 0.252817 2.807534 1.647817
 10271.000000 -1.227146 -2.377473 1.679494
 10272.000000 0.505516 2.993176 1.874502
 10273.000000 0.524430 2.744996 1.787714
 10274.000000 -1.215148 2.793489 1.928380
 10275.000000 1.651902 3.092197 1.922467
 10276.000000 -0.355600 3.109416 1.870781
 10277.000000 1.247282 -2.650919 1.897082
 10278.000000 -0.606889 -2.761545 1.705079
 10279.000000 0.533350 -2.730845 1.790809
 10280.000000 -0.412979 -2.686517 1.860472
 10281.000000 0.358279 -2.708422 1.858501
 10282.000000 0.286700 -2.751280 1.851788
 10283.000000 0.415201 -2.861558 1.827786
 10284.000000 -0.344938 -2.820152 1.854918
 10285.000000 0.433503 -1.939196 1.790896
 10286.000000 0.817053 -2.511508 1.130181
 10287.000000 0.324219 -2.971568 1.447072
 10288.000000 1.118980 -2.689026 1.627720
 10289.000000 0.139000 -3.028153 1.671607
 10290.000000 0.185063 -2.940546 1.788827
 10291.000000 -1.639946 -3.053475 1.696107
 10292.000000 1.540784 2.841596 1.929542
 10293.000000 -1.370453 -2.866506 1.947989
 10294.000000 0.259105 -2.966674 1.927935
 10295.000000 -1.267688 -3.115519 1.820580
 10296.000000 -0.279812 2.953128 1.985792
 10297.000000 -0.401611 -2.719821 1.252167
 10298.000000 0.278171 2.712355 1.684727
 10299.000000 0.445166 3.071992 1.751971
 10300.000000 -0.295691 -2.745116 1.782135
 10301.000000 -0.604830 -2.805253 1.810214
 10302.000000 0.421628 -2.735661 1.845640
 10303.000000 0.150905 3.051277 1.334605
 10304.000000 0.330949 -2.336331 1.508532
 10305.000000 -0.372183 -3.039520 1.709240
 10306.000000 1.394468 -2.758094 1.441566
 10307.000000 -0.366345 -2.432057 1.965463
 10308.000000 -0.311413 -2.284691 1.933670
 10309.000000 -1.343093 -2.585400 1.535909
 10310.000000 0.313267 3.039673 1.965744
 10311.000000 0.495823 -1.962076 1.941146
 10312.000000 0.177202 -1.902200 1.935824
 10313.000000 0.261296 -2.274215 1.964870
 10314.000000 0.518210 -2.084409 1.963093
 10315.000000 0.333427 -2.195668 1.988684
 10316.000000 0.347716 -2.093675 1.990454
 10317.000000 0.119310 -2.359275 1.988307
 10318.000000 0.256393 -2.679765 1.976905
 10319.000000 0.170276 -2.572402 1.937988
 10320.000000 0.110047 -2.902829 1.957961
 10321.000000 0.206601 -3.038026 1.927712
 10322.000000 -1.425224 -2.814865 1.929704
 10323.000000 0.412960 -2.629570 1.941938
 10324.000000 0.457411 -2.246672 1.961439
 10325.000000 -0.866425 -3.044694 1.950647
 10326.000000 0.426522 2.429439 1.927939
 10327.000000 0.337137 -2.567821 1.942205
 10328.000000 1.228621 -2.291309 1.910308
 10329.000000 -1.168835 -2.764553 1.919103
 10330.000000 -0.337229 2.698735 1.968463
 10331.000000 -0.378129 2.737067 1.972801
 10332.000000 1.466387 -3.080653 1.975865
 10333.000000 -0.362766 2.809597 1.970333
 10334.000000 -0.222091 2.765295 1.973969
 10335.000000 1.106045 2.866531 1.976252
 10336.000000 -0.208748 2.672088 1.979456
 10337.000000 -0.290040 3.138088 1.986372
 10338.000000 -0.333635 2.853455 1.970491
 10339.000000 -0.291264 -2.918037 1.979120
 10340.000000 -0.364218 2.941495 1.982087
 10341.000000 -0.408539 2.944835 1.973901
 10342.000000 -0.133312 2.316612 1.976895
 10343.000000 -0.280944 2.562153 1.981200
 10344.000000 -0.372376 2.689110 1.973007
 10345.000000 -0.035513 2.415039 1.962400
 10346.000000 -0.349832 2.670839 1.974702
 10347.000000 1.547894 -2.835444 1.977727
 10348.000000 1.542596 2.635667 1.972257
 10349.000000 -0.377672 2.759490 1.965015
 10350.000000 -0.349602 -3.025958 1.981535
 10351.000000 -0.448045 2.663147 1.979408
 10352.000000 -0.365863 2.596796 1.977861
 10353.000000 -0.259659 2.964999 1.978482
 10354.000000 -0.328403 3.105355 1.976411
 10355.000000 -0.378830 -2.844593 1.977921
 10356.000000 -0.355446 2.971016 1.979657
 10357.000000 1.336196 3.093290 1.979727
 10358.000000 -0.427524 2.788396 1.977008
 10359.000000 -0.418142 3.083400 1.979263
 10360.000000 -0.317682 2.653889 1.981663
 10361.000000 -0.485741 -2.984588 1.981768
 10362.000000 -0.353184 2.814105 1.980088
 10363.000000 -0.372469 2.743943 1.971049
 10364.000000 0.048213 2.390999 1.979464
 10365.000000 1.596229 2.675440 1.966815
 10366.000000 -0.312582 2.927057 1.970621
 10367.000000 -0.422250 2.787821 1.973255
 10368.000000 -0.381111 3.090827 1.978686
 10369.000000 -0.444073 3.137642 1.975866
 10370.000000 -0.215252 2.933291 1.974425
 10371.000000 1.148309 3.097217 1.978457
 10372.000000 1.458326 3.042031 1.978830
 10373.000000 -0.406794 2.994381 1.978965
 10374.000000 2.118486 2.532107 1.979714
 10375.000000 -0.481569 2.791808 1.979907
 10376.000000 -0.394026 2.849798 1.972364
 10377.000000 -0.376847 2.845202 1.977094
 10378.000000 -0.226577 2.710589 1.976590
 10379.000000 1.080511 2.846509 1.964255
 10380.000000 -0.346348 2.377695 1.976633
 10381.000000 -0.421741 2.684140 1.975728
 10382.000000 1.032026 -3.105991 1.976123
 10383.000000 -0.278540 2.782968 1.976189
 10384.000000 -0.425636 3.026508 1.970991
 10385.000000 -0.123536 3.042019 1.977769
 10386.000000 0.926206 2.657615 1.968199
 10387.000000 0.825691 3.029060 1.969976
 10388.000000 1.155330 2.514308 1.973299
 10389.000000 1.229406 2.805193 1.977128
 10390.000000 0.642358 2.687317 1.967931
 10391.000000 -0.176973 2.744589 1.976890
 10392.000000 -0.359668 -3.001614 1.972726
 10393.000000 -0.316047 2.685985 1.979001
 10394.000000 -0.392106 2.746084 1.969704
 10395.000000 1.886065 1.935348 1.978229
 10396.000000 -0.235002 2.670605 1.978489
 10397.000000 -0.452794 3.129814 1.975327
 10398.000000 -0.319411 3.124549 1.978380
 10399.000000 1.379949 2.432108 1.979024
 10400.000000 0.694456 -3.043060 1.974725
 10401.000000 -0.293994 2.969117 1.979757
 10402.000000 1.904432 2.702332 1.977679
 10403.000000 1.151811 3.016897 1.975542
 10404.000000 -0.391260 2.777439 1.978609
 10405.000000 1.100311 2.975507 1.980253
 10406.000000 -0.479721 2.663489 1.968935
 10407.000000 -0.109213 3.010749 1.988111
 10408.000000 -0.377008 -3.063060 1.977927
 10409.000000 1.286175 2.977741 1.976210
 10410.000000 -0.288782 2.778777 1.974788
 10411.000000 -0.277859 2.616767 1.975027
 10412.000000 -0.334860 2.664713 1.976635
 10413.000000 1.155111 2.898381 1.976507
 10414.000000 1.169861 2.997178 1.973060
 10415.000000 -0.219986 2.862621 1.980132
 10416.000000 0.012624 2.819599 1.971879
 10417.000000 -0.559501 2.766726 1.976592
 10418.000000 1.107268 3.118931 1.976831
 10419.000000 -0.370521 -3.041810 1.976938
 10420.000000 -0.383276 -3.051703 1.975703
 10421.000000 -0.355637 2.637727 1.971337
 10422.000000 -0.314161 2.933997 1.974381
 10423.000000 -0.710898 -2.961400 1.983345
 10424.000000 -0.380392 2.687835 1.975398
 10425.000000 0.862159 2.493634 1.971082
 10426.000000 -0.235501 2.621545 1.979660
 10427.000000 1.521067 -3.053225 1.973850
 10428.000000 1.240572 -2.994202 1.977229
 10429.000000 -0.531638 2.916983 1.975208
 10430.000000 0.954276 2.414793 1.974733
 10431.000000 1.607026 2.792542 1.981191
 10432.000000 -0.473937 2.924248 1.977327
 10433.000000 -0.394228 2.796834 1.974963
 10434.000000 -0.535147 -3.082386 1.978378
 10435.000000 -0.256838 2.522000 1.978526
 10436.000000 1.195178 2.547083 1.974585
 10437.000000 -0.197014 3.005459 1.978235
 10438.000000 -0.356961 2.788982 1.979554
 10439.000000 1.126189 -2.862672 1.977276
